user_id,date,category,goal,day_of_week,is_weekend,target_hour,difficulty,user_confidence,past_success_rate,current_streak,previous_attempts,success,source
1503960366,2016-04-12,exercise,15,1,0,22,1,0.74,0.41,0,0,1,fitbit
1503960366,2016-04-13,exercise,60,2,0,22,5,0.49,0.508,1,1,0,fitbit
1503960366,2016-04-14,exercise,45,3,0,22,4,0.49,0.436,0,2,0,fitbit
1503960366,2016-04-15,exercise,30,4,0,22,2,0.61,0.381,0,3,1,fitbit
1503960366,2016-04-16,exercise,30,5,1,22,2,0.7,0.45,1,4,1,fitbit
1503960366,2016-04-17,exercise,60,6,1,22,5,0.19,0.505,2,5,0,fitbit
1503960366,2016-04-18,exercise,15,0,0,22,1,0.68,0.459,0,6,1,fitbit
1503960366,2016-04-19,exercise,45,1,0,22,3,0.34,0.504,1,7,1,fitbit
1503960366,2016-04-20,exercise,15,2,0,22,1,0.81,0.542,2,8,1,fitbit
1503960366,2016-04-21,exercise,15,3,0,22,1,0.83,0.575,3,9,1,fitbit
1503960366,2016-04-22,exercise,45,4,0,22,3,0.83,0.603,4,10,1,fitbit
1503960366,2016-04-23,exercise,60,5,1,22,5,0.71,0.628,5,11,1,fitbit
1503960366,2016-04-24,exercise,45,6,1,22,2,0.85,0.65,6,12,0,fitbit
1503960366,2016-04-25,exercise,60,0,0,22,5,0.49,0.614,0,13,1,fitbit
1503960366,2016-04-26,exercise,45,1,0,22,2,0.87,0.634,1,14,1,fitbit
1503960366,2016-04-27,exercise,60,2,0,22,4,0.61,0.653,2,15,1,fitbit
1503960366,2016-04-28,exercise,45,3,0,22,2,0.85,0.669,3,16,1,fitbit
1503960366,2016-04-29,exercise,15,4,0,22,1,0.95,0.684,4,17,1,fitbit
1503960366,2016-04-30,exercise,60,5,1,22,3,0.73,0.698,5,18,1,fitbit
1503960366,2016-05-01,exercise,30,6,1,22,1,0.95,0.71,6,19,1,fitbit
1503960366,2016-05-02,exercise,45,0,0,22,2,0.95,0.722,7,20,1,fitbit
1503960366,2016-05-03,exercise,30,1,0,22,1,0.88,0.733,8,21,1,fitbit
1503960366,2016-05-04,exercise,15,2,0,22,1,0.95,0.743,9,22,1,fitbit
1503960366,2016-05-05,exercise,60,3,0,22,3,0.94,0.752,10,23,1,fitbit
1503960366,2016-05-06,exercise,60,4,0,22,3,0.87,0.76,11,24,0,fitbit
1503960366,2016-05-07,exercise,45,5,1,22,2,0.82,0.735,0,25,1,fitbit
1503960366,2016-05-08,exercise,30,6,1,22,1,0.9,0.744,1,26,1,fitbit
1503960366,2016-05-09,exercise,60,0,0,22,3,0.79,0.752,2,27,0,fitbit
1503960366,2016-05-10,exercise,45,1,0,22,2,0.95,0.729,0,28,1,fitbit
1503960366,2016-05-11,exercise,30,2,0,22,1,0.88,0.737,1,29,1,fitbit
1503960366,2016-04-12,sleep,360,1,0,8,2,0.53,0.567,0,0,0,fitbit
1503960366,2016-04-13,sleep,360,2,0,8,4,0.58,0.473,0,1,1,fitbit
1503960366,2016-04-15,sleep,480,4,0,8,5,0.71,0.548,1,2,0,fitbit
1503960366,2016-04-16,sleep,480,5,1,8,4,0.67,0.479,0,3,0,fitbit
1503960366,2016-04-17,sleep,480,6,1,8,5,0.17,0.426,0,4,1,fitbit
1503960366,2016-04-19,sleep,480,1,0,8,4,0.59,0.484,1,5,0,fitbit
1503960366,2016-04-20,sleep,360,2,0,8,3,0.71,0.44,0,6,1,fitbit
1503960366,2016-04-21,sleep,480,3,0,8,5,0.37,0.486,1,7,0,fitbit
1503960366,2016-04-23,sleep,480,5,1,8,5,0.4,0.449,0,8,0,fitbit
1503960366,2016-04-24,sleep,480,6,1,8,5,0.12,0.417,0,9,0,fitbit
1503960366,2016-04-25,sleep,480,0,0,8,5,0.36,0.389,0,10,0,fitbit
1503960366,2016-04-26,sleep,480,1,0,8,5,0.18,0.365,0,11,0,fitbit
1503960366,2016-04-28,sleep,420,3,0,8,4,0.39,0.343,0,12,0,fitbit
1503960366,2016-04-29,sleep,360,4,0,8,3,0.24,0.324,0,13,0,fitbit
1503960366,2016-04-30,sleep,420,5,1,8,4,0.39,0.307,0,14,0,fitbit
1503960366,2016-05-01,sleep,360,6,1,8,3,0.51,0.292,0,15,1,fitbit
1503960366,2016-05-02,sleep,360,0,0,8,3,0.33,0.325,1,16,0,fitbit
1503960366,2016-05-03,sleep,360,1,0,8,3,0.27,0.311,0,17,0,fitbit
1503960366,2016-05-05,sleep,480,3,0,8,5,0.05,0.297,0,18,0,fitbit
1503960366,2016-05-06,sleep,420,4,0,8,4,0.27,0.285,0,19,0,fitbit
1503960366,2016-05-07,sleep,420,5,1,8,4,0.22,0.273,0,20,0,fitbit
1503960366,2016-05-08,sleep,480,6,1,8,5,0.05,0.263,0,21,1,fitbit
1503960366,2016-05-09,sleep,420,0,0,8,4,0.36,0.29,1,22,0,fitbit
1503960366,2016-05-10,sleep,420,1,0,8,4,0.25,0.28,0,23,0,fitbit
1503960366,2016-05-11,sleep,360,2,0,8,3,0.24,0.27,0,24,0,fitbit
1503960366,2016-04-12,steps,7500,1,0,22,3,0.61,0.461,0,0,1,fitbit
1503960366,2016-04-13,steps,5000,2,0,22,1,0.68,0.551,1,1,1,fitbit
1503960366,2016-04-14,steps,12500,3,0,22,3,0.79,0.615,2,2,0,fitbit
1503960366,2016-04-15,steps,10000,4,0,22,3,0.75,0.538,0,3,0,fitbit
1503960366,2016-04-16,steps,5000,5,1,22,1,0.75,0.479,0,4,1,fitbit
1503960366,2016-04-17,steps,5000,6,1,22,1,0.42,0.531,1,5,1,fitbit
1503960366,2016-04-18,steps,10000,0,0,22,3,0.52,0.573,2,6,1,fitbit
1503960366,2016-04-19,steps,10000,1,0,22,3,0.94,0.609,3,7,1,fitbit
1503960366,2016-04-20,steps,12500,2,0,22,3,0.67,0.639,4,8,0,fitbit
1503960366,2016-04-21,steps,7500,3,0,22,1,0.61,0.593,0,9,1,fitbit
1503960366,2016-04-22,steps,12500,4,0,22,4,0.79,0.62,1,10,1,fitbit
1503960366,2016-04-23,steps,7500,5,1,22,1,0.91,0.644,2,11,1,fitbit
1503960366,2016-04-24,steps,12500,6,1,22,3,0.9,0.665,3,12,0,fitbit
1503960366,2016-04-25,steps,5000,0,0,22,1,0.92,0.628,0,13,1,fitbit
1503960366,2016-04-26,steps,5000,1,0,22,1,0.95,0.648,1,14,1,fitbit
1503960366,2016-04-27,steps,5000,2,0,22,1,0.95,0.665,2,15,1,fitbit
1503960366,2016-04-28,steps,7500,3,0,22,1,0.95,0.681,3,16,1,fitbit
1503960366,2016-04-29,steps,12500,4,0,22,3,0.95,0.696,4,17,0,fitbit
1503960366,2016-04-30,steps,5000,5,1,22,1,0.95,0.666,0,18,1,fitbit
1503960366,2016-05-01,steps,7500,6,1,22,1,0.75,0.679,1,19,1,fitbit
1503960366,2016-05-02,steps,5000,0,0,22,1,0.95,0.692,2,20,1,fitbit
1503960366,2016-05-03,steps,12500,1,0,22,3,0.94,0.704,3,21,1,fitbit
1503960366,2016-05-04,steps,10000,2,0,22,2,0.95,0.715,4,22,1,fitbit
1503960366,2016-05-05,steps,12500,3,0,22,3,0.77,0.725,5,23,1,fitbit
1503960366,2016-05-06,steps,10000,4,0,22,2,0.95,0.735,6,24,1,fitbit
1503960366,2016-05-07,steps,10000,5,1,22,2,0.95,0.744,7,25,1,fitbit
1503960366,2016-05-08,steps,12500,6,1,22,3,0.95,0.752,8,26,0,fitbit
1503960366,2016-05-09,steps,5000,0,0,22,1,0.9,0.728,0,27,1,fitbit
1503960366,2016-05-10,steps,12500,1,0,22,3,0.78,0.737,1,28,0,fitbit
1503960366,2016-05-11,steps,10000,2,0,22,2,0.86,0.715,0,29,1,fitbit
1624580081,2016-04-12,exercise,30,1,0,22,4,0.48,0.41,0,0,0,fitbit
1624580081,2016-04-13,exercise,15,2,0,22,5,0.13,0.342,0,1,0,fitbit
1624580081,2016-04-14,exercise,15,3,0,22,5,0.21,0.293,0,2,0,fitbit
1624580081,2016-04-15,exercise,45,4,0,22,5,0.21,0.256,0,3,0,fitbit
1624580081,2016-04-16,exercise,60,5,1,22,5,0.46,0.228,0,4,0,fitbit
1624580081,2016-04-17,exercise,15,6,1,22,5,0.05,0.205,0,5,1,fitbit
1624580081,2016-04-18,exercise,60,0,0,22,5,0.39,0.277,1,6,0,fitbit
1624580081,2016-04-19,exercise,60,1,0,22,5,0.21,0.254,0,7,0,fitbit
1624580081,2016-04-20,exercise,30,2,0,22,5,0.22,0.235,0,8,0,fitbit
1624580081,2016-04-21,exercise,45,3,0,22,5,0.17,0.218,0,9,0,fitbit
1624580081,2016-04-22,exercise,15,4,0,22,5,0.2,0.203,0,10,0,fitbit
1624580081,2016-04-23,exercise,60,5,1,22,5,0.11,0.191,0,11,0,fitbit
1624580081,2016-04-24,exercise,45,6,1,22,5,0.29,0.179,0,12,0,fitbit
1624580081,2016-04-25,exercise,30,0,0,22,5,0.05,0.169,0,13,0,fitbit
1624580081,2016-04-26,exercise,15,1,0,22,5,0.24,0.161,0,14,0,fitbit
1624580081,2016-04-27,exercise,60,2,0,22,5,0.05,0.153,0,15,0,fitbit
1624580081,2016-04-28,exercise,30,3,0,22,5,0.08,0.145,0,16,0,fitbit
1624580081,2016-04-29,exercise,60,4,0,22,5,0.05,0.139,0,17,0,fitbit
1624580081,2016-04-30,exercise,45,5,1,22,5,0.13,0.133,0,18,0,fitbit
1624580081,2016-05-01,exercise,60,6,1,22,5,0.24,0.127,0,19,1,fitbit
1624580081,2016-05-02,exercise,60,0,0,22,5,0.09,0.162,1,20,0,fitbit
1624580081,2016-05-03,exercise,15,1,0,22,5,0.07,0.156,0,21,0,fitbit
1624580081,2016-05-04,exercise,30,2,0,22,5,0.05,0.15,0,22,0,fitbit
1624580081,2016-05-05,exercise,30,3,0,22,5,0.06,0.145,0,23,0,fitbit
1624580081,2016-05-06,exercise,30,4,0,22,5,0.05,0.14,0,24,0,fitbit
1624580081,2016-05-07,exercise,15,5,1,22,5,0.05,0.135,0,25,0,fitbit
1624580081,2016-05-08,exercise,45,6,1,22,5,0.1,0.131,0,26,0,fitbit
1624580081,2016-05-09,exercise,15,0,0,22,5,0.23,0.127,0,27,0,fitbit
1624580081,2016-05-10,exercise,45,1,0,22,5,0.4,0.123,0,28,0,fitbit
1624580081,2016-05-11,exercise,45,2,0,22,5,0.05,0.119,0,29,0,fitbit
1624580081,2016-05-12,exercise,60,3,0,22,5,0.23,0.116,0,30,0,fitbit
1624580081,2016-04-12,steps,10000,1,0,22,4,0.42,0.461,0,0,0,fitbit
1624580081,2016-04-13,steps,7500,2,0,22,3,0.38,0.385,0,1,0,fitbit
1624580081,2016-04-14,steps,12500,3,0,22,5,0.05,0.33,0,2,0,fitbit
1624580081,2016-04-15,steps,7500,4,0,22,3,0.34,0.288,0,3,0,fitbit
1624580081,2016-04-16,steps,5000,5,1,22,1,0.56,0.256,0,4,1,fitbit
1624580081,2016-04-17,steps,12500,6,1,22,5,0.21,0.331,1,5,0,fitbit
1624580081,2016-04-18,steps,5000,0,0,22,2,0.71,0.301,0,6,1,fitbit
1624580081,2016-04-19,steps,5000,1,0,22,2,0.54,0.359,1,7,0,fitbit
1624580081,2016-04-20,steps,10000,2,0,22,5,0.43,0.331,0,8,0,fitbit
1624580081,2016-04-21,steps,5000,3,0,22,2,0.52,0.308,0,9,1,fitbit
1624580081,2016-04-22,steps,12500,4,0,22,5,0.39,0.354,1,10,0,fitbit
1624580081,2016-04-23,steps,7500,5,1,22,4,0.39,0.332,0,11,1,fitbit
1624580081,2016-04-24,steps,5000,6,1,22,2,0.72,0.371,1,12,1,fitbit
1624580081,2016-04-25,steps,12500,0,0,22,5,0.35,0.406,2,13,0,fitbit
1624580081,2016-04-26,steps,10000,1,0,22,5,0.38,0.385,0,14,0,fitbit
1624580081,2016-04-27,steps,7500,2,0,22,4,0.43,0.365,0,15,1,fitbit
1624580081,2016-04-28,steps,10000,3,0,22,5,0.3,0.396,1,16,0,fitbit
1624580081,2016-04-29,steps,10000,4,0,22,5,0.37,0.378,0,17,0,fitbit
1624580081,2016-04-30,steps,5000,5,1,22,2,0.81,0.361,0,18,1,fitbit
1624580081,2016-05-01,steps,12500,6,1,22,5,0.3,0.388,1,19,1,fitbit
1624580081,2016-05-02,steps,7500,0,0,22,4,0.48,0.412,2,20,0,fitbit
1624580081,2016-05-03,steps,10000,1,0,22,5,0.49,0.396,0,21,0,fitbit
1624580081,2016-05-04,steps,12500,2,0,22,5,0.46,0.382,0,22,0,fitbit
1624580081,2016-05-05,steps,10000,3,0,22,5,0.31,0.368,0,23,0,fitbit
1624580081,2016-05-06,steps,10000,4,0,22,5,0.05,0.355,0,24,0,fitbit
1624580081,2016-05-07,steps,7500,5,1,22,4,0.43,0.344,0,25,0,fitbit
1624580081,2016-05-08,steps,5000,6,1,22,2,0.25,0.332,0,26,0,fitbit
1624580081,2016-05-09,steps,7500,0,0,22,5,0.44,0.322,0,27,0,fitbit
1624580081,2016-05-10,steps,12500,1,0,22,5,0.27,0.312,0,28,0,fitbit
1624580081,2016-05-11,steps,10000,2,0,22,5,0.36,0.303,0,29,0,fitbit
1624580081,2016-05-12,steps,7500,3,0,22,5,0.13,0.294,0,30,0,fitbit
1644430081,2016-04-12,exercise,45,1,0,22,5,0.38,0.41,0,0,1,fitbit
1644430081,2016-04-13,exercise,30,2,0,22,1,0.75,0.508,1,1,1,fitbit
1644430081,2016-04-14,exercise,60,3,0,22,4,0.65,0.579,2,2,1,fitbit
1644430081,2016-04-15,exercise,30,4,0,22,1,0.9,0.631,3,3,0,fitbit
1644430081,2016-04-16,exercise,30,5,1,22,1,0.83,0.561,0,4,1,fitbit
1644430081,2016-04-17,exercise,60,6,1,22,4,0.58,0.605,1,5,0,fitbit
1644430081,2016-04-18,exercise,30,0,0,22,1,0.64,0.55,0,6,1,fitbit
1644430081,2016-04-19,exercise,15,1,0,22,1,0.66,0.588,1,7,1,fitbit
1644430081,2016-04-20,exercise,30,2,0,22,1,0.95,0.619,2,8,0,fitbit
1644430081,2016-04-21,exercise,60,3,0,22,4,0.56,0.575,0,9,0,fitbit
1644430081,2016-04-22,exercise,15,4,0,22,1,0.73,0.537,0,10,0,fitbit
1644430081,2016-04-23,exercise,30,5,1,22,1,0.76,0.503,0,11,0,fitbit
1644430081,2016-04-24,exercise,15,6,1,22,1,0.83,0.474,0,12,0,fitbit
1644430081,2016-04-25,exercise,45,0,0,22,3,0.57,0.447,0,13,0,fitbit
1644430081,2016-04-26,exercise,30,1,0,22,3,0.45,0.424,0,14,1,fitbit
1644430081,2016-04-27,exercise,30,2,0,22,2,0.78,0.453,1,15,0,fitbit
1644430081,2016-04-28,exercise,15,3,0,22,1,0.88,0.431,0,16,1,fitbit
1644430081,2016-04-29,exercise,45,4,0,22,3,0.62,0.457,1,17,0,fitbit
1644430081,2016-04-30,exercise,45,5,1,22,5,0.49,0.437,0,18,1,fitbit
1644430081,2016-05-01,exercise,60,6,1,22,5,0.55,0.46,1,19,0,fitbit
1644430081,2016-05-02,exercise,30,0,0,22,2,0.76,0.442,0,20,0,fitbit
1644430081,2016-05-03,exercise,15,1,0,22,1,0.76,0.425,0,21,1,fitbit
1644430081,2016-05-04,exercise,60,2,0,22,5,0.46,0.446,1,22,0,fitbit
1644430081,2016-05-05,exercise,45,3,0,22,5,0.43,0.43,0,23,0,fitbit
1644430081,2016-05-06,exercise,45,4,0,22,5,0.22,0.416,0,24,0,fitbit
1644430081,2016-05-07,exercise,15,5,1,22,2,0.67,0.402,0,25,1,fitbit
1644430081,2016-05-08,exercise,30,6,1,22,5,0.2,0.421,1,26,0,fitbit
1644430081,2016-05-09,exercise,60,0,0,22,5,0.25,0.408,0,27,0,fitbit
1644430081,2016-05-10,exercise,60,1,0,22,5,0.49,0.395,0,28,0,fitbit
1644430081,2016-05-11,exercise,30,2,0,22,4,0.5,0.384,0,29,0,fitbit
1644430081,2016-04-30,sleep,480,5,1,8,3,0.6,0.567,0,0,0,fitbit
1644430081,2016-05-02,sleep,420,0,0,8,5,0.54,0.473,0,1,1,fitbit
1644430081,2016-05-08,sleep,360,6,1,8,2,0.8,0.548,1,2,0,fitbit
1644430081,2016-04-12,steps,12500,1,0,22,5,0.21,0.461,0,0,0,fitbit
1644430081,2016-04-13,steps,12500,2,0,22,4,0.44,0.385,0,1,0,fitbit
1644430081,2016-04-14,steps,12500,3,0,22,5,0.27,0.33,0,2,0,fitbit
1644430081,2016-04-15,steps,7500,4,0,22,2,0.41,0.288,0,3,0,fitbit
1644430081,2016-04-16,steps,10000,5,1,22,3,0.37,0.256,0,4,1,fitbit
1644430081,2016-04-17,steps,10000,6,1,22,3,0.76,0.331,1,5,0,fitbit
1644430081,2016-04-18,steps,7500,0,0,22,2,0.58,0.301,0,6,0,fitbit
1644430081,2016-04-19,steps,7500,1,0,22,2,0.58,0.276,0,7,1,fitbit
1644430081,2016-04-20,steps,5000,2,0,22,1,0.69,0.331,1,8,0,fitbit
1644430081,2016-04-21,steps,7500,3,0,22,2,0.67,0.308,0,9,0,fitbit
1644430081,2016-04-22,steps,10000,4,0,22,4,0.28,0.287,0,10,0,fitbit
1644430081,2016-04-23,steps,12500,5,1,22,5,0.05,0.269,0,11,0,fitbit
1644430081,2016-04-24,steps,12500,6,1,22,5,0.17,0.253,0,12,0,fitbit
1644430081,2016-04-25,steps,5000,0,0,22,2,0.52,0.239,0,13,0,fitbit
1644430081,2016-04-26,steps,10000,1,0,22,5,0.05,0.227,0,14,0,fitbit
1644430081,2016-04-27,steps,5000,2,0,22,2,0.37,0.215,0,15,0,fitbit
1644430081,2016-04-28,steps,10000,3,0,22,5,0.06,0.205,0,16,0,fitbit
1644430081,2016-04-29,steps,7500,4,0,22,3,0.48,0.196,0,17,0,fitbit
1644430081,2016-04-30,steps,7500,5,1,22,3,0.38,0.187,0,18,1,fitbit
1644430081,2016-05-01,steps,10000,6,1,22,5,0.24,0.221,1,19,0,fitbit
1644430081,2016-05-02,steps,7500,0,0,22,3,0.39,0.212,0,20,0,fitbit
1644430081,2016-05-03,steps,12500,1,0,22,5,0.14,0.204,0,21,1,fitbit
1644430081,2016-05-04,steps,10000,2,0,22,5,0.2,0.234,1,22,0,fitbit
1644430081,2016-05-05,steps,12500,3,0,22,5,0.05,0.225,0,23,0,fitbit
1644430081,2016-05-06,steps,10000,4,0,22,5,0.05,0.217,0,24,0,fitbit
1644430081,2016-05-07,steps,7500,5,1,22,4,0.25,0.21,0,25,1,fitbit
1644430081,2016-05-08,steps,12500,6,1,22,5,0.21,0.236,1,26,0,fitbit
1644430081,2016-05-09,steps,7500,0,0,22,4,0.39,0.228,0,27,0,fitbit
1644430081,2016-05-10,steps,10000,1,0,22,5,0.35,0.221,0,28,0,fitbit
1644430081,2016-05-11,steps,5000,2,0,22,2,0.58,0.215,0,29,0,fitbit
1844505072,2016-04-12,exercise,60,1,0,22,5,0.53,0.41,0,0,0,fitbit
1844505072,2016-04-13,exercise,60,2,0,22,5,0.25,0.342,0,1,0,fitbit
1844505072,2016-04-14,exercise,30,3,0,22,5,0.09,0.293,0,2,0,fitbit
1844505072,2016-04-15,exercise,60,4,0,22,5,0.17,0.256,0,3,0,fitbit
1844505072,2016-04-16,exercise,30,5,1,22,5,0.18,0.228,0,4,0,fitbit
1844505072,2016-04-17,exercise,15,6,1,22,5,0.15,0.205,0,5,0,fitbit
1844505072,2016-04-18,exercise,45,0,0,22,5,0.26,0.186,0,6,0,fitbit
1844505072,2016-04-19,exercise,45,1,0,22,5,0.07,0.171,0,7,0,fitbit
1844505072,2016-04-20,exercise,15,2,0,22,5,0.14,0.158,0,8,0,fitbit
1844505072,2016-04-21,exercise,60,3,0,22,5,0.05,0.146,0,9,0,fitbit
1844505072,2016-04-22,exercise,15,4,0,22,5,0.13,0.137,0,10,0,fitbit
1844505072,2016-04-23,exercise,60,5,1,22,5,0.07,0.128,0,11,0,fitbit
1844505072,2016-04-27,exercise,15,2,0,22,5,0.05,0.121,0,12,0,fitbit
1844505072,2016-04-28,exercise,60,3,0,22,5,0.05,0.114,0,13,0,fitbit
1844505072,2016-04-29,exercise,60,4,0,22,5,0.05,0.108,0,14,0,fitbit
1844505072,2016-04-30,exercise,60,5,1,22,5,0.05,0.103,0,15,0,fitbit
1844505072,2016-05-01,exercise,45,6,1,22,5,0.25,0.098,0,16,0,fitbit
1844505072,2016-05-03,exercise,30,1,0,22,5,0.05,0.093,0,17,0,fitbit
1844505072,2016-05-04,exercise,45,2,0,22,5,0.05,0.089,0,18,0,fitbit
1844505072,2016-05-05,exercise,30,3,0,22,5,0.05,0.085,0,19,0,fitbit
1844505072,2016-05-06,exercise,60,4,0,22,5,0.05,0.082,0,20,0,fitbit
1844505072,2016-04-15,sleep,480,4,0,8,3,0.65,0.567,0,0,1,fitbit
1844505072,2016-04-30,sleep,480,5,1,8,2,0.89,0.639,1,1,1,fitbit
1844505072,2016-05-01,sleep,360,6,1,8,1,0.81,0.691,2,2,1,fitbit
1844505072,2016-04-12,steps,5000,1,0,22,1,0.6,0.461,0,0,1,fitbit
1844505072,2016-04-13,steps,10000,2,0,22,5,0.45,0.551,1,1,0,fitbit
1844505072,2016-04-14,steps,5000,3,0,22,2,0.71,0.472,0,2,1,fitbit
1844505072,2016-04-15,steps,12500,4,0,22,5,0.78,0.538,1,3,0,fitbit
1844505072,2016-04-16,steps,12500,5,1,22,5,0.6,0.479,0,4,0,fitbit
1844505072,2016-04-17,steps,10000,6,1,22,5,0.51,0.431,0,5,0,fitbit
1844505072,2016-04-18,steps,10000,0,0,22,5,0.29,0.392,0,6,0,fitbit
1844505072,2016-04-19,steps,10000,1,0,22,5,0.19,0.359,0,7,0,fitbit
1844505072,2016-04-20,steps,5000,2,0,22,3,0.53,0.331,0,8,0,fitbit
1844505072,2016-04-21,steps,7500,3,0,22,5,0.12,0.308,0,9,1,fitbit
1844505072,2016-04-22,steps,7500,4,0,22,5,0.27,0.354,1,10,0,fitbit
1844505072,2016-04-23,steps,12500,5,1,22,5,0.26,0.332,0,11,0,fitbit
1844505072,2016-04-27,steps,5000,2,0,22,3,0.6,0.312,0,12,0,fitbit
1844505072,2016-04-28,steps,7500,3,0,22,5,0.19,0.295,0,13,0,fitbit
1844505072,2016-04-29,steps,7500,4,0,22,5,0.05,0.279,0,14,0,fitbit
1844505072,2016-04-30,steps,5000,5,1,22,3,0.43,0.265,0,15,0,fitbit
1844505072,2016-05-01,steps,5000,6,1,22,3,0.27,0.253,0,16,0,fitbit
1844505072,2016-05-03,steps,7500,1,0,22,5,0.19,0.241,0,17,0,fitbit
1844505072,2016-05-04,steps,5000,2,0,22,4,0.24,0.231,0,18,0,fitbit
1844505072,2016-05-05,steps,5000,3,0,22,4,0.21,0.221,0,19,0,fitbit
1844505072,2016-05-06,steps,7500,4,0,22,5,0.25,0.212,0,20,0,fitbit
1927972279,2016-04-12,exercise,45,1,0,22,5,0.32,0.41,0,0,0,fitbit
1927972279,2016-04-13,exercise,30,2,0,22,5,0.2,0.342,0,1,0,fitbit
1927972279,2016-04-14,exercise,45,3,0,22,5,0.4,0.293,0,2,0,fitbit
1927972279,2016-04-15,exercise,45,4,0,22,5,0.18,0.256,0,3,0,fitbit
1927972279,2016-04-18,exercise,15,0,0,22,5,0.32,0.228,0,4,0,fitbit
1927972279,2016-04-22,exercise,15,4,0,22,5,0.15,0.205,0,5,0,fitbit
1927972279,2016-04-23,exercise,15,5,1,22,5,0.13,0.186,0,6,0,fitbit
1927972279,2016-04-24,exercise,15,6,1,22,5,0.1,0.171,0,7,0,fitbit
1927972279,2016-04-25,exercise,30,0,0,22,5,0.1,0.158,0,8,0,fitbit
1927972279,2016-04-26,exercise,45,1,0,22,5,0.29,0.146,0,9,0,fitbit
1927972279,2016-04-28,exercise,45,3,0,22,5,0.05,0.137,0,10,0,fitbit
1927972279,2016-05-01,exercise,30,6,1,22,5,0.05,0.128,0,11,0,fitbit
1927972279,2016-05-02,exercise,60,0,0,22,5,0.05,0.121,0,12,0,fitbit
1927972279,2016-05-03,exercise,45,1,0,22,5,0.06,0.114,0,13,0,fitbit
1927972279,2016-05-04,exercise,15,2,0,22,5,0.13,0.108,0,14,0,fitbit
1927972279,2016-05-06,exercise,60,4,0,22,5,0.1,0.103,0,15,0,fitbit
1927972279,2016-05-07,exercise,45,5,1,22,5,0.05,0.098,0,16,0,fitbit
1927972279,2016-04-12,sleep,360,1,0,8,2,0.75,0.567,0,0,1,fitbit
1927972279,2016-04-13,sleep,360,2,0,8,1,0.92,0.639,1,1,1,fitbit
1927972279,2016-04-15,sleep,360,4,0,8,1,0.89,0.691,2,2,1,fitbit
1927972279,2016-04-26,sleep,360,1,0,8,2,0.95,0.729,3,3,0,fitbit
1927972279,2016-04-28,sleep,480,3,0,8,3,0.65,0.648,0,4,0,fitbit
1927972279,2016-04-12,steps,5000,1,0,22,1,0.54,0.461,0,0,0,fitbit
1927972279,2016-04-13,steps,10000,2,0,22,5,0.26,0.385,0,1,0,fitbit
1927972279,2016-04-14,steps,5000,3,0,22,5,0.35,0.33,0,2,0,fitbit
1927972279,2016-04-15,steps,7500,4,0,22,5,0.15,0.288,0,3,0,fitbit
1927972279,2016-04-18,steps,7500,0,0,22,5,0.05,0.256,0,4,0,fitbit
1927972279,2016-04-22,steps,12500,4,0,22,5,0.25,0.231,0,5,0,fitbit
1927972279,2016-04-23,steps,10000,5,1,22,5,0.28,0.21,0,6,0,fitbit
1927972279,2016-04-24,steps,12500,6,1,22,5,0.13,0.192,0,7,0,fitbit
1927972279,2016-04-25,steps,7500,0,0,22,5,0.05,0.177,0,8,0,fitbit
1927972279,2016-04-26,steps,7500,1,0,22,5,0.19,0.165,0,9,0,fitbit
1927972279,2016-04-28,steps,7500,3,0,22,5,0.05,0.154,0,10,0,fitbit
1927972279,2016-05-01,steps,12500,6,1,22,5,0.12,0.144,0,11,0,fitbit
1927972279,2016-05-02,steps,12500,0,0,22,5,0.05,0.136,0,12,0,fitbit
1927972279,2016-05-03,steps,12500,1,0,22,5,0.05,0.128,0,13,0,fitbit
1927972279,2016-05-04,steps,12500,2,0,22,5,0.05,0.121,0,14,0,fitbit
1927972279,2016-05-06,steps,10000,4,0,22,5,0.05,0.115,0,15,0,fitbit
1927972279,2016-05-07,steps,10000,5,1,22,5,0.05,0.11,0,16,0,fitbit
2022484408,2016-04-12,exercise,45,1,0,22,5,0.47,0.41,0,0,1,fitbit
2022484408,2016-04-13,exercise,45,2,0,22,2,0.81,0.508,1,1,1,fitbit
2022484408,2016-04-14,exercise,45,3,0,22,2,0.78,0.579,2,2,0,fitbit
2022484408,2016-04-15,exercise,15,4,0,22,1,0.88,0.506,0,3,1,fitbit
2022484408,2016-04-16,exercise,45,5,1,22,3,0.69,0.561,1,4,1,fitbit
2022484408,2016-04-17,exercise,60,6,1,22,4,0.56,0.605,2,5,0,fitbit
2022484408,2016-04-18,exercise,30,0,0,22,1,0.89,0.55,0,6,1,fitbit
2022484408,2016-04-19,exercise,45,1,0,22,2,0.78,0.588,1,7,0,fitbit
2022484408,2016-04-20,exercise,15,2,0,22,1,0.8,0.542,0,8,1,fitbit
2022484408,2016-04-21,exercise,30,3,0,22,1,0.95,0.575,1,9,1,fitbit
2022484408,2016-04-22,exercise,30,4,0,22,1,0.57,0.603,2,10,1,fitbit
2022484408,2016-04-23,exercise,60,5,1,22,4,0.48,0.628,3,11,0,fitbit
2022484408,2016-04-24,exercise,15,6,1,22,1,0.71,0.591,0,12,1,fitbit
2022484408,2016-04-25,exercise,30,0,0,22,1,0.83,0.614,1,13,1,fitbit
2022484408,2016-04-26,exercise,30,1,0,22,1,0.86,0.634,2,14,1,fitbit
2022484408,2016-04-27,exercise,60,2,0,22,4,0.49,0.653,3,15,0,fitbit
2022484408,2016-04-28,exercise,60,3,0,22,4,0.52,0.621,0,16,0,fitbit
2022484408,2016-04-29,exercise,15,4,0,22,1,0.75,0.593,0,17,1,fitbit
2022484408,2016-04-30,exercise,15,5,1,22,1,0.95,0.611,1,18,1,fitbit
2022484408,2016-05-01,exercise,60,6,1,22,4,0.86,0.627,2,19,0,fitbit
2022484408,2016-05-02,exercise,15,0,0,22,1,0.81,0.602,0,20,1,fitbit
2022484408,2016-05-03,exercise,60,1,0,22,4,0.59,0.617,1,21,1,fitbit
2022484408,2016-05-04,exercise,30,2,0,22,1,0.75,0.631,2,22,1,fitbit
2022484408,2016-05-05,exercise,60,3,0,22,4,0.44,0.645,3,23,1,fitbit
2022484408,2016-05-06,exercise,30,4,0,22,1,0.9,0.657,4,24,1,fitbit
2022484408,2016-05-07,exercise,30,5,1,22,1,0.81,0.668,5,25,0,fitbit
2022484408,2016-05-08,exercise,45,6,1,22,2,0.82,0.647,0,26,0,fitbit
2022484408,2016-05-09,exercise,15,0,0,22,1,0.69,0.627,0,27,1,fitbit
2022484408,2016-05-10,exercise,45,1,0,22,2,0.73,0.638,1,28,1,fitbit
2022484408,2016-05-11,exercise,45,2,0,22,2,0.85,0.649,2,29,1,fitbit
2022484408,2016-05-12,exercise,60,3,0,22,4,0.72,0.659,3,30,0,fitbit
2022484408,2016-04-12,steps,12500,1,0,22,5,0.47,0.461,0,0,0,fitbit
2022484408,2016-04-13,steps,7500,2,0,22,1,0.59,0.385,0,1,1,fitbit
2022484408,2016-04-14,steps,7500,3,0,22,1,0.85,0.472,1,2,1,fitbit
2022484408,2016-04-15,steps,12500,4,0,22,3,0.67,0.538,2,3,0,fitbit
2022484408,2016-04-16,steps,7500,5,1,22,1,0.66,0.479,0,4,1,fitbit
2022484408,2016-04-17,steps,5000,6,1,22,1,0.69,0.531,1,5,1,fitbit
2022484408,2016-04-18,steps,10000,0,0,22,2,0.56,0.573,2,6,1,fitbit
2022484408,2016-04-19,steps,7500,1,0,22,1,0.9,0.609,3,7,1,fitbit
2022484408,2016-04-20,steps,12500,2,0,22,3,0.7,0.639,4,8,1,fitbit
2022484408,2016-04-21,steps,12500,3,0,22,3,0.48,0.665,5,9,0,fitbit
2022484408,2016-04-22,steps,7500,4,0,22,1,0.82,0.62,0,10,1,fitbit
2022484408,2016-04-23,steps,10000,5,1,22,2,0.72,0.644,1,11,0,fitbit
2022484408,2016-04-24,steps,12500,6,1,22,3,0.9,0.606,0,12,1,fitbit
2022484408,2016-04-25,steps,10000,0,0,22,2,0.6,0.628,1,13,1,fitbit
2022484408,2016-04-26,steps,5000,1,0,22,1,0.74,0.648,2,14,1,fitbit
2022484408,2016-04-27,steps,10000,2,0,22,2,0.95,0.665,3,15,1,fitbit
2022484408,2016-04-28,steps,10000,3,0,22,2,0.95,0.681,4,16,1,fitbit
2022484408,2016-04-29,steps,10000,4,0,22,2,0.79,0.696,5,17,1,fitbit
2022484408,2016-04-30,steps,5000,5,1,22,1,0.89,0.709,6,18,1,fitbit
2022484408,2016-05-01,steps,7500,6,1,22,1,0.95,0.721,7,19,1,fitbit
2022484408,2016-05-02,steps,12500,0,0,22,3,0.55,0.732,8,20,0,fitbit
2022484408,2016-05-03,steps,5000,1,0,22,1,0.74,0.704,0,21,1,fitbit
2022484408,2016-05-04,steps,7500,2,0,22,1,0.94,0.715,1,22,1,fitbit
2022484408,2016-05-05,steps,7500,3,0,22,1,0.95,0.725,2,23,1,fitbit
2022484408,2016-05-06,steps,5000,4,0,22,1,0.94,0.735,3,24,1,fitbit
2022484408,2016-05-07,steps,5000,5,1,22,1,0.95,0.744,4,25,1,fitbit
2022484408,2016-05-08,steps,7500,6,1,22,1,0.95,0.752,5,26,0,fitbit
2022484408,2016-05-09,steps,12500,0,0,22,3,0.95,0.728,0,27,1,fitbit
2022484408,2016-05-10,steps,5000,1,0,22,1,0.93,0.737,1,28,1,fitbit
2022484408,2016-05-11,steps,7500,2,0,22,1,0.95,0.744,2,29,1,fitbit
2022484408,2016-05-12,steps,5000,3,0,22,1,0.95,0.752,3,30,1,fitbit
2026352035,2016-04-12,exercise,60,1,0,22,5,0.4,0.41,0,0,0,fitbit
2026352035,2016-04-13,exercise,45,2,0,22,5,0.12,0.342,0,1,0,fitbit
2026352035,2016-04-14,exercise,30,3,0,22,5,0.34,0.293,0,2,0,fitbit
2026352035,2016-04-15,exercise,30,4,0,22,5,0.1,0.256,0,3,0,fitbit
2026352035,2016-04-16,exercise,30,5,1,22,5,0.24,0.228,0,4,0,fitbit
2026352035,2016-04-17,exercise,60,6,1,22,5,0.14,0.205,0,5,0,fitbit
2026352035,2016-04-18,exercise,30,0,0,22,5,0.05,0.186,0,6,0,fitbit
2026352035,2016-04-19,exercise,15,1,0,22,5,0.07,0.171,0,7,0,fitbit
2026352035,2016-04-20,exercise,30,2,0,22,5,0.14,0.158,0,8,0,fitbit
2026352035,2016-04-21,exercise,15,3,0,22,5,0.16,0.146,0,9,0,fitbit
2026352035,2016-04-22,exercise,15,4,0,22,5,0.06,0.137,0,10,0,fitbit
2026352035,2016-04-23,exercise,15,5,1,22,5,0.25,0.128,0,11,0,fitbit
2026352035,2016-04-24,exercise,60,6,1,22,5,0.18,0.121,0,12,0,fitbit
2026352035,2016-04-25,exercise,45,0,0,22,5,0.05,0.114,0,13,0,fitbit
2026352035,2016-04-26,exercise,45,1,0,22,5,0.14,0.108,0,14,0,fitbit
2026352035,2016-04-27,exercise,30,2,0,22,5,0.28,0.103,0,15,0,fitbit
2026352035,2016-04-28,exercise,45,3,0,22,5,0.27,0.098,0,16,0,fitbit
2026352035,2016-04-29,exercise,15,4,0,22,5,0.05,0.093,0,17,0,fitbit
2026352035,2016-04-30,exercise,60,5,1,22,5,0.05,0.089,0,18,0,fitbit
2026352035,2016-05-01,exercise,45,6,1,22,5,0.2,0.085,0,19,0,fitbit
2026352035,2016-05-02,exercise,60,0,0,22,5,0.05,0.082,0,20,0,fitbit
2026352035,2016-05-03,exercise,15,1,0,22,5,0.05,0.079,0,21,0,fitbit
2026352035,2016-05-04,exercise,30,2,0,22,5,0.05,0.076,0,22,0,fitbit
2026352035,2016-05-05,exercise,45,3,0,22,5,0.06,0.073,0,23,0,fitbit
2026352035,2016-05-06,exercise,30,4,0,22,5,0.05,0.071,0,24,0,fitbit
2026352035,2016-05-07,exercise,30,5,1,22,5,0.05,0.068,0,25,0,fitbit
2026352035,2016-05-08,exercise,15,6,1,22,5,0.05,0.066,0,26,0,fitbit
2026352035,2016-05-09,exercise,30,0,0,22,5,0.05,0.064,0,27,0,fitbit
2026352035,2016-05-10,exercise,15,1,0,22,5,0.05,0.062,0,28,0,fitbit
2026352035,2016-05-11,exercise,30,2,0,22,5,0.27,0.06,0,29,0,fitbit
2026352035,2016-05-12,exercise,45,3,0,22,5,0.05,0.059,0,30,0,fitbit
2026352035,2016-04-12,sleep,420,1,0,8,3,0.73,0.567,0,0,1,fitbit
2026352035,2016-04-13,sleep,480,2,0,8,3,0.81,0.639,1,1,1,fitbit
2026352035,2016-04-14,sleep,480,3,0,8,3,0.44,0.691,2,2,1,fitbit
2026352035,2016-04-15,sleep,420,4,0,8,2,0.95,0.729,3,3,1,fitbit
2026352035,2016-04-16,sleep,420,5,1,8,2,0.57,0.759,4,4,1,fitbit
2026352035,2016-04-17,sleep,360,6,1,8,1,0.95,0.784,5,5,1,fitbit
2026352035,2016-04-19,sleep,360,1,0,8,1,0.95,0.803,6,6,1,fitbit
2026352035,2016-04-20,sleep,420,2,0,8,2,0.95,0.82,7,7,1,fitbit
2026352035,2016-04-21,sleep,360,3,0,8,2,0.84,0.833,8,8,1,fitbit
2026352035,2016-04-22,sleep,360,4,0,8,2,0.89,0.845,9,9,1,fitbit
2026352035,2016-04-23,sleep,360,5,1,8,2,0.95,0.856,10,10,1,fitbit
2026352035,2016-04-24,sleep,480,6,1,8,3,0.73,0.865,11,11,1,fitbit
2026352035,2016-04-25,sleep,420,0,0,8,2,0.95,0.873,12,12,1,fitbit
2026352035,2016-04-27,sleep,480,2,0,8,3,0.95,0.88,13,13,1,fitbit
2026352035,2016-04-28,sleep,420,3,0,8,2,0.92,0.886,14,14,1,fitbit
2026352035,2016-04-29,sleep,360,4,0,8,2,0.95,0.892,15,15,1,fitbit
2026352035,2016-04-30,sleep,420,5,1,8,2,0.95,0.897,16,16,1,fitbit
2026352035,2016-05-01,sleep,360,6,1,8,2,0.95,0.902,17,17,1,fitbit
2026352035,2016-05-02,sleep,480,0,0,8,3,0.95,0.906,18,18,1,fitbit
2026352035,2016-05-04,sleep,360,2,0,8,2,0.88,0.91,19,19,1,fitbit
2026352035,2016-05-05,sleep,420,3,0,8,2,0.95,0.913,20,20,1,fitbit
2026352035,2016-05-06,sleep,480,4,0,8,3,0.91,0.917,21,21,1,fitbit
2026352035,2016-05-07,sleep,420,5,1,8,2,0.95,0.92,22,22,1,fitbit
2026352035,2016-05-08,sleep,420,6,1,8,2,0.94,0.923,23,23,1,fitbit
2026352035,2016-05-09,sleep,420,0,0,8,2,0.95,0.925,24,24,1,fitbit
2026352035,2016-05-10,sleep,480,1,0,8,3,0.95,0.928,25,25,0,fitbit
2026352035,2016-05-11,sleep,360,2,0,8,1,0.95,0.898,0,26,1,fitbit
2026352035,2016-05-12,sleep,420,3,0,8,2,0.95,0.901,1,27,1,fitbit
2026352035,2016-04-12,steps,10000,1,0,22,4,0.3,0.461,0,0,0,fitbit
2026352035,2016-04-13,steps,7500,2,0,22,5,0.45,0.385,0,1,0,fitbit
2026352035,2016-04-14,steps,12500,3,0,22,5,0.15,0.33,0,2,0,fitbit
2026352035,2016-04-15,steps,10000,4,0,22,5,0.24,0.288,0,3,0,fitbit
2026352035,2016-04-16,steps,12500,5,1,22,5,0.17,0.256,0,4,0,fitbit
2026352035,2016-04-17,steps,10000,6,1,22,5,0.06,0.231,0,5,0,fitbit
2026352035,2016-04-18,steps,7500,0,0,22,5,0.05,0.21,0,6,0,fitbit
2026352035,2016-04-19,steps,12500,1,0,22,5,0.17,0.192,0,7,0,fitbit
2026352035,2016-04-20,steps,7500,2,0,22,5,0.24,0.177,0,8,0,fitbit
2026352035,2016-04-21,steps,12500,3,0,22,5,0.09,0.165,0,9,0,fitbit
2026352035,2016-04-22,steps,12500,4,0,22,5,0.1,0.154,0,10,0,fitbit
2026352035,2016-04-23,steps,10000,5,1,22,5,0.15,0.144,0,11,1,fitbit
2026352035,2016-04-24,steps,10000,6,1,22,5,0.05,0.195,1,12,0,fitbit
2026352035,2016-04-25,steps,7500,0,0,22,5,0.21,0.184,0,13,0,fitbit
2026352035,2016-04-26,steps,12500,1,0,22,5,0.21,0.174,0,14,0,fitbit
2026352035,2016-04-27,steps,10000,2,0,22,5,0.42,0.165,0,15,0,fitbit
2026352035,2016-04-28,steps,12500,3,0,22,5,0.05,0.157,0,16,0,fitbit
2026352035,2016-04-29,steps,7500,4,0,22,5,0.05,0.15,0,17,1,fitbit
2026352035,2016-04-30,steps,12500,5,1,22,5,0.22,0.187,1,18,0,fitbit
2026352035,2016-05-01,steps,7500,6,1,22,5,0.22,0.179,0,19,0,fitbit
2026352035,2016-05-02,steps,5000,0,0,22,4,0.13,0.172,0,20,1,fitbit
2026352035,2016-05-03,steps,5000,1,0,22,4,0.18,0.204,1,21,1,fitbit
2026352035,2016-05-04,steps,10000,2,0,22,5,0.24,0.234,2,22,0,fitbit
2026352035,2016-05-05,steps,7500,3,0,22,5,0.07,0.225,0,23,1,fitbit
2026352035,2016-05-06,steps,5000,4,0,22,3,0.3,0.252,1,24,1,fitbit
2026352035,2016-05-07,steps,7500,5,1,22,5,0.23,0.277,2,25,0,fitbit
2026352035,2016-05-08,steps,10000,6,1,22,5,0.33,0.268,0,26,0,fitbit
2026352035,2016-05-09,steps,7500,0,0,22,5,0.13,0.26,0,27,1,fitbit
2026352035,2016-05-10,steps,12500,1,0,22,5,0.05,0.282,1,28,0,fitbit
2026352035,2016-05-11,steps,12500,2,0,22,5,0.05,0.274,0,29,0,fitbit
2026352035,2016-05-12,steps,10000,3,0,22,5,0.05,0.266,0,30,0,fitbit
2320127002,2016-04-12,exercise,45,1,0,22,5,0.46,0.41,0,0,0,fitbit
2320127002,2016-04-13,exercise,45,2,0,22,5,0.22,0.342,0,1,0,fitbit
2320127002,2016-04-14,exercise,30,3,0,22,5,0.21,0.293,0,2,0,fitbit
2320127002,2016-04-15,exercise,60,4,0,22,5,0.11,0.256,0,3,0,fitbit
2320127002,2016-04-16,exercise,15,5,1,22,5,0.05,0.228,0,4,0,fitbit
2320127002,2016-04-17,exercise,30,6,1,22,5,0.05,0.205,0,5,0,fitbit
2320127002,2016-04-18,exercise,15,0,0,22,5,0.05,0.186,0,6,0,fitbit
2320127002,2016-04-19,exercise,30,1,0,22,5,0.05,0.171,0,7,0,fitbit
2320127002,2016-04-20,exercise,60,2,0,22,5,0.05,0.158,0,8,0,fitbit
2320127002,2016-04-21,exercise,30,3,0,22,5,0.24,0.146,0,9,0,fitbit
2320127002,2016-04-22,exercise,60,4,0,22,5,0.07,0.137,0,10,0,fitbit
2320127002,2016-04-23,exercise,30,5,1,22,5,0.22,0.128,0,11,0,fitbit
2320127002,2016-04-24,exercise,45,6,1,22,5,0.11,0.121,0,12,0,fitbit
2320127002,2016-04-25,exercise,30,0,0,22,5,0.15,0.114,0,13,0,fitbit
2320127002,2016-04-26,exercise,30,1,0,22,5,0.05,0.108,0,14,0,fitbit
2320127002,2016-04-27,exercise,60,2,0,22,5,0.11,0.103,0,15,0,fitbit
2320127002,2016-04-28,exercise,60,3,0,22,5,0.13,0.098,0,16,0,fitbit
2320127002,2016-04-29,exercise,30,4,0,22,5,0.05,0.093,0,17,0,fitbit
2320127002,2016-04-30,exercise,60,5,1,22,5,0.1,0.089,0,18,0,fitbit
2320127002,2016-05-01,exercise,30,6,1,22,5,0.09,0.085,0,19,0,fitbit
2320127002,2016-05-02,exercise,45,0,0,22,5,0.05,0.082,0,20,0,fitbit
2320127002,2016-05-03,exercise,60,1,0,22,5,0.05,0.079,0,21,0,fitbit
2320127002,2016-05-04,exercise,30,2,0,22,5,0.05,0.076,0,22,0,fitbit
2320127002,2016-05-05,exercise,45,3,0,22,5,0.05,0.073,0,23,0,fitbit
2320127002,2016-05-06,exercise,30,4,0,22,5,0.05,0.071,0,24,0,fitbit
2320127002,2016-05-07,exercise,15,5,1,22,5,0.05,0.068,0,25,0,fitbit
2320127002,2016-05-08,exercise,15,6,1,22,5,0.05,0.066,0,26,0,fitbit
2320127002,2016-05-09,exercise,30,0,0,22,5,0.07,0.064,0,27,0,fitbit
2320127002,2016-05-10,exercise,60,1,0,22,5,0.08,0.062,0,28,0,fitbit
2320127002,2016-05-11,exercise,15,2,0,22,5,0.19,0.06,0,29,0,fitbit
2320127002,2016-05-12,exercise,30,3,0,22,5,0.15,0.059,0,30,0,fitbit
2320127002,2016-04-12,steps,12500,1,0,22,5,0.24,0.461,0,0,0,fitbit
2320127002,2016-04-13,steps,7500,2,0,22,1,0.63,0.385,0,1,0,fitbit
2320127002,2016-04-14,steps,5000,3,0,22,1,0.45,0.33,0,2,0,fitbit
2320127002,2016-04-15,steps,5000,4,0,22,1,0.46,0.288,0,3,1,fitbit
2320127002,2016-04-16,steps,12500,5,1,22,5,0.21,0.367,1,4,0,fitbit
2320127002,2016-04-17,steps,12500,6,1,22,5,0.22,0.331,0,5,0,fitbit
2320127002,2016-04-18,steps,10000,0,0,22,5,0.4,0.301,0,6,0,fitbit
2320127002,2016-04-19,steps,5000,1,0,22,2,0.54,0.276,0,7,1,fitbit
2320127002,2016-04-20,steps,7500,2,0,22,4,0.35,0.331,1,8,0,fitbit
2320127002,2016-04-21,steps,5000,3,0,22,2,0.43,0.308,0,9,0,fitbit
2320127002,2016-04-22,steps,5000,4,0,22,2,0.42,0.287,0,10,1,fitbit
2320127002,2016-04-23,steps,5000,5,1,22,2,0.55,0.332,1,11,1,fitbit
2320127002,2016-04-24,steps,10000,6,1,22,5,0.38,0.371,2,12,0,fitbit
2320127002,2016-04-25,steps,5000,0,0,22,2,0.42,0.35,0,13,0,fitbit
2320127002,2016-04-26,steps,12500,1,0,22,5,0.28,0.332,0,14,0,fitbit
2320127002,2016-04-27,steps,7500,2,0,22,5,0.05,0.315,0,15,0,fitbit
2320127002,2016-04-28,steps,7500,3,0,22,5,0.27,0.3,0,16,0,fitbit
2320127002,2016-04-29,steps,10000,4,0,22,5,0.32,0.287,0,17,0,fitbit
2320127002,2016-04-30,steps,12500,5,1,22,5,0.18,0.274,0,18,0,fitbit
2320127002,2016-05-01,steps,7500,6,1,22,5,0.42,0.263,0,19,0,fitbit
2320127002,2016-05-02,steps,5000,0,0,22,3,0.25,0.252,0,20,0,fitbit
2320127002,2016-05-03,steps,5000,1,0,22,3,0.37,0.243,0,21,1,fitbit
2320127002,2016-05-04,steps,12500,2,0,22,5,0.21,0.271,1,22,0,fitbit
2320127002,2016-05-05,steps,5000,3,0,22,3,0.35,0.261,0,23,1,fitbit
2320127002,2016-05-06,steps,10000,4,0,22,5,0.21,0.286,1,24,0,fitbit
2320127002,2016-05-07,steps,7500,5,1,22,5,0.23,0.277,0,25,0,fitbit
2320127002,2016-05-08,steps,12500,6,1,22,5,0.31,0.268,0,26,0,fitbit
2320127002,2016-05-09,steps,5000,0,0,22,3,0.53,0.26,0,27,0,fitbit
2320127002,2016-05-10,steps,12500,1,0,22,5,0.19,0.252,0,28,0,fitbit
2320127002,2016-05-11,steps,10000,2,0,22,5,0.28,0.244,0,29,0,fitbit
2320127002,2016-05-12,steps,7500,3,0,22,5,0.09,0.237,0,30,0,fitbit
2347167796,2016-04-12,exercise,45,1,0,22,5,0.23,0.41,0,0,0,fitbit
2347167796,2016-04-13,exercise,15,2,0,22,1,0.8,0.342,0,1,1,fitbit
2347167796,2016-04-14,exercise,45,3,0,22,3,0.47,0.436,1,2,1,fitbit
2347167796,2016-04-15,exercise,30,4,0,22,1,0.89,0.506,2,3,0,fitbit
2347167796,2016-04-16,exercise,60,5,1,22,5,0.4,0.45,0,4,1,fitbit
2347167796,2016-04-17,exercise,45,6,1,22,3,0.56,0.505,1,5,0,fitbit
2347167796,2016-04-18,exercise,45,0,0,22,3,0.34,0.459,0,6,0,fitbit
2347167796,2016-04-19,exercise,15,1,0,22,1,0.66,0.421,0,7,0,fitbit
2347167796,2016-04-20,exercise,30,2,0,22,2,0.38,0.388,0,8,1,fitbit
2347167796,2016-04-21,exercise,60,3,0,22,5,0.49,0.432,1,9,0,fitbit
2347167796,2016-04-22,exercise,15,4,0,22,1,0.85,0.403,0,10,1,fitbit
2347167796,2016-04-23,exercise,60,5,1,22,5,0.29,0.441,1,11,1,fitbit
2347167796,2016-04-24,exercise,30,6,1,22,1,0.77,0.474,2,12,0,fitbit
2347167796,2016-04-25,exercise,45,0,0,22,3,0.46,0.447,0,13,0,fitbit
2347167796,2016-04-26,exercise,45,1,0,22,4,0.37,0.424,0,14,0,fitbit
2347167796,2016-04-27,exercise,30,2,0,22,2,0.68,0.403,0,15,1,fitbit
2347167796,2016-04-28,exercise,30,3,0,22,2,0.61,0.431,1,16,0,fitbit
2347167796,2016-04-29,exercise,45,4,0,22,4,0.64,0.411,0,17,0,fitbit
2347167796,2016-04-13,sleep,480,2,0,8,3,0.57,0.567,0,0,0,fitbit
2347167796,2016-04-14,sleep,420,3,0,8,2,0.5,0.473,0,1,1,fitbit
2347167796,2016-04-15,sleep,420,4,0,8,3,0.66,0.548,1,2,1,fitbit
2347167796,2016-04-17,sleep,360,6,1,8,2,0.64,0.604,2,3,1,fitbit
2347167796,2016-04-18,sleep,360,0,0,8,2,0.57,0.648,3,4,1,fitbit
2347167796,2016-04-19,sleep,480,1,0,8,3,0.74,0.684,4,5,0,fitbit
2347167796,2016-04-21,sleep,420,3,0,8,3,0.5,0.621,0,6,1,fitbit
2347167796,2016-04-22,sleep,360,4,0,8,2,0.74,0.653,1,7,1,fitbit
2347167796,2016-04-23,sleep,420,5,1,8,3,0.67,0.68,2,8,0,fitbit
2347167796,2016-04-24,sleep,420,6,1,8,3,0.63,0.631,0,9,1,fitbit
2347167796,2016-04-25,sleep,420,0,0,8,3,0.95,0.656,1,10,1,fitbit
2347167796,2016-04-26,sleep,480,1,0,8,3,0.78,0.677,2,11,0,fitbit
2347167796,2016-04-27,sleep,360,2,0,8,2,0.85,0.637,0,12,1,fitbit
2347167796,2016-04-28,sleep,420,3,0,8,3,0.54,0.658,1,13,0,fitbit
2347167796,2016-04-29,sleep,420,4,0,8,3,0.64,0.623,0,14,0,fitbit
2347167796,2016-04-12,steps,5000,1,0,22,1,0.81,0.461,0,0,1,fitbit
2347167796,2016-04-13,steps,12500,2,0,22,4,0.48,0.551,1,1,0,fitbit
2347167796,2016-04-14,steps,7500,3,0,22,2,0.78,0.472,0,2,1,fitbit
2347167796,2016-04-15,steps,7500,4,0,22,2,0.95,0.538,1,3,1,fitbit
2347167796,2016-04-16,steps,7500,5,1,22,2,0.76,0.59,2,4,1,fitbit
2347167796,2016-04-17,steps,5000,6,1,22,1,0.63,0.631,3,5,1,fitbit
2347167796,2016-04-18,steps,7500,0,0,22,2,0.78,0.664,4,6,1,fitbit
2347167796,2016-04-19,steps,5000,1,0,22,1,0.95,0.692,5,7,1,fitbit
2347167796,2016-04-20,steps,5000,2,0,22,1,0.95,0.716,6,8,1,fitbit
2347167796,2016-04-21,steps,7500,3,0,22,2,0.95,0.736,7,9,1,fitbit
2347167796,2016-04-22,steps,5000,4,0,22,1,0.95,0.754,8,10,1,fitbit
2347167796,2016-04-23,steps,7500,5,1,22,2,0.95,0.769,9,11,1,fitbit
2347167796,2016-04-24,steps,12500,6,1,22,4,0.95,0.783,10,12,0,fitbit
2347167796,2016-04-25,steps,5000,0,0,22,1,0.95,0.739,0,13,1,fitbit
2347167796,2016-04-26,steps,5000,1,0,22,1,0.95,0.753,1,14,1,fitbit
2347167796,2016-04-27,steps,5000,2,0,22,1,0.95,0.765,2,15,1,fitbit
2347167796,2016-04-28,steps,10000,3,0,22,3,0.95,0.777,3,16,0,fitbit
2347167796,2016-04-29,steps,7500,4,0,22,2,0.88,0.741,0,17,0,fitbit
2873212765,2016-04-12,exercise,15,1,0,22,1,0.61,0.41,0,0,1,fitbit
2873212765,2016-04-13,exercise,45,2,0,22,5,0.57,0.508,1,1,0,fitbit
2873212765,2016-04-14,exercise,15,3,0,22,3,0.55,0.436,0,2,0,fitbit
2873212765,2016-04-15,exercise,45,4,0,22,5,0.42,0.381,0,3,0,fitbit
2873212765,2016-04-16,exercise,45,5,1,22,5,0.23,0.339,0,4,1,fitbit
2873212765,2016-04-17,exercise,15,6,1,22,5,0.34,0.405,1,5,0,fitbit
2873212765,2016-04-18,exercise,60,0,0,22,5,0.29,0.368,0,6,0,fitbit
2873212765,2016-04-19,exercise,30,1,0,22,5,0.18,0.338,0,7,0,fitbit
2873212765,2016-04-20,exercise,60,2,0,22,5,0.33,0.312,0,8,0,fitbit
2873212765,2016-04-21,exercise,15,3,0,22,5,0.31,0.289,0,9,0,fitbit
2873212765,2016-04-22,exercise,15,4,0,22,5,0.28,0.27,0,10,1,fitbit
2873212765,2016-04-23,exercise,30,5,1,22,5,0.44,0.316,1,11,1,fitbit
2873212765,2016-04-24,exercise,15,6,1,22,5,0.47,0.356,2,12,1,fitbit
2873212765,2016-04-25,exercise,30,0,0,22,5,0.29,0.392,3,13,0,fitbit
2873212765,2016-04-26,exercise,45,1,0,22,5,0.36,0.371,0,14,0,fitbit
2873212765,2016-04-27,exercise,15,2,0,22,5,0.22,0.353,0,15,1,fitbit
2873212765,2016-04-28,exercise,45,3,0,22,5,0.33,0.383,1,16,0,fitbit
2873212765,2016-04-29,exercise,15,4,0,22,4,0.31,0.366,0,17,1,fitbit
2873212765,2016-04-30,exercise,15,5,1,22,2,0.77,0.393,1,18,1,fitbit
2873212765,2016-05-01,exercise,45,6,1,22,5,0.4,0.419,2,19,0,fitbit
2873212765,2016-05-02,exercise,60,0,0,22,5,0.32,0.402,0,20,0,fitbit
2873212765,2016-05-03,exercise,15,1,0,22,1,0.79,0.387,0,21,0,fitbit
2873212765,2016-05-04,exercise,30,2,0,22,5,0.05,0.372,0,22,0,fitbit
2873212765,2016-05-05,exercise,60,3,0,22,5,0.06,0.359,0,23,0,fitbit
2873212765,2016-05-06,exercise,60,4,0,22,5,0.38,0.347,0,24,0,fitbit
2873212765,2016-05-07,exercise,45,5,1,22,5,0.28,0.335,0,25,1,fitbit
2873212765,2016-05-08,exercise,30,6,1,22,5,0.33,0.356,1,26,1,fitbit
2873212765,2016-05-09,exercise,30,0,0,22,5,0.16,0.377,2,27,0,fitbit
2873212765,2016-05-10,exercise,45,1,0,22,5,0.3,0.365,0,28,0,fitbit
2873212765,2016-05-11,exercise,45,2,0,22,5,0.53,0.354,0,29,0,fitbit
2873212765,2016-05-12,exercise,30,3,0,22,5,0.38,0.344,0,30,0,fitbit
2873212765,2016-04-12,steps,7500,1,0,22,3,0.49,0.461,0,0,1,fitbit
2873212765,2016-04-13,steps,5000,2,0,22,1,0.95,0.551,1,1,1,fitbit
2873212765,2016-04-14,steps,7500,3,0,22,3,0.74,0.615,2,2,1,fitbit
2873212765,2016-04-15,steps,7500,4,0,22,3,0.86,0.663,3,3,1,fitbit
2873212765,2016-04-16,steps,7500,5,1,22,3,0.82,0.701,4,4,1,fitbit
2873212765,2016-04-17,steps,10000,6,1,22,4,0.68,0.731,5,5,0,fitbit
2873212765,2016-04-18,steps,12500,0,0,22,5,0.61,0.664,0,6,0,fitbit
2873212765,2016-04-19,steps,7500,1,0,22,3,0.88,0.609,0,7,1,fitbit
2873212765,2016-04-20,steps,12500,2,0,22,5,0.65,0.639,1,8,0,fitbit
2873212765,2016-04-21,steps,10000,3,0,22,4,0.41,0.593,0,9,0,fitbit
2873212765,2016-04-22,steps,7500,4,0,22,3,0.63,0.554,0,10,0,fitbit
2873212765,2016-04-23,steps,5000,5,1,22,1,0.95,0.519,0,11,1,fitbit
2873212765,2016-04-24,steps,7500,6,1,22,3,0.62,0.547,1,12,0,fitbit
2873212765,2016-04-25,steps,10000,0,0,22,4,0.32,0.517,0,13,0,fitbit
2873212765,2016-04-26,steps,5000,1,0,22,1,0.95,0.49,0,14,1,fitbit
2873212765,2016-04-27,steps,12500,2,0,22,5,0.54,0.515,1,15,0,fitbit
2873212765,2016-04-28,steps,7500,3,0,22,3,0.58,0.491,0,16,1,fitbit
2873212765,2016-04-29,steps,12500,4,0,22,5,0.41,0.514,1,17,0,fitbit
2873212765,2016-04-30,steps,10000,5,1,22,4,0.64,0.492,0,18,0,fitbit
2873212765,2016-05-01,steps,7500,6,1,22,3,0.51,0.471,0,19,0,fitbit
2873212765,2016-05-02,steps,5000,0,0,22,1,0.85,0.452,0,20,1,fitbit
2873212765,2016-05-03,steps,10000,1,0,22,4,0.56,0.473,1,21,0,fitbit
2873212765,2016-05-04,steps,7500,2,0,22,3,0.59,0.456,0,22,1,fitbit
2873212765,2016-05-05,steps,5000,3,0,22,1,0.75,0.475,1,23,1,fitbit
2873212765,2016-05-06,steps,12500,4,0,22,5,0.41,0.493,2,24,0,fitbit
2873212765,2016-05-07,steps,7500,5,1,22,3,0.7,0.477,0,25,0,fitbit
2873212765,2016-05-08,steps,5000,6,1,22,1,0.62,0.462,0,26,1,fitbit
2873212765,2016-05-09,steps,7500,0,0,22,3,0.38,0.478,1,27,1,fitbit
2873212765,2016-05-10,steps,7500,1,0,22,3,0.67,0.494,2,28,1,fitbit
2873212765,2016-05-11,steps,12500,2,0,22,5,0.52,0.509,3,29,0,fitbit
2873212765,2016-05-12,steps,10000,3,0,22,4,0.57,0.494,0,30,0,fitbit
3372868164,2016-04-12,exercise,15,1,0,22,1,0.69,0.41,0,0,0,fitbit
3372868164,2016-04-13,exercise,15,2,0,22,5,0.23,0.342,0,1,1,fitbit
3372868164,2016-04-14,exercise,60,3,0,22,5,0.33,0.436,1,2,0,fitbit
3372868164,2016-04-15,exercise,30,4,0,22,4,0.15,0.381,0,3,0,fitbit
3372868164,2016-04-16,exercise,30,5,1,22,5,0.31,0.339,0,4,0,fitbit
3372868164,2016-04-17,exercise,30,6,1,22,5,0.35,0.305,0,5,0,fitbit
3372868164,2016-04-18,exercise,60,0,0,22,5,0.05,0.277,0,6,0,fitbit
3372868164,2016-04-19,exercise,15,1,0,22,4,0.19,0.254,0,7,0,fitbit
3372868164,2016-04-20,exercise,15,2,0,22,5,0.05,0.235,0,8,1,fitbit
3372868164,2016-04-21,exercise,30,3,0,22,5,0.11,0.289,1,9,0,fitbit
3372868164,2016-04-22,exercise,30,4,0,22,5,0.22,0.27,0,10,0,fitbit
3372868164,2016-04-23,exercise,45,5,1,22,5,0.05,0.253,0,11,0,fitbit
3372868164,2016-04-24,exercise,30,6,1,22,5,0.25,0.238,0,12,0,fitbit
3372868164,2016-04-25,exercise,30,0,0,22,5,0.26,0.225,0,13,0,fitbit
3372868164,2016-04-26,exercise,60,1,0,22,5,0.12,0.213,0,14,0,fitbit
3372868164,2016-04-27,exercise,15,2,0,22,2,0.09,0.203,0,15,1,fitbit
3372868164,2016-04-28,exercise,45,3,0,22,5,0.06,0.24,1,16,0,fitbit
3372868164,2016-04-29,exercise,45,4,0,22,5,0.32,0.23,0,17,0,fitbit
3372868164,2016-04-30,exercise,30,5,1,22,5,0.05,0.22,0,18,0,fitbit
3372868164,2016-05-01,exercise,60,6,1,22,5,0.11,0.21,0,19,0,fitbit
3372868164,2016-04-12,steps,5000,1,0,22,1,0.77,0.461,0,0,0,fitbit
3372868164,2016-04-13,steps,5000,2,0,22,3,0.45,0.385,0,1,1,fitbit
3372868164,2016-04-14,steps,10000,3,0,22,5,0.51,0.472,1,2,0,fitbit
3372868164,2016-04-15,steps,5000,4,0,22,1,0.67,0.413,0,3,1,fitbit
3372868164,2016-04-16,steps,7500,5,1,22,3,0.52,0.479,1,4,0,fitbit
3372868164,2016-04-17,steps,5000,6,1,22,1,0.65,0.431,0,5,1,fitbit
3372868164,2016-04-18,steps,5000,0,0,22,1,0.95,0.482,1,6,1,fitbit
3372868164,2016-04-19,steps,12500,1,0,22,5,0.26,0.526,2,7,0,fitbit
3372868164,2016-04-20,steps,5000,2,0,22,1,0.8,0.485,0,8,0,fitbit
3372868164,2016-04-21,steps,5000,3,0,22,1,0.51,0.451,0,9,1,fitbit
3372868164,2016-04-22,steps,12500,4,0,22,5,0.41,0.487,1,10,0,fitbit
3372868164,2016-04-23,steps,5000,5,1,22,1,0.66,0.457,0,11,1,fitbit
3372868164,2016-04-24,steps,12500,6,1,22,5,0.18,0.489,1,12,0,fitbit
3372868164,2016-04-25,steps,5000,0,0,22,1,0.77,0.462,0,13,1,fitbit
3372868164,2016-04-26,steps,5000,1,0,22,1,0.7,0.49,1,14,1,fitbit
3372868164,2016-04-27,steps,5000,2,0,22,1,0.52,0.515,2,15,1,fitbit
3372868164,2016-04-28,steps,10000,3,0,22,5,0.58,0.538,3,16,0,fitbit
3372868164,2016-04-29,steps,10000,4,0,22,5,0.63,0.514,0,17,0,fitbit
3372868164,2016-04-30,steps,7500,5,1,22,3,0.77,0.492,0,18,0,fitbit
3372868164,2016-05-01,steps,5000,6,1,22,1,0.77,0.471,0,19,0,fitbit
3977333714,2016-04-12,exercise,30,1,0,22,4,0.29,0.41,0,0,1,fitbit
3977333714,2016-04-13,exercise,60,2,0,22,3,0.7,0.508,1,1,1,fitbit
3977333714,2016-04-14,exercise,30,3,0,22,1,0.76,0.579,2,2,0,fitbit
3977333714,2016-04-15,exercise,45,4,0,22,2,0.73,0.506,0,3,1,fitbit
3977333714,2016-04-16,exercise,45,5,1,22,2,0.81,0.561,1,4,1,fitbit
3977333714,2016-04-17,exercise,60,6,1,22,3,0.93,0.605,2,5,1,fitbit
3977333714,2016-04-18,exercise,30,0,0,22,1,0.88,0.641,3,6,1,fitbit
3977333714,2016-04-19,exercise,30,1,0,22,1,0.95,0.671,4,7,1,fitbit
3977333714,2016-04-20,exercise,15,2,0,22,1,0.78,0.696,5,8,1,fitbit
3977333714,2016-04-21,exercise,30,3,0,22,1,0.95,0.718,6,9,0,fitbit
3977333714,2016-04-22,exercise,60,4,0,22,2,0.76,0.67,0,10,0,fitbit
3977333714,2016-04-23,exercise,15,5,1,22,1,0.82,0.628,0,11,1,fitbit
3977333714,2016-04-24,exercise,60,6,1,22,2,0.83,0.65,1,12,1,fitbit
3977333714,2016-04-25,exercise,45,0,0,22,1,0.74,0.669,2,13,1,fitbit
3977333714,2016-04-26,exercise,15,1,0,22,1,0.95,0.687,3,14,1,fitbit
3977333714,2016-04-27,exercise,30,2,0,22,1,0.95,0.703,4,15,0,fitbit
3977333714,2016-04-28,exercise,45,3,0,22,1,0.95,0.669,0,16,0,fitbit
3977333714,2016-04-29,exercise,30,4,0,22,1,0.71,0.639,0,17,1,fitbit
3977333714,2016-04-30,exercise,15,5,1,22,1,0.9,0.654,1,18,1,fitbit
3977333714,2016-05-01,exercise,45,6,1,22,1,0.95,0.669,2,19,1,fitbit
3977333714,2016-05-02,exercise,45,0,0,22,1,0.72,0.682,3,20,1,fitbit
3977333714,2016-05-03,exercise,15,1,0,22,1,0.83,0.694,4,21,1,fitbit
3977333714,2016-05-04,exercise,30,2,0,22,1,0.95,0.706,5,22,1,fitbit
3977333714,2016-05-05,exercise,15,3,0,22,1,0.95,0.716,6,23,1,fitbit
3977333714,2016-05-06,exercise,45,4,0,22,1,0.95,0.726,7,24,1,fitbit
3977333714,2016-05-07,exercise,45,5,1,22,1,0.95,0.735,8,25,1,fitbit
3977333714,2016-05-08,exercise,45,6,1,22,1,0.95,0.744,9,26,1,fitbit
3977333714,2016-05-09,exercise,60,0,0,22,1,0.95,0.752,10,27,1,fitbit
3977333714,2016-05-10,exercise,60,1,0,22,1,0.95,0.759,11,28,1,fitbit
3977333714,2016-05-11,exercise,30,2,0,22,1,0.95,0.766,12,29,0,fitbit
3977333714,2016-04-12,sleep,480,1,0,8,3,0.69,0.567,0,0,0,fitbit
3977333714,2016-04-13,sleep,360,2,0,8,5,0.29,0.473,0,1,0,fitbit
3977333714,2016-04-14,sleep,360,3,0,8,4,0.53,0.405,0,2,0,fitbit
3977333714,2016-04-15,sleep,420,4,0,8,5,0.15,0.354,0,3,1,fitbit
3977333714,2016-04-16,sleep,420,5,1,8,5,0.33,0.426,1,4,0,fitbit
3977333714,2016-04-17,sleep,480,6,1,8,5,0.25,0.384,0,5,0,fitbit
3977333714,2016-04-18,sleep,420,0,0,8,5,0.31,0.349,0,6,0,fitbit
3977333714,2016-04-19,sleep,480,1,0,8,5,0.18,0.32,0,7,0,fitbit
3977333714,2016-04-20,sleep,420,2,0,8,5,0.2,0.295,0,8,0,fitbit
3977333714,2016-04-21,sleep,360,3,0,8,4,0.27,0.274,0,9,0,fitbit
3977333714,2016-04-22,sleep,360,4,0,8,4,0.19,0.256,0,10,0,fitbit
3977333714,2016-04-23,sleep,480,5,1,8,5,0.24,0.24,0,11,0,fitbit
3977333714,2016-04-24,sleep,360,6,1,8,4,0.27,0.226,0,12,0,fitbit
3977333714,2016-04-25,sleep,480,0,0,8,5,0.14,0.213,0,13,0,fitbit
3977333714,2016-04-26,sleep,360,1,0,8,4,0.17,0.202,0,14,0,fitbit
3977333714,2016-04-27,sleep,360,2,0,8,4,0.31,0.192,0,15,0,fitbit
3977333714,2016-04-28,sleep,360,3,0,8,4,0.17,0.183,0,16,0,fitbit
3977333714,2016-04-29,sleep,420,4,0,8,5,0.08,0.174,0,17,0,fitbit
3977333714,2016-04-30,sleep,420,5,1,8,5,0.12,0.167,0,18,0,fitbit
3977333714,2016-05-01,sleep,480,6,1,8,5,0.3,0.16,0,19,0,fitbit
3977333714,2016-05-02,sleep,420,0,0,8,5,0.05,0.153,0,20,0,fitbit
3977333714,2016-05-03,sleep,420,1,0,8,5,0.18,0.148,0,21,0,fitbit
3977333714,2016-05-04,sleep,420,2,0,8,5,0.05,0.142,0,22,0,fitbit
3977333714,2016-05-05,sleep,480,3,0,8,5,0.1,0.137,0,23,0,fitbit
3977333714,2016-05-06,sleep,420,4,0,8,5,0.26,0.132,0,24,0,fitbit
3977333714,2016-05-07,sleep,360,5,1,8,4,0.21,0.128,0,25,0,fitbit
3977333714,2016-05-08,sleep,420,6,1,8,5,0.08,0.124,0,26,0,fitbit
3977333714,2016-05-10,sleep,480,1,0,8,5,0.05,0.12,0,27,0,fitbit
3977333714,2016-04-12,steps,5000,1,0,22,1,0.73,0.461,0,0,1,fitbit
3977333714,2016-04-13,steps,10000,2,0,22,4,0.73,0.551,1,1,1,fitbit
3977333714,2016-04-14,steps,5000,3,0,22,1,0.95,0.615,2,2,1,fitbit
3977333714,2016-04-15,steps,10000,4,0,22,4,0.82,0.663,3,3,0,fitbit
3977333714,2016-04-16,steps,10000,5,1,22,4,0.5,0.59,0,4,1,fitbit
3977333714,2016-04-17,steps,12500,6,1,22,5,0.6,0.631,1,5,0,fitbit
3977333714,2016-04-18,steps,7500,0,0,22,2,0.81,0.573,0,6,1,fitbit
3977333714,2016-04-19,steps,5000,1,0,22,1,0.65,0.609,1,7,1,fitbit
3977333714,2016-04-20,steps,7500,2,0,22,2,0.88,0.639,2,8,1,fitbit
3977333714,2016-04-21,steps,12500,3,0,22,4,0.95,0.665,3,9,0,fitbit
3977333714,2016-04-22,steps,10000,4,0,22,3,0.8,0.62,0,10,0,fitbit
3977333714,2016-04-23,steps,10000,5,1,22,3,0.86,0.582,0,11,1,fitbit
3977333714,2016-04-24,steps,7500,6,1,22,2,0.81,0.606,1,12,1,fitbit
3977333714,2016-04-25,steps,5000,0,0,22,1,0.88,0.628,2,13,1,fitbit
3977333714,2016-04-26,steps,12500,1,0,22,4,0.71,0.648,3,14,0,fitbit
3977333714,2016-04-27,steps,12500,2,0,22,4,0.54,0.615,0,15,0,fitbit
3977333714,2016-04-28,steps,12500,3,0,22,4,0.49,0.586,0,16,0,fitbit
3977333714,2016-04-29,steps,12500,4,0,22,4,0.73,0.559,0,17,0,fitbit
3977333714,2016-04-30,steps,7500,5,1,22,2,0.88,0.535,0,18,1,fitbit
3977333714,2016-05-01,steps,7500,6,1,22,2,0.62,0.554,1,19,1,fitbit
3977333714,2016-05-02,steps,5000,0,0,22,1,0.95,0.572,2,20,1,fitbit
3977333714,2016-05-03,steps,12500,1,0,22,4,0.6,0.589,3,21,1,fitbit
3977333714,2016-05-04,steps,10000,2,0,22,3,0.74,0.604,4,22,1,fitbit
3977333714,2016-05-05,steps,7500,3,0,22,1,0.93,0.618,5,23,1,fitbit
3977333714,2016-05-06,steps,12500,4,0,22,4,0.77,0.631,6,24,0,fitbit
3977333714,2016-05-07,steps,10000,5,1,22,2,0.8,0.61,0,25,1,fitbit
3977333714,2016-05-08,steps,12500,6,1,22,3,0.89,0.623,1,26,1,fitbit
3977333714,2016-05-09,steps,12500,0,0,22,3,0.77,0.635,2,27,1,fitbit
3977333714,2016-05-10,steps,5000,1,0,22,1,0.95,0.646,3,28,1,fitbit
3977333714,2016-05-11,steps,7500,2,0,22,1,0.82,0.656,4,29,0,fitbit
4020332650,2016-04-12,exercise,15,1,0,22,1,0.57,0.41,0,0,1,fitbit
4020332650,2016-04-14,exercise,45,3,0,22,5,0.5,0.508,1,1,0,fitbit
4020332650,2016-04-15,exercise,60,4,0,22,5,0.43,0.436,0,2,0,fitbit
4020332650,2016-04-16,exercise,60,5,1,22,5,0.26,0.381,0,3,1,fitbit
4020332650,2016-04-17,exercise,15,6,1,22,1,0.59,0.45,1,4,0,fitbit
4020332650,2016-04-18,exercise,15,0,0,22,2,0.86,0.405,0,5,0,fitbit
4020332650,2016-05-02,exercise,15,0,0,22,5,0.35,0.368,0,6,0,fitbit
4020332650,2016-05-03,exercise,15,1,0,22,5,0.19,0.338,0,7,0,fitbit
4020332650,2016-05-04,exercise,45,2,0,22,5,0.36,0.312,0,8,1,fitbit
4020332650,2016-05-05,exercise,45,3,0,22,5,0.29,0.361,1,9,1,fitbit
4020332650,2016-05-06,exercise,30,4,0,22,5,0.31,0.403,2,10,0,fitbit
4020332650,2016-05-07,exercise,30,5,1,22,5,0.39,0.378,0,11,0,fitbit
4020332650,2016-05-08,exercise,60,6,1,22,5,0.14,0.356,0,12,0,fitbit
4020332650,2016-05-09,exercise,30,0,0,22,5,0.32,0.336,0,13,0,fitbit
4020332650,2016-05-10,exercise,60,1,0,22,5,0.49,0.318,0,14,0,fitbit
4020332650,2016-05-11,exercise,60,2,0,22,5,0.3,0.303,0,15,0,fitbit
4020332650,2016-05-12,exercise,30,3,0,22,5,0.18,0.288,0,16,0,fitbit
4020332650,2016-04-12,sleep,360,1,0,8,2,0.75,0.567,0,0,1,fitbit
4020332650,2016-05-03,sleep,480,1,0,8,3,0.71,0.639,1,1,0,fitbit
4020332650,2016-05-04,sleep,420,2,0,8,3,0.55,0.548,0,2,1,fitbit
4020332650,2016-05-05,sleep,420,3,0,8,2,0.75,0.604,1,3,0,fitbit
4020332650,2016-05-06,sleep,360,4,0,8,3,0.66,0.537,0,4,1,fitbit
4020332650,2016-05-08,sleep,480,6,1,8,4,0.51,0.584,1,5,0,fitbit
4020332650,2016-05-10,sleep,360,1,0,8,3,0.53,0.53,0,6,1,fitbit
4020332650,2016-04-12,steps,10000,1,0,22,4,0.74,0.461,0,0,0,fitbit
4020332650,2016-04-14,steps,12500,3,0,22,5,0.38,0.385,0,1,0,fitbit
4020332650,2016-04-15,steps,5000,4,0,22,4,0.44,0.33,0,2,0,fitbit
4020332650,2016-04-16,steps,7500,5,1,22,5,0.05,0.288,0,3,0,fitbit
4020332650,2016-04-17,steps,10000,6,1,22,5,0.1,0.256,0,4,0,fitbit
4020332650,2016-04-18,steps,12500,0,0,22,5,0.32,0.231,0,5,0,fitbit
4020332650,2016-05-02,steps,5000,0,0,22,5,0.18,0.21,0,6,0,fitbit
4020332650,2016-05-03,steps,10000,1,0,22,5,0.05,0.192,0,7,0,fitbit
4020332650,2016-05-04,steps,7500,2,0,22,5,0.24,0.177,0,8,1,fitbit
4020332650,2016-05-05,steps,5000,3,0,22,5,0.11,0.236,1,9,1,fitbit
4020332650,2016-05-06,steps,10000,4,0,22,5,0.4,0.287,2,10,0,fitbit
4020332650,2016-05-07,steps,7500,5,1,22,5,0.2,0.269,0,11,0,fitbit
4020332650,2016-05-08,steps,10000,6,1,22,5,0.22,0.253,0,12,0,fitbit
4020332650,2016-05-09,steps,7500,0,0,22,5,0.32,0.239,0,13,0,fitbit
4020332650,2016-05-10,steps,12500,1,0,22,5,0.06,0.227,0,14,0,fitbit
4020332650,2016-05-11,steps,5000,2,0,22,4,0.12,0.215,0,15,0,fitbit
4020332650,2016-05-12,steps,12500,3,0,22,5,0.12,0.205,0,16,0,fitbit
4057192912,2016-04-12,exercise,15,1,0,22,1,0.61,0.41,0,0,0,fitbit
4057192912,2016-04-13,exercise,60,2,0,22,5,0.23,0.342,0,1,0,fitbit
4057192912,2016-04-15,exercise,45,4,0,22,5,0.2,0.293,0,2,0,fitbit
4057192912,2016-04-12,steps,5000,1,0,22,1,0.82,0.461,0,0,1,fitbit
4057192912,2016-04-13,steps,10000,2,0,22,5,0.33,0.551,1,1,0,fitbit
4057192912,2016-04-15,steps,7500,4,0,22,5,0.21,0.472,0,2,0,fitbit
4319703577,2016-04-13,exercise,30,2,0,22,4,0.38,0.41,0,0,0,fitbit
4319703577,2016-04-14,exercise,45,3,0,22,5,0.39,0.342,0,1,0,fitbit
4319703577,2016-04-15,exercise,45,4,0,22,5,0.05,0.293,0,2,0,fitbit
4319703577,2016-04-16,exercise,60,5,1,22,5,0.3,0.256,0,3,0,fitbit
4319703577,2016-04-17,exercise,30,6,1,22,5,0.12,0.228,0,4,0,fitbit
4319703577,2016-04-18,exercise,60,0,0,22,5,0.19,0.205,0,5,0,fitbit
4319703577,2016-04-19,exercise,60,1,0,22,5,0.05,0.186,0,6,0,fitbit
4319703577,2016-04-20,exercise,15,2,0,22,5,0.27,0.171,0,7,1,fitbit
4319703577,2016-04-21,exercise,15,3,0,22,5,0.32,0.235,1,8,0,fitbit
4319703577,2016-04-22,exercise,45,4,0,22,5,0.27,0.218,0,9,0,fitbit
4319703577,2016-04-23,exercise,15,5,1,22,5,0.05,0.203,0,10,0,fitbit
4319703577,2016-04-24,exercise,30,6,1,22,5,0.23,0.191,0,11,0,fitbit
4319703577,2016-04-25,exercise,30,0,0,22,5,0.17,0.179,0,12,0,fitbit
4319703577,2016-04-26,exercise,60,1,0,22,5,0.05,0.169,0,13,0,fitbit
4319703577,2016-04-27,exercise,60,2,0,22,5,0.1,0.161,0,14,0,fitbit
4319703577,2016-04-28,exercise,15,3,0,22,5,0.14,0.153,0,15,1,fitbit
4319703577,2016-04-29,exercise,60,4,0,22,5,0.2,0.193,1,16,0,fitbit
4319703577,2016-04-30,exercise,15,5,1,22,5,0.15,0.184,0,17,1,fitbit
4319703577,2016-05-01,exercise,45,6,1,22,5,0.19,0.22,1,18,0,fitbit
4319703577,2016-05-02,exercise,60,0,0,22,5,0.33,0.21,0,19,0,fitbit
4319703577,2016-05-03,exercise,60,1,0,22,5,0.29,0.202,0,20,0,fitbit
4319703577,2016-05-04,exercise,15,2,0,22,5,0.05,0.194,0,21,1,fitbit
4319703577,2016-05-05,exercise,60,3,0,22,5,0.13,0.224,1,22,1,fitbit
4319703577,2016-05-06,exercise,15,4,0,22,5,0.17,0.252,2,23,1,fitbit
4319703577,2016-05-07,exercise,45,5,1,22,5,0.05,0.278,3,24,0,fitbit
4319703577,2016-05-08,exercise,30,6,1,22,5,0.22,0.268,0,25,0,fitbit
4319703577,2016-05-09,exercise,30,0,0,22,5,0.35,0.26,0,26,0,fitbit
4319703577,2016-05-10,exercise,15,1,0,22,3,0.22,0.252,0,27,1,fitbit
4319703577,2016-05-11,exercise,60,2,0,22,5,0.25,0.274,1,28,0,fitbit
4319703577,2016-05-12,exercise,30,3,0,22,5,0.1,0.266,0,29,0,fitbit
4319703577,2016-04-14,sleep,360,3,0,8,2,0.58,0.567,0,0,1,fitbit
4319703577,2016-04-15,sleep,420,4,0,8,2,0.87,0.639,1,1,1,fitbit
4319703577,2016-04-16,sleep,420,5,1,8,2,0.94,0.691,2,2,1,fitbit
4319703577,2016-04-18,sleep,420,0,0,8,2,0.94,0.729,3,3,1,fitbit
4319703577,2016-04-19,sleep,360,1,0,8,2,0.95,0.759,4,4,1,fitbit
4319703577,2016-04-20,sleep,360,2,0,8,2,0.95,0.784,5,5,1,fitbit
4319703577,2016-04-22,sleep,360,4,0,8,2,0.95,0.803,6,6,1,fitbit
4319703577,2016-04-23,sleep,420,5,1,8,2,0.95,0.82,7,7,1,fitbit
4319703577,2016-04-24,sleep,420,6,1,8,2,0.95,0.833,8,8,1,fitbit
4319703577,2016-04-25,sleep,420,0,0,8,2,0.95,0.845,9,9,1,fitbit
4319703577,2016-04-26,sleep,420,1,0,8,2,0.95,0.856,10,10,1,fitbit
4319703577,2016-04-27,sleep,480,2,0,8,3,0.91,0.865,11,11,0,fitbit
4319703577,2016-04-28,sleep,420,3,0,8,2,0.91,0.814,0,12,1,fitbit
4319703577,2016-04-29,sleep,420,4,0,8,2,0.95,0.824,1,13,1,fitbit
4319703577,2016-04-30,sleep,420,5,1,8,2,0.95,0.833,2,14,1,fitbit
4319703577,2016-05-01,sleep,420,6,1,8,2,0.85,0.842,3,15,1,fitbit
4319703577,2016-05-02,sleep,420,0,0,8,2,0.95,0.849,4,16,1,fitbit
4319703577,2016-05-03,sleep,360,1,0,8,2,0.95,0.856,5,17,1,fitbit
4319703577,2016-05-06,sleep,360,4,0,8,2,0.91,0.862,6,18,1,fitbit
4319703577,2016-05-07,sleep,480,5,1,8,3,0.95,0.868,7,19,1,fitbit
4319703577,2016-05-08,sleep,420,6,1,8,2,0.95,0.873,8,20,1,fitbit
4319703577,2016-05-09,sleep,420,0,0,8,2,0.91,0.878,9,21,1,fitbit
4319703577,2016-05-10,sleep,360,1,0,8,2,0.95,0.883,10,22,1,fitbit
4319703577,2016-05-11,sleep,420,2,0,8,2,0.95,0.887,11,23,1,fitbit
4319703577,2016-05-12,sleep,420,3,0,8,2,0.95,0.891,12,24,0,fitbit
4319703577,2016-04-13,steps,7500,2,0,22,3,0.66,0.461,0,0,1,fitbit
4319703577,2016-04-14,steps,5000,3,0,22,1,0.74,0.551,1,1,1,fitbit
4319703577,2016-04-15,steps,10000,4,0,22,3,0.67,0.615,2,2,0,fitbit
4319703577,2016-04-16,steps,5000,5,1,22,1,0.58,0.538,0,3,0,fitbit
4319703577,2016-04-17,steps,10000,6,1,22,5,0.34,0.479,0,4,0,fitbit
4319703577,2016-04-18,steps,10000,0,0,22,5,0.37,0.431,0,5,0,fitbit
4319703577,2016-04-19,steps,12500,1,0,22,5,0.44,0.392,0,6,0,fitbit
4319703577,2016-04-20,steps,10000,2,0,22,5,0.21,0.359,0,7,0,fitbit
4319703577,2016-04-21,steps,7500,3,0,22,3,0.63,0.331,0,8,0,fitbit
4319703577,2016-04-22,steps,10000,4,0,22,5,0.17,0.308,0,9,0,fitbit
4319703577,2016-04-23,steps,12500,5,1,22,5,0.15,0.287,0,10,0,fitbit
4319703577,2016-04-24,steps,7500,6,1,22,5,0.39,0.269,0,11,0,fitbit
4319703577,2016-04-25,steps,5000,0,0,22,3,0.38,0.253,0,12,1,fitbit
4319703577,2016-04-26,steps,12500,1,0,22,5,0.17,0.295,1,13,0,fitbit
4319703577,2016-04-27,steps,5000,2,0,22,3,0.36,0.279,0,14,1,fitbit
4319703577,2016-04-28,steps,10000,3,0,22,5,0.42,0.315,1,15,1,fitbit
4319703577,2016-04-29,steps,5000,4,0,22,2,0.7,0.348,2,16,1,fitbit
4319703577,2016-04-30,steps,5000,5,1,22,1,0.54,0.378,3,17,1,fitbit
4319703577,2016-05-01,steps,12500,6,1,22,5,0.34,0.405,4,18,0,fitbit
4319703577,2016-05-02,steps,5000,0,0,22,1,0.66,0.388,0,19,1,fitbit
4319703577,2016-05-03,steps,10000,1,0,22,4,0.31,0.412,1,20,0,fitbit
4319703577,2016-05-04,steps,10000,2,0,22,4,0.41,0.396,0,21,1,fitbit
4319703577,2016-05-05,steps,5000,3,0,22,1,0.68,0.419,1,22,1,fitbit
4319703577,2016-05-06,steps,5000,4,0,22,1,0.84,0.44,2,23,1,fitbit
4319703577,2016-05-07,steps,12500,5,1,22,5,0.54,0.459,3,24,0,fitbit
4319703577,2016-05-08,steps,10000,6,1,22,4,0.42,0.444,0,25,0,fitbit
4319703577,2016-05-09,steps,5000,0,0,22,1,0.66,0.429,0,26,1,fitbit
4319703577,2016-05-10,steps,12500,1,0,22,5,0.47,0.447,1,27,0,fitbit
4319703577,2016-05-11,steps,7500,2,0,22,2,0.54,0.434,0,28,1,fitbit
4319703577,2016-05-12,steps,5000,3,0,22,1,0.78,0.45,1,29,0,fitbit
4388161847,2016-04-13,exercise,45,2,0,22,5,0.27,0.41,0,0,0,fitbit
4388161847,2016-04-14,exercise,30,3,0,22,5,0.46,0.342,0,1,1,fitbit
4388161847,2016-04-15,exercise,30,4,0,22,3,0.47,0.436,1,2,0,fitbit
4388161847,2016-04-16,exercise,60,5,1,22,5,0.38,0.381,0,3,0,fitbit
4388161847,2016-04-17,exercise,15,6,1,22,3,0.21,0.339,0,4,0,fitbit
4388161847,2016-04-18,exercise,45,0,0,22,5,0.47,0.305,0,5,0,fitbit
4388161847,2016-04-19,exercise,45,1,0,22,5,0.29,0.277,0,6,0,fitbit
4388161847,2016-04-20,exercise,30,2,0,22,5,0.17,0.254,0,7,1,fitbit
4388161847,2016-04-21,exercise,30,3,0,22,4,0.4,0.312,1,8,0,fitbit
4388161847,2016-04-22,exercise,15,4,0,22,2,0.3,0.289,0,9,1,fitbit
4388161847,2016-04-23,exercise,60,5,1,22,5,0.42,0.337,1,10,1,fitbit
4388161847,2016-04-24,exercise,60,6,1,22,5,0.28,0.378,2,11,0,fitbit
4388161847,2016-04-25,exercise,15,0,0,22,1,0.59,0.356,0,12,1,fitbit
4388161847,2016-04-26,exercise,15,1,0,22,1,0.59,0.392,1,13,1,fitbit
4388161847,2016-04-27,exercise,15,2,0,22,1,0.61,0.424,2,14,1,fitbit
4388161847,2016-04-28,exercise,15,3,0,22,1,0.8,0.453,3,15,1,fitbit
4388161847,2016-04-29,exercise,60,4,0,22,5,0.45,0.479,4,16,0,fitbit
4388161847,2016-04-30,exercise,60,5,1,22,5,0.48,0.457,0,17,0,fitbit
4388161847,2016-05-01,exercise,15,6,1,22,1,0.7,0.437,0,18,1,fitbit
4388161847,2016-05-02,exercise,45,0,0,22,4,0.54,0.46,1,19,0,fitbit
4388161847,2016-05-03,exercise,15,1,0,22,1,0.65,0.442,0,20,1,fitbit
4388161847,2016-05-04,exercise,30,2,0,22,2,0.91,0.463,1,21,1,fitbit
4388161847,2016-05-05,exercise,45,3,0,22,4,0.31,0.483,2,22,1,fitbit
4388161847,2016-05-06,exercise,45,4,0,22,4,0.67,0.502,3,23,1,fitbit
4388161847,2016-05-07,exercise,60,5,1,22,5,0.62,0.519,4,24,1,fitbit
4388161847,2016-05-08,exercise,15,6,1,22,1,0.69,0.535,5,25,1,fitbit
4388161847,2016-05-09,exercise,15,0,0,22,1,0.95,0.55,6,26,1,fitbit
4388161847,2016-05-10,exercise,30,1,0,22,2,0.86,0.564,7,27,0,fitbit
4388161847,2016-05-11,exercise,30,2,0,22,2,0.84,0.547,0,28,0,fitbit
4388161847,2016-05-12,exercise,60,3,0,22,5,0.47,0.531,0,29,0,fitbit
4388161847,2016-04-15,sleep,420,4,0,8,3,0.86,0.567,0,0,1,fitbit
4388161847,2016-04-16,sleep,420,5,1,8,2,0.84,0.639,1,1,1,fitbit
4388161847,2016-04-17,sleep,420,6,1,8,3,0.79,0.691,2,2,1,fitbit
4388161847,2016-04-19,sleep,480,1,0,8,3,0.75,0.729,3,3,0,fitbit
4388161847,2016-04-20,sleep,420,2,0,8,3,0.82,0.648,0,4,1,fitbit
4388161847,2016-04-21,sleep,480,3,0,8,4,0.76,0.684,1,5,0,fitbit
4388161847,2016-04-23,sleep,480,5,1,8,4,0.64,0.621,0,6,0,fitbit
4388161847,2016-04-24,sleep,420,6,1,8,3,0.58,0.57,0,7,1,fitbit
4388161847,2016-04-26,sleep,480,1,0,8,3,0.72,0.603,1,8,0,fitbit
4388161847,2016-04-27,sleep,360,2,0,8,2,0.73,0.56,0,9,1,fitbit
4388161847,2016-04-28,sleep,480,3,0,8,3,0.53,0.589,1,10,0,fitbit
4388161847,2016-04-30,sleep,480,5,1,8,3,0.48,0.552,0,11,0,fitbit
4388161847,2016-05-01,sleep,420,6,1,8,3,0.69,0.52,0,12,1,fitbit
4388161847,2016-05-02,sleep,480,0,0,8,3,0.33,0.546,1,13,0,fitbit
4388161847,2016-05-04,sleep,420,2,0,8,3,0.64,0.518,0,14,0,fitbit
4388161847,2016-05-05,sleep,360,3,0,8,2,0.61,0.492,0,15,1,fitbit
4388161847,2016-05-07,sleep,480,5,1,8,4,0.69,0.516,1,16,0,fitbit
4388161847,2016-05-08,sleep,360,6,1,8,2,0.61,0.493,0,17,1,fitbit
4388161847,2016-05-10,sleep,360,1,0,8,2,0.77,0.515,1,18,0,fitbit
4388161847,2016-05-11,sleep,420,2,0,8,3,0.55,0.493,0,19,1,fitbit
4388161847,2016-04-13,steps,12500,2,0,22,5,0.39,0.461,0,0,0,fitbit
4388161847,2016-04-14,steps,5000,3,0,22,1,0.53,0.385,0,1,1,fitbit
4388161847,2016-04-15,steps,10000,4,0,22,3,0.46,0.472,1,2,0,fitbit
4388161847,2016-04-16,steps,12500,5,1,22,5,0.53,0.413,0,3,0,fitbit
4388161847,2016-04-17,steps,10000,6,1,22,4,0.37,0.367,0,4,0,fitbit
4388161847,2016-04-18,steps,10000,0,0,22,4,0.55,0.331,0,5,1,fitbit
4388161847,2016-04-19,steps,7500,1,0,22,2,0.51,0.392,1,6,1,fitbit
4388161847,2016-04-20,steps,5000,2,0,22,1,0.74,0.442,2,7,1,fitbit
4388161847,2016-04-21,steps,10000,3,0,22,3,0.87,0.485,3,8,1,fitbit
4388161847,2016-04-22,steps,12500,4,0,22,4,0.42,0.522,4,9,0,fitbit
4388161847,2016-04-23,steps,5000,5,1,22,1,0.52,0.487,0,10,1,fitbit
4388161847,2016-04-24,steps,12500,6,1,22,4,0.69,0.519,1,11,0,fitbit
4388161847,2016-04-25,steps,7500,0,0,22,2,0.57,0.489,0,12,1,fitbit
4388161847,2016-04-26,steps,10000,1,0,22,3,0.61,0.517,1,13,0,fitbit
4388161847,2016-04-27,steps,5000,2,0,22,1,0.68,0.49,0,14,1,fitbit
4388161847,2016-04-28,steps,10000,3,0,22,3,0.65,0.515,1,15,1,fitbit
4388161847,2016-04-29,steps,5000,4,0,22,1,0.68,0.538,2,16,1,fitbit
4388161847,2016-04-30,steps,7500,5,1,22,2,0.72,0.559,3,17,1,fitbit
4388161847,2016-05-01,steps,10000,6,1,22,3,0.73,0.579,4,18,1,fitbit
4388161847,2016-05-02,steps,5000,0,0,22,1,0.74,0.596,5,19,1,fitbit
4388161847,2016-05-03,steps,7500,1,0,22,2,0.71,0.612,6,20,1,fitbit
4388161847,2016-05-04,steps,10000,2,0,22,3,0.69,0.627,7,21,1,fitbit
4388161847,2016-05-05,steps,5000,3,0,22,1,0.73,0.641,8,22,1,fitbit
4388161847,2016-05-06,steps,7500,4,0,22,2,0.78,0.654,9,23,1,fitbit
4388161847,2016-05-07,steps,7500,5,1,22,2,0.86,0.666,10,24,1,fitbit
4388161847,2016-05-08,steps,10000,6,1,22,3,0.73,0.677,11,25,1,fitbit
4388161847,2016-05-09,steps,12500,0,0,22,4,0.67,0.687,12,26,0,fitbit
4388161847,2016-05-10,steps,12500,1,0,22,4,0.68,0.666,0,27,0,fitbit
4388161847,2016-05-11,steps,5000,2,0,22,1,0.83,0.646,0,28,1,fitbit
4388161847,2016-05-12,steps,5000,3,0,22,1,0.95,0.656,1,29,0,fitbit
4445114986,2016-04-12,exercise,60,1,0,22,5,0.32,0.41,0,0,0,fitbit
4445114986,2016-04-13,exercise,30,2,0,22,5,0.26,0.342,0,1,0,fitbit
4445114986,2016-04-14,exercise,60,3,0,22,5,0.28,0.293,0,2,0,fitbit
4445114986,2016-04-15,exercise,30,4,0,22,5,0.36,0.256,0,3,0,fitbit
4445114986,2016-04-16,exercise,45,5,1,22,5,0.19,0.228,0,4,0,fitbit
4445114986,2016-04-17,exercise,30,6,1,22,5,0.05,0.205,0,5,0,fitbit
4445114986,2016-04-18,exercise,15,0,0,22,5,0.22,0.186,0,6,1,fitbit
4445114986,2016-04-19,exercise,60,1,0,22,5,0.3,0.254,1,7,0,fitbit
4445114986,2016-04-20,exercise,15,2,0,22,5,0.25,0.235,0,8,0,fitbit
4445114986,2016-04-21,exercise,15,3,0,22,5,0.25,0.218,0,9,0,fitbit
4445114986,2016-04-22,exercise,15,4,0,22,5,0.11,0.203,0,10,0,fitbit
4445114986,2016-04-23,exercise,30,5,1,22,5,0.05,0.191,0,11,0,fitbit
4445114986,2016-04-24,exercise,15,6,1,22,5,0.05,0.179,0,12,0,fitbit
4445114986,2016-04-25,exercise,15,0,0,22,5,0.05,0.169,0,13,0,fitbit
4445114986,2016-04-26,exercise,45,1,0,22,5,0.13,0.161,0,14,0,fitbit
4445114986,2016-04-27,exercise,60,2,0,22,5,0.08,0.153,0,15,0,fitbit
4445114986,2016-04-28,exercise,15,3,0,22,5,0.05,0.145,0,16,0,fitbit
4445114986,2016-04-29,exercise,30,4,0,22,5,0.05,0.139,0,17,0,fitbit
4445114986,2016-04-30,exercise,45,5,1,22,5,0.05,0.133,0,18,0,fitbit
4445114986,2016-05-01,exercise,60,6,1,22,5,0.2,0.127,0,19,0,fitbit
4445114986,2016-05-02,exercise,45,0,0,22,5,0.05,0.122,0,20,0,fitbit
4445114986,2016-05-03,exercise,60,1,0,22,5,0.1,0.117,0,21,0,fitbit
4445114986,2016-05-04,exercise,45,2,0,22,5,0.05,0.113,0,22,0,fitbit
4445114986,2016-05-05,exercise,30,3,0,22,5,0.22,0.109,0,23,0,fitbit
4445114986,2016-05-06,exercise,15,4,0,22,5,0.05,0.105,0,24,0,fitbit
4445114986,2016-05-07,exercise,60,5,1,22,5,0.08,0.102,0,25,0,fitbit
4445114986,2016-05-08,exercise,60,6,1,22,5,0.32,0.098,0,26,0,fitbit
4445114986,2016-05-09,exercise,15,0,0,22,5,0.22,0.095,0,27,0,fitbit
4445114986,2016-05-10,exercise,45,1,0,22,5,0.05,0.092,0,28,0,fitbit
4445114986,2016-05-11,exercise,15,2,0,22,5,0.05,0.09,0,29,1,fitbit
4445114986,2016-05-12,exercise,45,3,0,22,5,0.05,0.116,1,30,0,fitbit
4445114986,2016-04-12,sleep,480,1,0,8,3,0.68,0.567,0,0,0,fitbit
4445114986,2016-04-13,sleep,420,2,0,8,3,0.66,0.473,0,1,0,fitbit
4445114986,2016-04-14,sleep,420,3,0,8,3,0.45,0.405,0,2,1,fitbit
4445114986,2016-04-15,sleep,360,4,0,8,2,0.78,0.479,1,3,0,fitbit
4445114986,2016-04-16,sleep,360,5,1,8,3,0.41,0.426,0,4,1,fitbit
4445114986,2016-04-19,sleep,360,1,0,8,2,0.7,0.484,1,5,1,fitbit
4445114986,2016-04-20,sleep,360,2,0,8,2,0.82,0.53,2,6,1,fitbit
4445114986,2016-04-21,sleep,480,3,0,8,4,0.67,0.57,3,7,0,fitbit
4445114986,2016-04-22,sleep,480,4,0,8,4,0.78,0.526,0,8,0,fitbit
4445114986,2016-04-25,sleep,480,0,0,8,4,0.42,0.488,0,9,0,fitbit
4445114986,2016-04-26,sleep,360,1,0,8,2,0.47,0.456,0,10,0,fitbit
4445114986,2016-04-27,sleep,360,2,0,8,3,0.41,0.427,0,11,0,fitbit
4445114986,2016-04-28,sleep,360,3,0,8,3,0.58,0.402,0,12,1,fitbit
4445114986,2016-04-30,sleep,420,5,1,8,3,0.59,0.435,1,13,0,fitbit
4445114986,2016-05-01,sleep,420,6,1,8,3,0.52,0.412,0,14,1,fitbit
4445114986,2016-05-02,sleep,420,0,0,8,3,0.41,0.442,1,15,1,fitbit
4445114986,2016-05-03,sleep,360,1,0,8,2,0.74,0.468,2,16,1,fitbit
4445114986,2016-05-04,sleep,480,2,0,8,4,0.37,0.493,3,17,0,fitbit
4445114986,2016-05-05,sleep,360,3,0,8,2,0.79,0.471,0,18,1,fitbit
4445114986,2016-05-06,sleep,360,4,0,8,2,0.95,0.493,1,19,1,fitbit
4445114986,2016-05-07,sleep,480,5,1,8,4,0.58,0.513,2,20,0,fitbit
4445114986,2016-05-08,sleep,480,6,1,8,4,0.58,0.494,0,21,0,fitbit
4445114986,2016-05-09,sleep,360,0,0,8,3,0.52,0.475,0,22,1,fitbit
4445114986,2016-05-10,sleep,420,1,0,8,3,0.38,0.494,1,23,0,fitbit
4445114986,2016-05-11,sleep,480,2,0,8,4,0.42,0.477,0,24,1,fitbit
4445114986,2016-05-12,sleep,480,3,0,8,4,0.38,0.495,1,25,1,fitbit
4445114986,2016-04-12,steps,5000,1,0,22,1,0.89,0.461,0,0,0,fitbit
4445114986,2016-04-13,steps,10000,2,0,22,5,0.27,0.385,0,1,0,fitbit
4445114986,2016-04-14,steps,5000,3,0,22,5,0.33,0.33,0,2,0,fitbit
4445114986,2016-04-15,steps,5000,4,0,22,5,0.2,0.288,0,3,1,fitbit
4445114986,2016-04-16,steps,12500,5,1,22,5,0.35,0.367,1,4,0,fitbit
4445114986,2016-04-17,steps,12500,6,1,22,5,0.46,0.331,0,5,0,fitbit
4445114986,2016-04-18,steps,12500,0,0,22,5,0.3,0.301,0,6,0,fitbit
4445114986,2016-04-19,steps,7500,1,0,22,5,0.05,0.276,0,7,0,fitbit
4445114986,2016-04-20,steps,10000,2,0,22,5,0.25,0.254,0,8,0,fitbit
4445114986,2016-04-21,steps,10000,3,0,22,5,0.32,0.236,0,9,0,fitbit
4445114986,2016-04-22,steps,5000,4,0,22,5,0.13,0.22,0,10,1,fitbit
4445114986,2016-04-23,steps,10000,5,1,22,5,0.33,0.269,1,11,0,fitbit
4445114986,2016-04-24,steps,10000,6,1,22,5,0.11,0.253,0,12,0,fitbit
4445114986,2016-04-25,steps,7500,0,0,22,5,0.05,0.239,0,13,0,fitbit
4445114986,2016-04-26,steps,12500,1,0,22,5,0.18,0.227,0,14,0,fitbit
4445114986,2016-04-27,steps,10000,2,0,22,5,0.05,0.215,0,15,0,fitbit
4445114986,2016-04-28,steps,10000,3,0,22,5,0.12,0.205,0,16,0,fitbit
4445114986,2016-04-29,steps,10000,4,0,22,5,0.29,0.196,0,17,0,fitbit
4445114986,2016-04-30,steps,12500,5,1,22,5,0.05,0.187,0,18,0,fitbit
4445114986,2016-05-01,steps,10000,6,1,22,5,0.05,0.179,0,19,0,fitbit
4445114986,2016-05-02,steps,7500,0,0,22,5,0.05,0.172,0,20,0,fitbit
4445114986,2016-05-03,steps,12500,1,0,22,5,0.1,0.166,0,21,0,fitbit
4445114986,2016-05-04,steps,10000,2,0,22,5,0.06,0.16,0,22,0,fitbit
4445114986,2016-05-05,steps,12500,3,0,22,5,0.26,0.154,0,23,0,fitbit
4445114986,2016-05-06,steps,5000,4,0,22,4,0.28,0.149,0,24,0,fitbit
4445114986,2016-05-07,steps,7500,5,1,22,5,0.14,0.144,0,25,0,fitbit
4445114986,2016-05-08,steps,12500,6,1,22,5,0.1,0.139,0,26,0,fitbit
4445114986,2016-05-09,steps,10000,0,0,22,5,0.12,0.135,0,27,0,fitbit
4445114986,2016-05-10,steps,12500,1,0,22,5,0.05,0.131,0,28,0,fitbit
4445114986,2016-05-11,steps,5000,2,0,22,4,0.25,0.127,0,29,1,fitbit
4445114986,2016-05-12,steps,5000,3,0,22,3,0.12,0.152,1,30,0,fitbit
4558609924,2016-04-12,exercise,60,1,0,22,5,0.41,0.41,0,0,0,fitbit
4558609924,2016-04-13,exercise,15,2,0,22,5,0.27,0.342,0,1,1,fitbit
4558609924,2016-04-14,exercise,30,3,0,22,5,0.33,0.436,1,2,0,fitbit
4558609924,2016-04-15,exercise,15,4,0,22,5,0.5,0.381,0,3,1,fitbit
4558609924,2016-04-16,exercise,45,5,1,22,5,0.38,0.45,1,4,0,fitbit
4558609924,2016-04-17,exercise,60,6,1,22,5,0.62,0.405,0,5,0,fitbit
4558609924,2016-04-18,exercise,15,0,0,22,1,0.64,0.368,0,6,1,fitbit
4558609924,2016-04-19,exercise,30,1,0,22,4,0.66,0.421,1,7,0,fitbit
4558609924,2016-04-20,exercise,60,2,0,22,5,0.37,0.388,0,8,0,fitbit
4558609924,2016-04-21,exercise,30,3,0,22,5,0.42,0.361,0,9,0,fitbit
4558609924,2016-04-22,exercise,15,4,0,22,1,0.51,0.337,0,10,1,fitbit
4558609924,2016-04-23,exercise,30,5,1,22,4,0.3,0.378,1,11,0,fitbit
4558609924,2016-04-24,exercise,45,6,1,22,5,0.35,0.356,0,12,0,fitbit
4558609924,2016-04-25,exercise,45,0,0,22,5,0.39,0.336,0,13,0,fitbit
4558609924,2016-04-26,exercise,30,1,0,22,5,0.26,0.318,0,14,1,fitbit
4558609924,2016-04-27,exercise,60,2,0,22,5,0.14,0.353,1,15,0,fitbit
4558609924,2016-04-28,exercise,45,3,0,22,5,0.11,0.336,0,16,0,fitbit
4558609924,2016-04-29,exercise,30,4,0,22,4,0.17,0.32,0,17,1,fitbit
4558609924,2016-04-30,exercise,60,5,1,22,5,0.08,0.35,1,18,0,fitbit
4558609924,2016-05-01,exercise,60,6,1,22,5,0.29,0.335,0,19,0,fitbit
4558609924,2016-05-02,exercise,30,0,0,22,4,0.48,0.322,0,20,0,fitbit
4558609924,2016-05-03,exercise,15,1,0,22,1,0.57,0.31,0,21,1,fitbit
4558609924,2016-05-04,exercise,45,2,0,22,5,0.05,0.335,1,22,0,fitbit
4558609924,2016-05-05,exercise,45,3,0,22,5,0.24,0.323,0,23,0,fitbit
4558609924,2016-05-06,exercise,15,4,0,22,1,0.55,0.312,0,24,0,fitbit
4558609924,2016-05-07,exercise,45,5,1,22,5,0.49,0.302,0,25,0,fitbit
4558609924,2016-05-08,exercise,60,6,1,22,5,0.06,0.292,0,26,1,fitbit
4558609924,2016-05-09,exercise,15,0,0,22,1,0.53,0.314,1,27,1,fitbit
4558609924,2016-05-10,exercise,45,1,0,22,5,0.48,0.335,2,28,0,fitbit
4558609924,2016-05-11,exercise,15,2,0,22,1,0.64,0.325,0,29,1,fitbit
4558609924,2016-05-12,exercise,45,3,0,22,5,0.35,0.344,1,30,0,fitbit
4558609924,2016-04-21,sleep,480,3,0,8,3,0.49,0.567,0,0,0,fitbit
4558609924,2016-04-29,sleep,420,4,0,8,5,0.62,0.473,0,1,0,fitbit
4558609924,2016-05-08,sleep,420,6,1,8,5,0.38,0.405,0,2,0,fitbit
4558609924,2016-04-12,steps,12500,1,0,22,5,0.5,0.461,0,0,0,fitbit
4558609924,2016-04-13,steps,7500,2,0,22,5,0.47,0.385,0,1,0,fitbit
4558609924,2016-04-14,steps,10000,3,0,22,5,0.3,0.33,0,2,0,fitbit
4558609924,2016-04-15,steps,7500,4,0,22,5,0.21,0.288,0,3,1,fitbit
4558609924,2016-04-16,steps,7500,5,1,22,4,0.44,0.367,1,4,0,fitbit
4558609924,2016-04-17,steps,12500,6,1,22,5,0.05,0.331,0,5,0,fitbit
4558609924,2016-04-18,steps,5000,0,0,22,2,0.52,0.301,0,6,1,fitbit
4558609924,2016-04-19,steps,12500,1,0,22,5,0.29,0.359,1,7,0,fitbit
4558609924,2016-04-20,steps,12500,2,0,22,5,0.26,0.331,0,8,0,fitbit
4558609924,2016-04-21,steps,10000,3,0,22,5,0.33,0.308,0,9,1,fitbit
4558609924,2016-04-22,steps,7500,4,0,22,3,0.45,0.354,1,10,1,fitbit
4558609924,2016-04-23,steps,5000,5,1,22,1,0.52,0.394,2,11,1,fitbit
4558609924,2016-04-24,steps,10000,6,1,22,5,0.35,0.43,3,12,0,fitbit
4558609924,2016-04-25,steps,7500,0,0,22,3,0.51,0.406,0,13,1,fitbit
4558609924,2016-04-26,steps,5000,1,0,22,1,0.71,0.437,1,14,1,fitbit
4558609924,2016-04-27,steps,7500,2,0,22,3,0.58,0.465,2,15,1,fitbit
4558609924,2016-04-28,steps,12500,3,0,22,5,0.56,0.491,3,16,0,fitbit
4558609924,2016-04-29,steps,7500,4,0,22,3,0.44,0.469,0,17,1,fitbit
4558609924,2016-04-30,steps,5000,5,1,22,1,0.77,0.492,1,18,1,fitbit
4558609924,2016-05-01,steps,10000,6,1,22,4,0.69,0.513,2,19,0,fitbit
4558609924,2016-05-02,steps,5000,0,0,22,1,0.54,0.492,0,20,1,fitbit
4558609924,2016-05-03,steps,12500,1,0,22,5,0.47,0.512,1,21,0,fitbit
4558609924,2016-05-04,steps,12500,2,0,22,5,0.36,0.493,0,22,0,fitbit
4558609924,2016-05-05,steps,12500,3,0,22,5,0.37,0.475,0,23,0,fitbit
4558609924,2016-05-06,steps,12500,4,0,22,5,0.29,0.459,0,24,0,fitbit
4558609924,2016-05-07,steps,5000,5,1,22,1,0.68,0.444,0,25,1,fitbit
4558609924,2016-05-08,steps,5000,6,1,22,1,0.94,0.462,1,26,1,fitbit
4558609924,2016-05-09,steps,7500,0,0,22,3,0.43,0.478,2,27,1,fitbit
4558609924,2016-05-10,steps,7500,1,0,22,3,0.45,0.494,3,28,0,fitbit
4558609924,2016-05-11,steps,12500,2,0,22,5,0.26,0.48,0,29,0,fitbit
4558609924,2016-05-12,steps,10000,3,0,22,4,0.69,0.466,0,30,0,fitbit
4702921684,2016-04-12,exercise,30,1,0,22,4,0.44,0.41,0,0,0,fitbit
4702921684,2016-04-13,exercise,15,2,0,22,5,0.32,0.342,0,1,0,fitbit
4702921684,2016-04-14,exercise,60,3,0,22,5,0.33,0.293,0,2,0,fitbit
4702921684,2016-04-15,exercise,15,4,0,22,5,0.1,0.256,0,3,0,fitbit
4702921684,2016-04-16,exercise,45,5,1,22,5,0.27,0.228,0,4,0,fitbit
4702921684,2016-04-17,exercise,15,6,1,22,5,0.05,0.205,0,5,1,fitbit
4702921684,2016-04-18,exercise,60,0,0,22,5,0.26,0.277,1,6,0,fitbit
4702921684,2016-04-19,exercise,45,1,0,22,5,0.22,0.254,0,7,0,fitbit
4702921684,2016-04-20,exercise,60,2,0,22,5,0.1,0.235,0,8,0,fitbit
4702921684,2016-04-21,exercise,30,3,0,22,5,0.16,0.218,0,9,1,fitbit
4702921684,2016-04-22,exercise,30,4,0,22,5,0.14,0.27,1,10,0,fitbit
4702921684,2016-04-23,exercise,45,5,1,22,5,0.06,0.253,0,11,1,fitbit
4702921684,2016-04-24,exercise,60,6,1,22,5,0.19,0.297,1,12,1,fitbit
4702921684,2016-04-25,exercise,60,0,0,22,5,0.14,0.336,2,13,0,fitbit
4702921684,2016-04-26,exercise,15,1,0,22,1,0.62,0.318,0,14,0,fitbit
4702921684,2016-04-27,exercise,45,2,0,22,5,0.1,0.303,0,15,0,fitbit
4702921684,2016-04-28,exercise,15,3,0,22,2,0.55,0.288,0,16,1,fitbit
4702921684,2016-04-29,exercise,30,4,0,22,5,0.12,0.32,1,17,1,fitbit
4702921684,2016-04-30,exercise,60,5,1,22,5,0.22,0.35,2,18,0,fitbit
4702921684,2016-05-02,exercise,30,0,0,22,5,0.2,0.335,0,19,1,fitbit
4702921684,2016-05-03,exercise,60,1,0,22,5,0.46,0.362,1,20,0,fitbit
4702921684,2016-05-04,exercise,30,2,0,22,5,0.33,0.348,0,21,0,fitbit
4702921684,2016-05-05,exercise,15,3,0,22,1,0.57,0.335,0,22,0,fitbit
4702921684,2016-05-06,exercise,30,4,0,22,5,0.32,0.323,0,23,0,fitbit
4702921684,2016-05-07,exercise,45,5,1,22,5,0.05,0.312,0,24,1,fitbit
4702921684,2016-05-08,exercise,60,6,1,22,5,0.27,0.335,1,25,1,fitbit
4702921684,2016-05-09,exercise,45,0,0,22,5,0.54,0.356,2,26,0,fitbit
4702921684,2016-05-10,exercise,60,1,0,22,5,0.3,0.345,0,27,0,fitbit
4702921684,2016-05-11,exercise,60,2,0,22,5,0.28,0.335,0,28,0,fitbit
4702921684,2016-05-12,exercise,60,3,0,22,5,0.33,0.325,0,29,0,fitbit
4702921684,2016-04-12,sleep,480,1,0,8,3,0.71,0.567,0,0,0,fitbit
4702921684,2016-04-13,sleep,360,2,0,8,2,0.62,0.473,0,1,1,fitbit
4702921684,2016-04-14,sleep,360,3,0,8,2,0.71,0.548,1,2,1,fitbit
4702921684,2016-04-15,sleep,420,4,0,8,3,0.82,0.604,2,3,0,fitbit
4702921684,2016-04-16,sleep,480,5,1,8,4,0.55,0.537,0,4,0,fitbit
4702921684,2016-04-17,sleep,360,6,1,8,3,0.65,0.484,0,5,1,fitbit
4702921684,2016-04-18,sleep,420,0,0,8,3,0.61,0.53,1,6,0,fitbit
4702921684,2016-04-19,sleep,420,1,0,8,3,0.54,0.486,0,7,1,fitbit
4702921684,2016-04-20,sleep,420,2,0,8,3,0.46,0.526,1,8,1,fitbit
4702921684,2016-04-21,sleep,480,3,0,8,4,0.34,0.56,2,9,0,fitbit
4702921684,2016-04-23,sleep,360,5,1,8,2,0.67,0.522,0,10,1,fitbit
4702921684,2016-04-24,sleep,480,6,1,8,4,0.58,0.552,1,11,1,fitbit
4702921684,2016-04-25,sleep,420,0,0,8,3,0.52,0.579,2,12,0,fitbit
4702921684,2016-04-26,sleep,480,1,0,8,4,0.56,0.546,0,13,0,fitbit
4702921684,2016-04-27,sleep,420,2,0,8,3,0.62,0.518,0,14,1,fitbit
4702921684,2016-04-28,sleep,360,3,0,8,2,0.46,0.542,1,15,1,fitbit
4702921684,2016-04-29,sleep,480,4,0,8,4,0.47,0.564,2,16,0,fitbit
4702921684,2016-04-30,sleep,480,5,1,8,4,0.61,0.538,0,17,0,fitbit
4702921684,2016-05-03,sleep,360,1,0,8,2,0.74,0.515,0,18,0,fitbit
4702921684,2016-05-04,sleep,480,2,0,8,4,0.37,0.493,0,19,0,fitbit
4702921684,2016-05-05,sleep,480,3,0,8,4,0.51,0.473,0,20,0,fitbit
4702921684,2016-05-06,sleep,420,4,0,8,3,0.68,0.455,0,21,0,fitbit
4702921684,2016-05-07,sleep,480,5,1,8,4,0.55,0.438,0,22,1,fitbit
4702921684,2016-05-09,sleep,420,0,0,8,3,0.55,0.458,1,23,1,fitbit
4702921684,2016-05-10,sleep,420,1,0,8,3,0.52,0.477,2,24,0,fitbit
4702921684,2016-05-11,sleep,360,2,0,8,2,0.57,0.461,0,25,0,fitbit
4702921684,2016-05-12,sleep,480,3,0,8,4,0.52,0.446,0,26,0,fitbit
4702921684,2016-04-12,steps,10000,1,0,22,4,0.43,0.461,0,0,0,fitbit
4702921684,2016-04-13,steps,12500,2,0,22,5,0.32,0.385,0,1,0,fitbit
4702921684,2016-04-14,steps,10000,3,0,22,5,0.22,0.33,0,2,0,fitbit
4702921684,2016-04-15,steps,7500,4,0,22,3,0.27,0.288,0,3,0,fitbit
4702921684,2016-04-16,steps,7500,5,1,22,3,0.33,0.256,0,4,1,fitbit
4702921684,2016-04-17,steps,10000,6,1,22,5,0.57,0.331,1,5,1,fitbit
4702921684,2016-04-18,steps,5000,0,0,22,1,0.82,0.392,2,6,1,fitbit
4702921684,2016-04-19,steps,10000,1,0,22,4,0.36,0.442,3,7,0,fitbit
4702921684,2016-04-20,steps,10000,2,0,22,5,0.43,0.408,0,8,0,fitbit
4702921684,2016-04-21,steps,10000,3,0,22,4,0.3,0.379,0,9,0,fitbit
4702921684,2016-04-22,steps,10000,4,0,22,5,0.08,0.354,0,10,0,fitbit
4702921684,2016-04-23,steps,12500,5,1,22,5,0.39,0.332,0,11,1,fitbit
4702921684,2016-04-24,steps,12500,6,1,22,5,0.45,0.371,1,12,1,fitbit
4702921684,2016-04-25,steps,10000,0,0,22,4,0.55,0.406,2,13,0,fitbit
4702921684,2016-04-26,steps,7500,1,0,22,3,0.43,0.385,0,14,0,fitbit
4702921684,2016-04-27,steps,5000,2,0,22,1,0.6,0.365,0,15,1,fitbit
4702921684,2016-04-28,steps,12500,3,0,22,5,0.43,0.396,1,16,0,fitbit
4702921684,2016-04-29,steps,12500,4,0,22,5,0.36,0.378,0,17,0,fitbit
4702921684,2016-04-30,steps,10000,5,1,22,4,0.33,0.361,0,18,1,fitbit
4702921684,2016-05-02,steps,12500,0,0,22,5,0.13,0.388,1,19,0,fitbit
4702921684,2016-05-03,steps,12500,1,0,22,5,0.33,0.372,0,20,0,fitbit
4702921684,2016-05-04,steps,12500,2,0,22,5,0.43,0.358,0,21,0,fitbit
4702921684,2016-05-05,steps,10000,3,0,22,4,0.22,0.345,0,22,0,fitbit
4702921684,2016-05-06,steps,5000,4,0,22,1,0.67,0.332,0,23,1,fitbit
4702921684,2016-05-07,steps,5000,5,1,22,1,0.65,0.355,1,24,1,fitbit
4702921684,2016-05-08,steps,5000,6,1,22,1,0.73,0.377,2,25,1,fitbit
4702921684,2016-05-09,steps,7500,0,0,22,2,0.68,0.397,3,26,1,fitbit
4702921684,2016-05-10,steps,10000,1,0,22,4,0.35,0.416,4,27,1,fitbit
4702921684,2016-05-11,steps,7500,2,0,22,2,0.42,0.434,5,28,1,fitbit
4702921684,2016-05-12,steps,5000,3,0,22,1,0.65,0.45,6,29,0,fitbit
5553957443,2016-04-12,exercise,45,1,0,22,5,0.46,0.41,0,0,0,fitbit
5553957443,2016-04-13,exercise,30,2,0,22,3,0.2,0.342,0,1,0,fitbit
5553957443,2016-04-14,exercise,30,3,0,22,5,0.05,0.293,0,2,1,fitbit
5553957443,2016-04-15,exercise,15,4,0,22,1,0.67,0.381,1,3,1,fitbit
5553957443,2016-04-16,exercise,30,5,1,22,1,0.62,0.45,2,4,0,fitbit
5553957443,2016-04-17,exercise,60,6,1,22,5,0.5,0.405,0,5,0,fitbit
5553957443,2016-04-18,exercise,30,0,0,22,5,0.27,0.368,0,6,0,fitbit
5553957443,2016-04-19,exercise,15,1,0,22,5,0.05,0.338,0,7,1,fitbit
5553957443,2016-04-20,exercise,45,2,0,22,5,0.18,0.388,1,8,0,fitbit
5553957443,2016-04-21,exercise,60,3,0,22,5,0.05,0.361,0,9,1,fitbit
5553957443,2016-04-22,exercise,60,4,0,22,5,0.31,0.403,1,10,0,fitbit
5553957443,2016-04-23,exercise,30,5,1,22,3,0.46,0.378,0,11,0,fitbit
5553957443,2016-04-24,exercise,30,6,1,22,5,0.25,0.356,0,12,0,fitbit
5553957443,2016-04-25,exercise,45,0,0,22,5,0.41,0.336,0,13,1,fitbit
5553957443,2016-04-26,exercise,15,1,0,22,3,0.61,0.371,1,14,1,fitbit
5553957443,2016-04-27,exercise,30,2,0,22,3,0.48,0.403,2,15,1,fitbit
5553957443,2016-04-28,exercise,15,3,0,22,1,0.43,0.431,3,16,1,fitbit
5553957443,2016-04-29,exercise,60,4,0,22,5,0.47,0.457,4,17,1,fitbit
5553957443,2016-04-30,exercise,45,5,1,22,4,0.57,0.48,5,18,0,fitbit
5553957443,2016-05-01,exercise,60,6,1,22,5,0.44,0.46,0,19,0,fitbit
5553957443,2016-05-02,exercise,60,0,0,22,5,0.5,0.442,0,20,0,fitbit
5553957443,2016-05-03,exercise,60,1,0,22,5,0.23,0.425,0,21,0,fitbit
5553957443,2016-05-04,exercise,15,2,0,22,1,0.91,0.409,0,22,0,fitbit
5553957443,2016-05-05,exercise,60,3,0,22,5,0.22,0.395,0,23,1,fitbit
5553957443,2016-05-06,exercise,15,4,0,22,1,0.77,0.416,1,24,1,fitbit
5553957443,2016-05-07,exercise,30,5,1,22,3,0.33,0.435,2,25,0,fitbit
5553957443,2016-05-08,exercise,45,6,1,22,5,0.25,0.421,0,26,0,fitbit
5553957443,2016-05-09,exercise,30,0,0,22,3,0.69,0.408,0,27,1,fitbit
5553957443,2016-05-10,exercise,15,1,0,22,1,0.65,0.426,1,28,1,fitbit
5553957443,2016-05-11,exercise,15,2,0,22,1,0.8,0.443,2,29,0,fitbit
5553957443,2016-05-12,exercise,60,3,0,22,5,0.4,0.43,0,30,0,fitbit
5553957443,2016-04-12,sleep,360,1,0,8,2,0.77,0.567,0,0,1,fitbit
5553957443,2016-04-13,sleep,480,2,0,8,3,0.81,0.639,1,1,0,fitbit
5553957443,2016-04-14,sleep,420,3,0,8,3,0.66,0.548,0,2,0,fitbit
5553957443,2016-04-15,sleep,420,4,0,8,3,0.68,0.479,0,3,0,fitbit
5553957443,2016-04-16,sleep,360,5,1,8,2,0.62,0.426,0,4,1,fitbit
5553957443,2016-04-17,sleep,480,6,1,8,3,0.68,0.484,1,5,0,fitbit
5553957443,2016-04-18,sleep,360,0,0,8,2,0.72,0.44,0,6,1,fitbit
5553957443,2016-04-19,sleep,420,1,0,8,3,0.49,0.486,1,7,0,fitbit
5553957443,2016-04-20,sleep,480,2,0,8,4,0.25,0.449,0,8,1,fitbit
5553957443,2016-04-21,sleep,480,3,0,8,3,0.77,0.488,1,9,0,fitbit
5553957443,2016-04-22,sleep,480,4,0,8,4,0.51,0.456,0,10,0,fitbit
5553957443,2016-04-23,sleep,480,5,1,8,4,0.24,0.427,0,11,1,fitbit
5553957443,2016-04-24,sleep,420,6,1,8,3,0.48,0.461,1,12,1,fitbit
5553957443,2016-04-25,sleep,360,0,0,8,2,0.76,0.491,2,13,1,fitbit
5553957443,2016-04-26,sleep,480,1,0,8,3,0.58,0.518,3,14,0,fitbit
5553957443,2016-04-27,sleep,480,2,0,8,4,0.45,0.492,0,15,0,fitbit
5553957443,2016-04-28,sleep,480,3,0,8,4,0.66,0.468,0,16,0,fitbit
5553957443,2016-04-29,sleep,420,4,0,8,3,0.42,0.447,0,17,1,fitbit
5553957443,2016-04-30,sleep,360,5,1,8,2,0.56,0.471,1,18,1,fitbit
5553957443,2016-05-01,sleep,420,6,1,8,3,0.62,0.493,2,19,1,fitbit
5553957443,2016-05-02,sleep,420,0,0,8,3,0.66,0.513,3,20,0,fitbit
5553957443,2016-05-03,sleep,480,1,0,8,4,0.57,0.494,0,21,0,fitbit
5553957443,2016-05-04,sleep,420,2,0,8,3,0.68,0.475,0,22,1,fitbit
5553957443,2016-05-05,sleep,360,3,0,8,2,0.7,0.494,1,23,1,fitbit
5553957443,2016-05-06,sleep,360,4,0,8,2,0.75,0.512,2,24,1,fitbit
5553957443,2016-05-07,sleep,480,5,1,8,4,0.52,0.528,3,25,0,fitbit
5553957443,2016-05-08,sleep,480,6,1,8,4,0.54,0.511,0,26,1,fitbit
5553957443,2016-05-09,sleep,360,0,0,8,2,0.72,0.526,1,27,1,fitbit
5553957443,2016-05-10,sleep,420,1,0,8,3,0.67,0.54,2,28,0,fitbit
5553957443,2016-05-11,sleep,420,2,0,8,3,0.72,0.525,0,29,1,fitbit
5553957443,2016-05-12,sleep,420,3,0,8,3,0.7,0.538,1,30,1,fitbit
5553957443,2016-04-12,steps,5000,1,0,22,1,0.83,0.461,0,0,1,fitbit
5553957443,2016-04-13,steps,12500,2,0,22,3,0.59,0.551,1,1,0,fitbit
5553957443,2016-04-14,steps,12500,3,0,22,5,0.33,0.472,0,2,1,fitbit
5553957443,2016-04-15,steps,7500,4,0,22,1,0.58,0.538,1,3,1,fitbit
5553957443,2016-04-16,steps,12500,5,1,22,2,0.95,0.59,2,4,0,fitbit
5553957443,2016-04-17,steps,10000,6,1,22,2,0.81,0.531,0,5,0,fitbit
5553957443,2016-04-18,steps,12500,0,0,22,5,0.51,0.482,0,6,0,fitbit
5553957443,2016-04-19,steps,12500,1,0,22,5,0.5,0.442,0,7,1,fitbit
5553957443,2016-04-20,steps,10000,2,0,22,4,0.57,0.485,1,8,0,fitbit
5553957443,2016-04-21,steps,7500,3,0,22,4,0.44,0.451,0,9,1,fitbit
5553957443,2016-04-22,steps,10000,4,0,22,4,0.49,0.487,1,10,1,fitbit
5553957443,2016-04-23,steps,7500,5,1,22,1,0.73,0.519,2,11,0,fitbit
5553957443,2016-04-24,steps,7500,6,1,22,2,0.95,0.489,0,12,0,fitbit
5553957443,2016-04-25,steps,10000,0,0,22,5,0.47,0.462,0,13,1,fitbit
5553957443,2016-04-26,steps,10000,1,0,22,4,0.45,0.49,1,14,1,fitbit
5553957443,2016-04-27,steps,10000,2,0,22,3,0.67,0.515,2,15,1,fitbit
5553957443,2016-04-28,steps,7500,3,0,22,1,0.68,0.538,3,16,1,fitbit
5553957443,2016-04-29,steps,7500,4,0,22,1,0.95,0.559,4,17,1,fitbit
5553957443,2016-04-30,steps,5000,5,1,22,1,0.76,0.579,5,18,0,fitbit
5553957443,2016-05-01,steps,10000,6,1,22,3,0.71,0.554,0,19,0,fitbit
5553957443,2016-05-02,steps,10000,0,0,22,3,0.76,0.532,0,20,0,fitbit
5553957443,2016-05-03,steps,12500,1,0,22,4,0.58,0.512,0,21,1,fitbit
5553957443,2016-05-04,steps,10000,2,0,22,3,0.64,0.53,1,22,0,fitbit
5553957443,2016-05-05,steps,7500,3,0,22,2,0.69,0.511,0,23,1,fitbit
5553957443,2016-05-06,steps,5000,4,0,22,1,0.78,0.528,1,24,1,fitbit
5553957443,2016-05-07,steps,5000,5,1,22,1,0.73,0.544,2,25,0,fitbit
5553957443,2016-05-08,steps,7500,6,1,22,2,0.65,0.526,0,26,0,fitbit
5553957443,2016-05-09,steps,7500,0,0,22,2,0.87,0.51,0,27,1,fitbit
5553957443,2016-05-10,steps,7500,1,0,22,2,0.69,0.524,1,28,1,fitbit
5553957443,2016-05-11,steps,7500,2,0,22,2,0.62,0.538,2,29,0,fitbit
5553957443,2016-05-12,steps,12500,3,0,22,4,0.48,0.523,0,30,0,fitbit
5577150313,2016-04-12,exercise,30,1,0,22,4,0.42,0.41,0,0,1,fitbit
5577150313,2016-04-13,exercise,30,2,0,22,1,0.93,0.508,1,1,0,fitbit
5577150313,2016-04-14,exercise,60,3,0,22,3,0.51,0.436,0,2,1,fitbit
5577150313,2016-04-15,exercise,15,4,0,22,1,0.55,0.506,1,3,1,fitbit
5577150313,2016-04-16,exercise,60,5,1,22,1,0.72,0.561,2,4,1,fitbit
5577150313,2016-04-17,exercise,60,6,1,22,1,0.93,0.605,3,5,1,fitbit
5577150313,2016-04-18,exercise,45,0,0,22,1,0.95,0.641,4,6,1,fitbit
5577150313,2016-04-19,exercise,15,1,0,22,1,0.74,0.671,5,7,1,fitbit
5577150313,2016-04-20,exercise,15,2,0,22,1,0.87,0.696,6,8,1,fitbit
5577150313,2016-04-21,exercise,30,3,0,22,1,0.91,0.718,7,9,1,fitbit
5577150313,2016-04-22,exercise,45,4,0,22,1,0.95,0.737,8,10,1,fitbit
5577150313,2016-04-23,exercise,15,5,1,22,1,0.85,0.753,9,11,1,fitbit
5577150313,2016-04-24,exercise,30,6,1,22,1,0.95,0.768,10,12,1,fitbit
5577150313,2016-04-25,exercise,15,0,0,22,1,0.95,0.781,11,13,1,fitbit
5577150313,2016-04-26,exercise,45,1,0,22,1,0.95,0.792,12,14,1,fitbit
5577150313,2016-04-27,exercise,15,2,0,22,1,0.95,0.803,13,15,1,fitbit
5577150313,2016-04-28,exercise,45,3,0,22,1,0.95,0.812,14,16,1,fitbit
5577150313,2016-04-29,exercise,15,4,0,22,1,0.95,0.82,15,17,1,fitbit
5577150313,2016-04-30,exercise,15,5,1,22,1,0.95,0.828,16,18,1,fitbit
5577150313,2016-05-01,exercise,15,6,1,22,1,0.95,0.835,17,19,1,fitbit
5577150313,2016-05-02,exercise,60,0,0,22,1,0.95,0.842,18,20,0,fitbit
5577150313,2016-05-03,exercise,15,1,0,22,1,0.95,0.81,0,21,1,fitbit
5577150313,2016-05-04,exercise,30,2,0,22,1,0.95,0.817,1,22,1,fitbit
5577150313,2016-05-05,exercise,45,3,0,22,1,0.94,0.823,2,23,1,fitbit
5577150313,2016-05-06,exercise,45,4,0,22,1,0.95,0.829,3,24,1,fitbit
5577150313,2016-05-09,exercise,45,0,0,22,1,0.95,0.835,4,25,1,fitbit
5577150313,2016-05-10,exercise,60,1,0,22,1,0.91,0.84,5,26,1,fitbit
5577150313,2016-05-11,exercise,30,2,0,22,1,0.95,0.845,6,27,1,fitbit
5577150313,2016-04-12,sleep,480,1,0,8,3,0.67,0.567,0,0,0,fitbit
5577150313,2016-04-13,sleep,360,2,0,8,2,0.56,0.473,0,1,1,fitbit
5577150313,2016-04-14,sleep,360,3,0,8,2,0.74,0.548,1,2,1,fitbit
5577150313,2016-04-15,sleep,360,4,0,8,2,0.78,0.604,2,3,1,fitbit
5577150313,2016-04-16,sleep,360,5,1,8,2,0.85,0.648,3,4,1,fitbit
5577150313,2016-04-17,sleep,480,6,1,8,4,0.95,0.684,4,5,1,fitbit
5577150313,2016-04-18,sleep,480,0,0,8,4,0.67,0.712,5,6,1,fitbit
5577150313,2016-04-19,sleep,360,1,0,8,2,0.95,0.736,6,7,1,fitbit
5577150313,2016-04-20,sleep,420,2,0,8,3,0.95,0.757,7,8,1,fitbit
5577150313,2016-04-21,sleep,360,3,0,8,2,0.95,0.774,8,9,1,fitbit
5577150313,2016-04-22,sleep,360,4,0,8,2,0.95,0.789,9,10,0,fitbit
5577150313,2016-04-23,sleep,360,5,1,8,2,0.87,0.74,0,11,1,fitbit
5577150313,2016-04-24,sleep,360,6,1,8,2,0.95,0.755,1,12,1,fitbit
5577150313,2016-04-25,sleep,420,0,0,8,3,0.77,0.769,2,13,1,fitbit
5577150313,2016-04-26,sleep,480,1,0,8,4,0.76,0.781,3,14,0,fitbit
5577150313,2016-04-27,sleep,420,2,0,8,3,0.87,0.742,0,15,1,fitbit
5577150313,2016-04-28,sleep,480,3,0,8,4,0.88,0.754,1,16,0,fitbit
5577150313,2016-04-29,sleep,420,4,0,8,3,0.86,0.72,0,17,1,fitbit
5577150313,2016-04-30,sleep,360,5,1,8,2,0.95,0.732,1,18,1,fitbit
5577150313,2016-05-01,sleep,360,6,1,8,2,0.91,0.743,2,19,1,fitbit
5577150313,2016-05-02,sleep,360,0,0,8,2,0.89,0.753,3,20,1,fitbit
5577150313,2016-05-03,sleep,360,1,0,8,2,0.95,0.763,4,21,1,fitbit
5577150313,2016-05-04,sleep,480,2,0,8,4,0.84,0.772,5,22,1,fitbit
5577150313,2016-05-10,sleep,480,1,0,8,4,0.71,0.78,6,23,1,fitbit
5577150313,2016-05-11,sleep,480,2,0,8,4,0.72,0.787,7,24,0,fitbit
5577150313,2016-04-12,steps,5000,1,0,22,1,0.85,0.461,0,0,1,fitbit
5577150313,2016-04-13,steps,7500,2,0,22,3,0.73,0.551,1,1,0,fitbit
5577150313,2016-04-14,steps,5000,3,0,22,2,0.72,0.472,0,2,1,fitbit
5577150313,2016-04-15,steps,7500,4,0,22,3,0.61,0.538,1,3,1,fitbit
5577150313,2016-04-16,steps,10000,5,1,22,4,0.68,0.59,2,4,1,fitbit
5577150313,2016-04-17,steps,5000,6,1,22,1,0.81,0.631,3,5,1,fitbit
5577150313,2016-04-18,steps,7500,0,0,22,2,0.81,0.664,4,6,1,fitbit
5577150313,2016-04-19,steps,5000,1,0,22,1,0.95,0.692,5,7,1,fitbit
5577150313,2016-04-20,steps,12500,2,0,22,4,0.84,0.716,6,8,0,fitbit
5577150313,2016-04-21,steps,10000,3,0,22,3,0.65,0.665,0,9,1,fitbit
5577150313,2016-04-22,steps,5000,4,0,22,1,0.84,0.687,1,10,1,fitbit
5577150313,2016-04-23,steps,5000,5,1,22,1,0.95,0.707,2,11,1,fitbit
5577150313,2016-04-24,steps,5000,6,1,22,1,0.95,0.724,3,12,1,fitbit
5577150313,2016-04-25,steps,7500,0,0,22,2,0.69,0.739,4,13,0,fitbit
5577150313,2016-04-26,steps,12500,1,0,22,5,0.67,0.7,0,14,0,fitbit
5577150313,2016-04-27,steps,10000,2,0,22,3,0.6,0.665,0,15,0,fitbit
5577150313,2016-04-28,steps,12500,3,0,22,5,0.5,0.634,0,16,0,fitbit
5577150313,2016-04-29,steps,7500,4,0,22,2,0.74,0.605,0,17,1,fitbit
5577150313,2016-04-30,steps,7500,5,1,22,2,0.75,0.622,1,18,1,fitbit
5577150313,2016-05-01,steps,7500,6,1,22,2,0.75,0.638,2,19,1,fitbit
5577150313,2016-05-02,steps,5000,0,0,22,1,0.91,0.652,3,20,1,fitbit
5577150313,2016-05-03,steps,12500,1,0,22,5,0.54,0.666,4,21,0,fitbit
5577150313,2016-05-04,steps,5000,2,0,22,1,0.73,0.641,0,22,1,fitbit
5577150313,2016-05-05,steps,7500,3,0,22,2,0.93,0.654,1,23,1,fitbit
5577150313,2016-05-06,steps,10000,4,0,22,4,0.78,0.666,2,24,0,fitbit
5577150313,2016-05-09,steps,5000,0,0,22,1,0.95,0.644,0,25,0,fitbit
5577150313,2016-05-10,steps,7500,1,0,22,2,0.62,0.623,0,26,1,fitbit
5577150313,2016-05-11,steps,7500,2,0,22,2,0.85,0.635,1,27,0,fitbit
6117666160,2016-04-15,exercise,60,4,0,22,5,0.32,0.41,0,0,0,fitbit
6117666160,2016-04-16,exercise,30,5,1,22,5,0.32,0.342,0,1,0,fitbit
6117666160,2016-04-17,exercise,60,6,1,22,5,0.23,0.293,0,2,0,fitbit
6117666160,2016-04-18,exercise,45,0,0,22,5,0.05,0.256,0,3,0,fitbit
6117666160,2016-04-19,exercise,45,1,0,22,5,0.05,0.228,0,4,0,fitbit
6117666160,2016-04-20,exercise,60,2,0,22,5,0.15,0.205,0,5,0,fitbit
6117666160,2016-04-21,exercise,60,3,0,22,5,0.25,0.186,0,6,0,fitbit
6117666160,2016-04-22,exercise,60,4,0,22,5,0.05,0.171,0,7,0,fitbit
6117666160,2016-04-23,exercise,45,5,1,22,5,0.14,0.158,0,8,0,fitbit
6117666160,2016-04-24,exercise,15,6,1,22,5,0.23,0.146,0,9,0,fitbit
6117666160,2016-04-26,exercise,30,1,0,22,5,0.06,0.137,0,10,0,fitbit
6117666160,2016-04-27,exercise,15,2,0,22,5,0.13,0.128,0,11,0,fitbit
6117666160,2016-04-28,exercise,60,3,0,22,5,0.05,0.121,0,12,0,fitbit
6117666160,2016-04-29,exercise,15,4,0,22,5,0.05,0.114,0,13,0,fitbit
6117666160,2016-04-30,exercise,15,5,1,22,5,0.05,0.108,0,14,0,fitbit
6117666160,2016-05-01,exercise,15,6,1,22,5,0.05,0.103,0,15,0,fitbit
6117666160,2016-05-02,exercise,45,0,0,22,5,0.15,0.098,0,16,0,fitbit
6117666160,2016-05-04,exercise,45,2,0,22,5,0.05,0.093,0,17,0,fitbit
6117666160,2016-05-05,exercise,60,3,0,22,5,0.05,0.089,0,18,0,fitbit
6117666160,2016-05-06,exercise,30,4,0,22,5,0.05,0.085,0,19,0,fitbit
6117666160,2016-05-07,exercise,30,5,1,22,5,0.05,0.082,0,20,0,fitbit
6117666160,2016-05-08,exercise,15,6,1,22,5,0.05,0.079,0,21,0,fitbit
6117666160,2016-05-09,exercise,15,0,0,22,5,0.05,0.076,0,22,0,fitbit
6117666160,2016-04-16,sleep,420,5,1,8,3,0.55,0.567,0,0,0,fitbit
6117666160,2016-04-17,sleep,420,6,1,8,4,0.61,0.473,0,1,0,fitbit
6117666160,2016-04-18,sleep,420,0,0,8,4,0.38,0.405,0,2,1,fitbit
6117666160,2016-04-19,sleep,420,1,0,8,4,0.51,0.479,1,3,1,fitbit
6117666160,2016-04-20,sleep,480,2,0,8,4,0.55,0.537,2,4,0,fitbit
6117666160,2016-04-21,sleep,480,3,0,8,3,0.67,0.484,0,5,1,fitbit
6117666160,2016-04-22,sleep,480,4,0,8,3,0.53,0.53,1,6,1,fitbit
6117666160,2016-04-23,sleep,420,5,1,8,2,0.62,0.57,2,7,1,fitbit
6117666160,2016-04-24,sleep,360,6,1,8,2,0.81,0.603,3,8,0,fitbit
6117666160,2016-04-27,sleep,480,2,0,8,3,0.73,0.56,0,9,1,fitbit
6117666160,2016-04-28,sleep,420,3,0,8,2,0.81,0.589,1,10,0,fitbit
6117666160,2016-04-29,sleep,480,4,0,8,3,0.55,0.552,0,11,1,fitbit
6117666160,2016-05-01,sleep,420,6,1,8,2,0.84,0.579,1,12,1,fitbit
6117666160,2016-05-05,sleep,480,3,0,8,3,0.61,0.602,2,13,0,fitbit
6117666160,2016-05-06,sleep,420,4,0,8,2,0.69,0.57,0,14,1,fitbit
6117666160,2016-05-07,sleep,480,5,1,8,3,0.58,0.592,1,15,1,fitbit
6117666160,2016-05-08,sleep,480,6,1,8,3,0.87,0.611,2,16,1,fitbit
6117666160,2016-05-09,sleep,360,0,0,8,2,0.89,0.629,3,17,1,fitbit
6117666160,2016-04-15,steps,7500,4,0,22,3,0.64,0.461,0,0,1,fitbit
6117666160,2016-04-16,steps,5000,5,1,22,1,0.69,0.551,1,1,1,fitbit
6117666160,2016-04-17,steps,5000,6,1,22,1,0.88,0.615,2,2,1,fitbit
6117666160,2016-04-18,steps,5000,0,0,22,1,0.91,0.663,3,3,1,fitbit
6117666160,2016-04-19,steps,7500,1,0,22,2,0.95,0.701,4,4,1,fitbit
6117666160,2016-04-20,steps,5000,2,0,22,1,0.95,0.731,5,5,1,fitbit
6117666160,2016-04-21,steps,12500,3,0,22,4,0.58,0.755,6,6,1,fitbit
6117666160,2016-04-22,steps,5000,4,0,22,1,0.95,0.776,7,7,1,fitbit
6117666160,2016-04-23,steps,10000,5,1,22,3,0.78,0.793,8,8,1,fitbit
6117666160,2016-04-24,steps,10000,6,1,22,2,0.95,0.808,9,9,0,fitbit
6117666160,2016-04-26,steps,7500,1,0,22,1,0.95,0.754,0,10,1,fitbit
6117666160,2016-04-27,steps,12500,2,0,22,4,0.67,0.769,1,11,0,fitbit
6117666160,2016-04-28,steps,5000,3,0,22,1,0.95,0.724,0,12,0,fitbit
6117666160,2016-04-29,steps,5000,4,0,22,1,0.93,0.684,0,13,1,fitbit
6117666160,2016-04-30,steps,7500,5,1,22,2,0.95,0.7,1,14,0,fitbit
6117666160,2016-05-01,steps,5000,6,1,22,1,0.95,0.665,0,15,1,fitbit
6117666160,2016-05-02,steps,7500,0,0,22,2,0.95,0.681,1,16,0,fitbit
6117666160,2016-05-04,steps,7500,2,0,22,2,0.84,0.65,0,17,0,fitbit
6117666160,2016-05-05,steps,12500,3,0,22,5,0.54,0.622,0,18,0,fitbit
6117666160,2016-05-06,steps,7500,4,0,22,2,0.91,0.596,0,19,0,fitbit
6117666160,2016-05-07,steps,12500,5,1,22,5,0.58,0.572,0,20,0,fitbit
6117666160,2016-05-08,steps,12500,6,1,22,5,0.58,0.55,0,21,0,fitbit
6117666160,2016-05-09,steps,12500,0,0,22,5,0.39,0.53,0,22,0,fitbit
6290855005,2016-04-12,exercise,30,1,0,22,4,0.48,0.41,0,0,0,fitbit
6290855005,2016-04-13,exercise,60,2,0,22,5,0.34,0.342,0,1,0,fitbit
6290855005,2016-04-14,exercise,45,3,0,22,5,0.27,0.293,0,2,0,fitbit
6290855005,2016-04-15,exercise,60,4,0,22,5,0.22,0.256,0,3,0,fitbit
6290855005,2016-04-16,exercise,15,5,1,22,5,0.36,0.228,0,4,0,fitbit
6290855005,2016-04-17,exercise,15,6,1,22,5,0.05,0.205,0,5,1,fitbit
6290855005,2016-04-18,exercise,60,0,0,22,5,0.21,0.277,1,6,0,fitbit
6290855005,2016-04-19,exercise,15,1,0,22,5,0.33,0.254,0,7,0,fitbit
6290855005,2016-04-20,exercise,15,2,0,22,5,0.33,0.235,0,8,0,fitbit
6290855005,2016-04-22,exercise,30,4,0,22,5,0.05,0.218,0,9,0,fitbit
6290855005,2016-04-24,exercise,60,6,1,22,5,0.11,0.203,0,10,0,fitbit
6290855005,2016-04-25,exercise,45,0,0,22,5,0.29,0.191,0,11,0,fitbit
6290855005,2016-04-27,exercise,15,2,0,22,5,0.18,0.179,0,12,0,fitbit
6290855005,2016-04-28,exercise,60,3,0,22,5,0.13,0.169,0,13,0,fitbit
6290855005,2016-04-30,exercise,60,5,1,22,5,0.07,0.161,0,14,0,fitbit
6290855005,2016-05-01,exercise,60,6,1,22,5,0.05,0.153,0,15,1,fitbit
6290855005,2016-05-02,exercise,60,0,0,22,5,0.17,0.193,1,16,0,fitbit
6290855005,2016-05-03,exercise,15,1,0,22,5,0.09,0.184,0,17,0,fitbit
6290855005,2016-05-04,exercise,60,2,0,22,5,0.11,0.176,0,18,0,fitbit
6290855005,2016-05-05,exercise,30,3,0,22,5,0.12,0.169,0,19,0,fitbit
6290855005,2016-05-06,exercise,60,4,0,22,5,0.05,0.162,0,20,0,fitbit
6290855005,2016-05-07,exercise,45,5,1,22,5,0.16,0.156,0,21,0,fitbit
6290855005,2016-05-08,exercise,60,6,1,22,5,0.44,0.15,0,22,0,fitbit
6290855005,2016-05-09,exercise,45,0,0,22,5,0.05,0.145,0,23,0,fitbit
6290855005,2016-04-12,steps,5000,1,0,22,1,0.6,0.461,0,0,0,fitbit
6290855005,2016-04-13,steps,12500,2,0,22,5,0.26,0.385,0,1,0,fitbit
6290855005,2016-04-14,steps,10000,3,0,22,5,0.2,0.33,0,2,0,fitbit
6290855005,2016-04-15,steps,12500,4,0,22,5,0.32,0.288,0,3,0,fitbit
6290855005,2016-04-16,steps,7500,5,1,22,3,0.47,0.256,0,4,1,fitbit
6290855005,2016-04-17,steps,12500,6,1,22,5,0.25,0.331,1,5,0,fitbit
6290855005,2016-04-18,steps,10000,0,0,22,4,0.49,0.301,0,6,0,fitbit
6290855005,2016-04-19,steps,5000,1,0,22,1,0.7,0.276,0,7,1,fitbit
6290855005,2016-04-20,steps,7500,2,0,22,3,0.46,0.331,1,8,0,fitbit
6290855005,2016-04-22,steps,5000,4,0,22,2,0.39,0.308,0,9,1,fitbit
6290855005,2016-04-24,steps,12500,6,1,22,5,0.48,0.354,1,10,0,fitbit
6290855005,2016-04-25,steps,7500,0,0,22,3,0.42,0.332,0,11,1,fitbit
6290855005,2016-04-27,steps,5000,2,0,22,2,0.57,0.371,1,12,1,fitbit
6290855005,2016-04-28,steps,10000,3,0,22,5,0.31,0.406,2,13,0,fitbit
6290855005,2016-04-30,steps,7500,5,1,22,3,0.38,0.385,0,14,0,fitbit
6290855005,2016-05-01,steps,5000,6,1,22,2,0.37,0.365,0,15,1,fitbit
6290855005,2016-05-02,steps,12500,0,0,22,5,0.41,0.396,1,16,0,fitbit
6290855005,2016-05-03,steps,12500,1,0,22,5,0.22,0.378,0,17,0,fitbit
6290855005,2016-05-04,steps,10000,2,0,22,5,0.67,0.361,0,18,0,fitbit
6290855005,2016-05-05,steps,10000,3,0,22,5,0.16,0.346,0,19,0,fitbit
6290855005,2016-05-06,steps,7500,4,0,22,4,0.2,0.332,0,20,0,fitbit
6290855005,2016-05-07,steps,10000,5,1,22,5,0.32,0.32,0,21,0,fitbit
6290855005,2016-05-08,steps,10000,6,1,22,5,0.43,0.308,0,22,0,fitbit
6290855005,2016-05-09,steps,5000,0,0,22,2,0.48,0.297,0,23,1,fitbit
6775888955,2016-04-13,exercise,45,2,0,22,5,0.39,0.41,0,0,0,fitbit
6775888955,2016-04-14,exercise,45,3,0,22,4,0.27,0.342,0,1,0,fitbit
6775888955,2016-04-15,exercise,60,4,0,22,5,0.3,0.293,0,2,0,fitbit
6775888955,2016-04-16,exercise,45,5,1,22,4,0.28,0.256,0,3,1,fitbit
6775888955,2016-04-17,exercise,15,6,1,22,1,0.69,0.339,1,4,1,fitbit
6775888955,2016-04-18,exercise,60,0,0,22,5,0.49,0.405,2,5,1,fitbit
6775888955,2016-04-20,exercise,45,2,0,22,4,0.5,0.459,3,6,1,fitbit
6775888955,2016-04-22,exercise,30,4,0,22,2,0.82,0.504,4,7,0,fitbit
6775888955,2016-04-24,exercise,45,6,1,22,4,0.2,0.465,0,8,0,fitbit
6775888955,2016-04-25,exercise,60,0,0,22,5,0.56,0.432,0,9,0,fitbit
6775888955,2016-04-26,exercise,60,1,0,22,5,0.39,0.403,0,10,1,fitbit
6775888955,2016-04-28,exercise,60,3,0,22,5,0.51,0.441,1,11,0,fitbit
6775888955,2016-04-30,exercise,30,5,1,22,2,0.45,0.415,0,12,0,fitbit
6775888955,2016-05-01,exercise,60,6,1,22,5,0.23,0.392,0,13,0,fitbit
6775888955,2016-05-03,exercise,30,1,0,22,2,0.57,0.371,0,14,0,fitbit
6775888955,2016-05-06,exercise,45,4,0,22,4,0.37,0.353,0,15,1,fitbit
6775888955,2016-05-07,exercise,45,5,1,22,4,0.44,0.383,1,16,0,fitbit
6775888955,2016-04-13,sleep,420,2,0,8,3,0.74,0.567,0,0,0,fitbit
6775888955,2016-04-14,sleep,420,3,0,8,5,0.56,0.473,0,1,1,fitbit
6775888955,2016-04-15,sleep,480,4,0,8,5,0.83,0.548,1,2,0,fitbit
6775888955,2016-04-13,steps,5000,2,0,22,1,0.79,0.461,0,0,0,fitbit
6775888955,2016-04-14,steps,7500,3,0,22,5,0.1,0.385,0,1,0,fitbit
6775888955,2016-04-15,steps,7500,4,0,22,5,0.19,0.33,0,2,0,fitbit
6775888955,2016-04-16,steps,5000,5,1,22,4,0.18,0.288,0,3,0,fitbit
6775888955,2016-04-17,steps,5000,6,1,22,4,0.05,0.256,0,4,0,fitbit
6775888955,2016-04-18,steps,12500,0,0,22,5,0.19,0.231,0,5,0,fitbit
6775888955,2016-04-20,steps,7500,2,0,22,5,0.05,0.21,0,6,1,fitbit
6775888955,2016-04-22,steps,10000,4,0,22,5,0.06,0.276,1,7,0,fitbit
6775888955,2016-04-24,steps,10000,6,1,22,5,0.13,0.254,0,8,0,fitbit
6775888955,2016-04-25,steps,10000,0,0,22,5,0.08,0.236,0,9,0,fitbit
6775888955,2016-04-26,steps,10000,1,0,22,5,0.21,0.22,0,10,0,fitbit
6775888955,2016-04-28,steps,7500,3,0,22,5,0.18,0.207,0,11,0,fitbit
6775888955,2016-04-30,steps,12500,5,1,22,5,0.24,0.195,0,12,0,fitbit
6775888955,2016-05-01,steps,7500,6,1,22,5,0.21,0.184,0,13,0,fitbit
6775888955,2016-05-03,steps,12500,1,0,22,5,0.25,0.174,0,14,0,fitbit
6775888955,2016-05-06,steps,7500,4,0,22,5,0.1,0.165,0,15,0,fitbit
6775888955,2016-05-07,steps,5000,5,1,22,5,0.13,0.157,0,16,0,fitbit
6962181067,2016-04-12,exercise,15,1,0,22,1,0.8,0.41,0,0,1,fitbit
6962181067,2016-04-13,exercise,30,2,0,22,1,0.56,0.508,1,1,1,fitbit
6962181067,2016-04-14,exercise,15,3,0,22,1,0.95,0.579,2,2,0,fitbit
6962181067,2016-04-15,exercise,15,4,0,22,1,0.77,0.506,0,3,0,fitbit
6962181067,2016-04-16,exercise,30,5,1,22,5,0.37,0.45,0,4,1,fitbit
6962181067,2016-04-17,exercise,30,6,1,22,3,0.43,0.505,1,5,0,fitbit
6962181067,2016-04-18,exercise,15,0,0,22,1,0.78,0.459,0,6,1,fitbit
6962181067,2016-04-19,exercise,30,1,0,22,3,0.31,0.504,1,7,1,fitbit
6962181067,2016-04-20,exercise,45,2,0,22,3,0.72,0.542,2,8,1,fitbit
6962181067,2016-04-21,exercise,15,3,0,22,1,0.66,0.575,3,9,1,fitbit
6962181067,2016-04-22,exercise,30,4,0,22,1,0.87,0.603,4,10,1,fitbit
6962181067,2016-04-23,exercise,30,5,1,22,1,0.87,0.628,5,11,1,fitbit
6962181067,2016-04-24,exercise,45,6,1,22,2,0.95,0.65,6,12,0,fitbit
6962181067,2016-04-25,exercise,30,0,0,22,1,0.85,0.614,0,13,1,fitbit
6962181067,2016-04-26,exercise,45,1,0,22,2,0.73,0.634,1,14,0,fitbit
6962181067,2016-04-27,exercise,30,2,0,22,1,0.8,0.603,0,15,1,fitbit
6962181067,2016-04-28,exercise,30,3,0,22,1,0.95,0.621,1,16,1,fitbit
6962181067,2016-04-29,exercise,30,4,0,22,1,0.95,0.639,2,17,0,fitbit
6962181067,2016-04-30,exercise,15,5,1,22,1,0.82,0.611,0,18,1,fitbit
6962181067,2016-05-01,exercise,45,6,1,22,3,0.7,0.627,1,19,0,fitbit
6962181067,2016-05-02,exercise,15,0,0,22,1,0.67,0.602,0,20,1,fitbit
6962181067,2016-05-03,exercise,30,1,0,22,1,0.92,0.617,1,21,1,fitbit
6962181067,2016-05-04,exercise,60,2,0,22,4,0.44,0.631,2,22,0,fitbit
6962181067,2016-05-05,exercise,60,3,0,22,4,0.72,0.609,0,23,0,fitbit
6962181067,2016-05-06,exercise,45,4,0,22,3,0.7,0.588,0,24,0,fitbit
6962181067,2016-05-07,exercise,60,5,1,22,4,0.87,0.568,0,25,0,fitbit
6962181067,2016-05-08,exercise,60,6,1,22,4,0.44,0.55,0,26,0,fitbit
6962181067,2016-05-09,exercise,30,0,0,22,1,0.78,0.533,0,27,1,fitbit
6962181067,2016-05-10,exercise,60,1,0,22,4,0.78,0.547,1,28,1,fitbit
6962181067,2016-05-11,exercise,30,2,0,22,1,0.95,0.56,2,29,1,fitbit
6962181067,2016-05-12,exercise,30,3,0,22,1,0.75,0.573,3,30,0,fitbit
6962181067,2016-04-12,sleep,480,1,0,8,3,0.46,0.567,0,0,0,fitbit
6962181067,2016-04-13,sleep,480,2,0,8,5,0.32,0.473,0,1,1,fitbit
6962181067,2016-04-14,sleep,420,3,0,8,2,0.65,0.548,1,2,1,fitbit
6962181067,2016-04-15,sleep,420,4,0,8,2,0.68,0.604,2,3,0,fitbit
6962181067,2016-04-16,sleep,420,5,1,8,3,0.51,0.537,0,4,0,fitbit
6962181067,2016-04-17,sleep,480,6,1,8,4,0.47,0.484,0,5,0,fitbit
6962181067,2016-04-18,sleep,360,0,0,8,3,0.39,0.44,0,6,1,fitbit
6962181067,2016-04-19,sleep,420,1,0,8,3,0.63,0.486,1,7,1,fitbit
6962181067,2016-04-20,sleep,360,2,0,8,2,0.71,0.526,2,8,1,fitbit
6962181067,2016-04-21,sleep,480,3,0,8,4,0.64,0.56,3,9,0,fitbit
6962181067,2016-04-22,sleep,420,4,0,8,3,0.68,0.522,0,10,1,fitbit
6962181067,2016-04-23,sleep,420,5,1,8,3,0.72,0.552,1,11,1,fitbit
6962181067,2016-04-24,sleep,420,6,1,8,3,0.63,0.579,2,12,1,fitbit
6962181067,2016-04-25,sleep,420,0,0,8,3,0.95,0.602,3,13,0,fitbit
6962181067,2016-04-26,sleep,480,1,0,8,4,0.62,0.57,0,14,0,fitbit
6962181067,2016-04-27,sleep,420,2,0,8,3,0.42,0.542,0,15,1,fitbit
6962181067,2016-04-28,sleep,420,3,0,8,3,0.54,0.564,1,16,1,fitbit
6962181067,2016-04-29,sleep,360,4,0,8,2,0.55,0.583,2,17,1,fitbit
6962181067,2016-04-30,sleep,360,5,1,8,2,0.78,0.602,3,18,1,fitbit
6962181067,2016-05-01,sleep,420,6,1,8,3,0.7,0.618,4,19,0,fitbit
6962181067,2016-05-02,sleep,480,0,0,8,3,0.64,0.593,0,20,0,fitbit
6962181067,2016-05-03,sleep,480,1,0,8,3,0.91,0.571,0,21,0,fitbit
6962181067,2016-05-04,sleep,420,2,0,8,3,0.71,0.549,0,22,1,fitbit
6962181067,2016-05-05,sleep,420,3,0,8,3,0.75,0.566,1,23,1,fitbit
6962181067,2016-05-06,sleep,420,4,0,8,3,0.57,0.581,2,24,1,fitbit
6962181067,2016-05-07,sleep,360,5,1,8,2,0.66,0.595,3,25,0,fitbit
6962181067,2016-05-08,sleep,360,6,1,8,2,0.76,0.575,0,26,1,fitbit
6962181067,2016-05-09,sleep,420,0,0,8,3,0.71,0.589,1,27,1,fitbit
6962181067,2016-05-10,sleep,360,1,0,8,2,0.56,0.601,2,28,1,fitbit
6962181067,2016-05-11,sleep,360,2,0,8,2,0.77,0.613,3,29,1,fitbit
6962181067,2016-05-12,sleep,360,3,0,8,2,0.81,0.624,4,30,1,fitbit
6962181067,2016-04-12,steps,12500,1,0,22,5,0.46,0.461,0,0,0,fitbit
6962181067,2016-04-13,steps,5000,2,0,22,1,0.66,0.385,0,1,1,fitbit
6962181067,2016-04-14,steps,12500,3,0,22,5,0.36,0.472,1,2,0,fitbit
6962181067,2016-04-15,steps,5000,4,0,22,2,0.55,0.413,0,3,1,fitbit
6962181067,2016-04-16,steps,5000,5,1,22,2,0.56,0.479,1,4,1,fitbit
6962181067,2016-04-17,steps,10000,6,1,22,5,0.52,0.531,2,5,1,fitbit
6962181067,2016-04-18,steps,12500,0,0,22,5,0.5,0.573,3,6,0,fitbit
6962181067,2016-04-19,steps,7500,1,0,22,2,0.63,0.526,0,7,1,fitbit
6962181067,2016-04-20,steps,5000,2,0,22,1,0.74,0.562,1,8,1,fitbit
6962181067,2016-04-21,steps,5000,3,0,22,1,0.71,0.593,2,9,1,fitbit
6962181067,2016-04-22,steps,12500,4,0,22,4,0.76,0.62,3,10,0,fitbit
6962181067,2016-04-23,steps,10000,5,1,22,3,0.69,0.582,0,11,1,fitbit
6962181067,2016-04-24,steps,5000,6,1,22,1,0.76,0.606,1,12,1,fitbit
6962181067,2016-04-25,steps,7500,0,0,22,1,0.95,0.628,2,13,1,fitbit
6962181067,2016-04-26,steps,7500,1,0,22,1,0.84,0.648,3,14,1,fitbit
6962181067,2016-04-27,steps,5000,2,0,22,1,0.76,0.665,4,15,1,fitbit
6962181067,2016-04-28,steps,12500,3,0,22,4,0.82,0.681,5,16,1,fitbit
6962181067,2016-04-29,steps,10000,4,0,22,3,0.73,0.696,6,17,1,fitbit
6962181067,2016-04-30,steps,5000,5,1,22,1,0.92,0.709,7,18,1,fitbit
6962181067,2016-05-01,steps,10000,6,1,22,3,0.83,0.721,8,19,0,fitbit
6962181067,2016-05-02,steps,7500,0,0,22,2,0.95,0.692,0,20,1,fitbit
6962181067,2016-05-03,steps,5000,1,0,22,1,0.95,0.704,1,21,1,fitbit
6962181067,2016-05-04,steps,7500,2,0,22,1,0.83,0.715,2,22,1,fitbit
6962181067,2016-05-05,steps,5000,3,0,22,1,0.95,0.725,3,23,1,fitbit
6962181067,2016-05-06,steps,5000,4,0,22,1,0.94,0.735,4,24,1,fitbit
6962181067,2016-05-07,steps,12500,5,1,22,4,0.95,0.744,5,25,0,fitbit
6962181067,2016-05-08,steps,10000,6,1,22,3,0.82,0.72,0,26,0,fitbit
6962181067,2016-05-09,steps,5000,0,0,22,1,0.69,0.697,0,27,1,fitbit
6962181067,2016-05-10,steps,12500,1,0,22,4,0.77,0.706,1,28,1,fitbit
6962181067,2016-05-11,steps,10000,2,0,22,3,0.95,0.715,2,29,0,fitbit
6962181067,2016-05-12,steps,12500,3,0,22,4,0.9,0.694,0,30,0,fitbit
7007744171,2016-04-12,exercise,45,1,0,22,5,0.38,0.41,0,0,1,fitbit
7007744171,2016-04-13,exercise,60,2,0,22,3,0.61,0.508,1,1,1,fitbit
7007744171,2016-04-14,exercise,60,3,0,22,2,0.79,0.579,2,2,0,fitbit
7007744171,2016-04-15,exercise,30,4,0,22,1,0.68,0.506,0,3,0,fitbit
7007744171,2016-04-16,exercise,45,5,1,22,2,0.62,0.45,0,4,0,fitbit
7007744171,2016-04-17,exercise,15,6,1,22,1,0.47,0.405,0,5,0,fitbit
7007744171,2016-04-18,exercise,60,0,0,22,5,0.32,0.368,0,6,1,fitbit
7007744171,2016-04-19,exercise,45,1,0,22,4,0.5,0.421,1,7,1,fitbit
7007744171,2016-04-20,exercise,45,2,0,22,2,0.62,0.465,2,8,1,fitbit
7007744171,2016-04-21,exercise,60,3,0,22,3,0.41,0.504,3,9,1,fitbit
7007744171,2016-04-22,exercise,45,4,0,22,2,0.84,0.537,4,10,1,fitbit
7007744171,2016-04-23,exercise,15,5,1,22,1,0.87,0.566,5,11,1,fitbit
7007744171,2016-04-24,exercise,30,6,1,22,1,0.76,0.591,6,12,0,fitbit
7007744171,2016-04-25,exercise,15,0,0,22,1,0.78,0.558,0,13,1,fitbit
7007744171,2016-04-26,exercise,45,1,0,22,2,0.58,0.582,1,14,0,fitbit
7007744171,2016-04-27,exercise,15,2,0,22,1,0.69,0.553,0,15,1,fitbit
7007744171,2016-04-28,exercise,15,3,0,22,1,0.77,0.574,1,16,1,fitbit
7007744171,2016-04-29,exercise,45,4,0,22,2,0.92,0.593,2,17,1,fitbit
7007744171,2016-04-30,exercise,45,5,1,22,2,0.71,0.611,3,18,0,fitbit
7007744171,2016-05-01,exercise,45,6,1,22,2,0.84,0.585,0,19,0,fitbit
7007744171,2016-05-02,exercise,60,0,0,22,4,0.52,0.562,0,20,1,fitbit
7007744171,2016-05-03,exercise,60,1,0,22,3,0.71,0.579,1,21,1,fitbit
7007744171,2016-05-05,exercise,15,3,0,22,1,0.84,0.594,2,22,1,fitbit
7007744171,2016-05-06,exercise,60,4,0,22,3,0.81,0.609,3,23,0,fitbit
7007744171,2016-04-12,steps,10000,1,0,22,4,0.7,0.461,0,0,1,fitbit
7007744171,2016-04-13,steps,7500,2,0,22,1,0.69,0.551,1,1,1,fitbit
7007744171,2016-04-14,steps,10000,3,0,22,2,0.9,0.615,2,2,1,fitbit
7007744171,2016-04-15,steps,10000,4,0,22,2,0.76,0.663,3,3,0,fitbit
7007744171,2016-04-16,steps,10000,5,1,22,2,0.8,0.59,0,4,0,fitbit
7007744171,2016-04-17,steps,5000,6,1,22,1,0.64,0.531,0,5,1,fitbit
7007744171,2016-04-18,steps,7500,0,0,22,2,0.68,0.573,1,6,1,fitbit
7007744171,2016-04-19,steps,5000,1,0,22,1,0.79,0.609,2,7,1,fitbit
7007744171,2016-04-20,steps,7500,2,0,22,1,0.95,0.639,3,8,1,fitbit
7007744171,2016-04-21,steps,5000,3,0,22,1,0.95,0.665,4,9,1,fitbit
7007744171,2016-04-22,steps,5000,4,0,22,1,0.95,0.687,5,10,1,fitbit
7007744171,2016-04-23,steps,12500,5,1,22,3,0.64,0.707,6,11,0,fitbit
7007744171,2016-04-24,steps,5000,6,1,22,1,0.89,0.665,0,12,1,fitbit
7007744171,2016-04-25,steps,12500,0,0,22,3,0.69,0.684,1,13,1,fitbit
7007744171,2016-04-26,steps,5000,1,0,22,1,0.95,0.7,2,14,1,fitbit
7007744171,2016-04-27,steps,12500,2,0,22,3,0.95,0.715,3,15,1,fitbit
7007744171,2016-04-28,steps,7500,3,0,22,1,0.95,0.729,4,16,1,fitbit
7007744171,2016-04-29,steps,10000,4,0,22,2,0.83,0.741,5,17,1,fitbit
7007744171,2016-04-30,steps,7500,5,1,22,1,0.68,0.752,6,18,0,fitbit
7007744171,2016-05-01,steps,7500,6,1,22,1,0.77,0.721,0,19,0,fitbit
7007744171,2016-05-02,steps,7500,0,0,22,1,0.95,0.692,0,20,1,fitbit
7007744171,2016-05-03,steps,10000,1,0,22,2,0.84,0.704,1,21,1,fitbit
7007744171,2016-05-05,steps,7500,3,0,22,1,0.88,0.715,2,22,1,fitbit
7007744171,2016-05-06,steps,10000,4,0,22,2,0.95,0.725,3,23,1,fitbit
7086361926,2016-04-12,exercise,45,1,0,22,5,0.29,0.41,0,0,1,fitbit
7086361926,2016-04-13,exercise,45,2,0,22,1,0.58,0.508,1,1,1,fitbit
7086361926,2016-04-14,exercise,15,3,0,22,1,0.67,0.579,2,2,1,fitbit
7086361926,2016-04-15,exercise,45,4,0,22,1,0.83,0.631,3,3,1,fitbit
7086361926,2016-04-16,exercise,45,5,1,22,2,0.7,0.672,4,4,0,fitbit
7086361926,2016-04-18,exercise,45,0,0,22,2,0.83,0.605,0,5,1,fitbit
7086361926,2016-04-19,exercise,15,1,0,22,1,0.85,0.641,1,6,1,fitbit
7086361926,2016-04-20,exercise,45,2,0,22,1,0.95,0.671,2,7,1,fitbit
7086361926,2016-04-21,exercise,60,3,0,22,3,0.59,0.696,3,8,0,fitbit
7086361926,2016-04-22,exercise,45,4,0,22,1,0.93,0.646,0,9,1,fitbit
7086361926,2016-04-23,exercise,15,5,1,22,1,0.79,0.67,1,10,0,fitbit
7086361926,2016-04-24,exercise,60,6,1,22,3,0.67,0.628,0,11,0,fitbit
7086361926,2016-04-25,exercise,60,0,0,22,3,0.71,0.591,0,12,1,fitbit
7086361926,2016-04-26,exercise,15,1,0,22,1,0.59,0.614,1,13,1,fitbit
7086361926,2016-04-27,exercise,60,2,0,22,3,0.76,0.634,2,14,1,fitbit
7086361926,2016-04-28,exercise,30,3,0,22,1,0.95,0.653,3,15,1,fitbit
7086361926,2016-04-29,exercise,45,4,0,22,1,0.87,0.669,4,16,1,fitbit
7086361926,2016-04-30,exercise,30,5,1,22,1,0.95,0.684,5,17,1,fitbit
7086361926,2016-05-01,exercise,60,6,1,22,3,0.92,0.698,6,18,0,fitbit
7086361926,2016-05-02,exercise,60,0,0,22,3,0.75,0.669,0,19,1,fitbit
7086361926,2016-05-03,exercise,60,1,0,22,3,0.71,0.682,1,20,1,fitbit
7086361926,2016-05-04,exercise,60,2,0,22,3,0.52,0.694,2,21,0,fitbit
7086361926,2016-05-05,exercise,60,3,0,22,3,0.85,0.669,0,22,0,fitbit
7086361926,2016-05-06,exercise,15,4,0,22,1,0.89,0.645,0,23,1,fitbit
7086361926,2016-05-07,exercise,30,5,1,22,1,0.8,0.657,1,24,1,fitbit
7086361926,2016-05-08,exercise,45,6,1,22,2,0.86,0.668,2,25,1,fitbit
7086361926,2016-05-09,exercise,45,0,0,22,2,0.79,0.679,3,26,1,fitbit
7086361926,2016-05-10,exercise,15,1,0,22,1,0.89,0.689,4,27,1,fitbit
7086361926,2016-05-11,exercise,15,2,0,22,1,0.95,0.698,5,28,1,fitbit
7086361926,2016-05-12,exercise,45,3,0,22,1,0.81,0.707,6,29,0,fitbit
7086361926,2016-04-12,sleep,360,1,0,8,2,0.72,0.567,0,0,1,fitbit
7086361926,2016-04-13,sleep,420,2,0,8,2,0.72,0.639,1,1,1,fitbit
7086361926,2016-04-14,sleep,480,3,0,8,3,0.73,0.691,2,2,0,fitbit
7086361926,2016-04-15,sleep,480,4,0,8,3,0.68,0.604,0,3,0,fitbit
7086361926,2016-04-19,sleep,420,1,0,8,3,0.65,0.537,0,4,1,fitbit
7086361926,2016-04-20,sleep,420,2,0,8,2,0.84,0.584,1,5,1,fitbit
7086361926,2016-04-21,sleep,360,3,0,8,2,0.93,0.621,2,6,1,fitbit
7086361926,2016-04-22,sleep,360,4,0,8,2,0.8,0.653,3,7,1,fitbit
7086361926,2016-04-24,sleep,420,6,1,8,3,0.73,0.68,4,8,1,fitbit
7086361926,2016-04-25,sleep,420,0,0,8,2,0.94,0.703,5,9,1,fitbit
7086361926,2016-04-26,sleep,360,1,0,8,2,0.95,0.722,6,10,1,fitbit
7086361926,2016-04-27,sleep,420,2,0,8,2,0.87,0.74,7,11,1,fitbit
7086361926,2016-04-28,sleep,360,3,0,8,2,0.95,0.755,8,12,0,fitbit
7086361926,2016-04-30,sleep,360,5,1,8,2,0.95,0.713,0,13,1,fitbit
7086361926,2016-05-01,sleep,480,6,1,8,3,0.95,0.728,1,14,0,fitbit
7086361926,2016-05-02,sleep,420,0,0,8,2,0.95,0.692,0,15,1,fitbit
7086361926,2016-05-03,sleep,420,1,0,8,3,0.7,0.706,1,16,1,fitbit
7086361926,2016-05-04,sleep,480,2,0,8,3,0.82,0.72,2,17,0,fitbit
7086361926,2016-05-06,sleep,480,4,0,8,3,0.79,0.688,0,18,0,fitbit
7086361926,2016-05-07,sleep,480,5,1,8,3,0.75,0.66,0,19,1,fitbit
7086361926,2016-05-08,sleep,420,6,1,8,3,0.7,0.673,1,20,1,fitbit
7086361926,2016-05-09,sleep,480,0,0,8,3,0.61,0.686,2,21,0,fitbit
7086361926,2016-05-11,sleep,420,2,0,8,3,0.77,0.661,0,22,1,fitbit
7086361926,2016-05-12,sleep,480,3,0,8,3,0.68,0.673,1,23,0,fitbit
7086361926,2016-04-12,steps,12500,1,0,22,5,0.55,0.461,0,0,0,fitbit
7086361926,2016-04-13,steps,7500,2,0,22,1,0.65,0.385,0,1,0,fitbit
7086361926,2016-04-14,steps,7500,3,0,22,2,0.47,0.33,0,2,1,fitbit
7086361926,2016-04-15,steps,5000,4,0,22,1,0.66,0.413,1,3,1,fitbit
7086361926,2016-04-16,steps,7500,5,1,22,2,0.69,0.479,2,4,0,fitbit
7086361926,2016-04-18,steps,5000,0,0,22,1,0.88,0.431,0,5,1,fitbit
7086361926,2016-04-19,steps,5000,1,0,22,1,0.79,0.482,1,6,1,fitbit
7086361926,2016-04-20,steps,12500,2,0,22,5,0.55,0.526,2,7,1,fitbit
7086361926,2016-04-21,steps,5000,3,0,22,1,0.95,0.562,3,8,1,fitbit
7086361926,2016-04-22,steps,7500,4,0,22,2,0.63,0.593,4,9,1,fitbit
7086361926,2016-04-23,steps,12500,5,1,22,5,0.65,0.62,5,10,0,fitbit
7086361926,2016-04-24,steps,12500,6,1,22,5,0.49,0.582,0,11,0,fitbit
7086361926,2016-04-25,steps,5000,0,0,22,1,0.51,0.547,0,12,1,fitbit
7086361926,2016-04-26,steps,5000,1,0,22,1,0.58,0.573,1,13,1,fitbit
7086361926,2016-04-27,steps,7500,2,0,22,2,0.65,0.595,2,14,1,fitbit
7086361926,2016-04-28,steps,10000,3,0,22,3,0.78,0.615,3,15,1,fitbit
7086361926,2016-04-29,steps,12500,4,0,22,4,0.67,0.634,4,16,0,fitbit
7086361926,2016-04-30,steps,5000,5,1,22,1,0.89,0.605,0,17,1,fitbit
7086361926,2016-05-01,steps,5000,6,1,22,1,0.95,0.622,1,18,1,fitbit
7086361926,2016-05-02,steps,7500,0,0,22,2,0.67,0.638,2,19,1,fitbit
7086361926,2016-05-03,steps,12500,1,0,22,4,0.67,0.652,3,20,0,fitbit
7086361926,2016-05-04,steps,5000,2,0,22,1,0.92,0.627,0,21,1,fitbit
7086361926,2016-05-05,steps,7500,3,0,22,2,0.73,0.641,1,22,1,fitbit
7086361926,2016-05-06,steps,5000,4,0,22,1,0.92,0.654,2,23,1,fitbit
7086361926,2016-05-07,steps,5000,5,1,22,1,0.73,0.666,3,24,1,fitbit
7086361926,2016-05-08,steps,12500,6,1,22,4,0.87,0.677,4,25,0,fitbit
7086361926,2016-05-09,steps,5000,0,0,22,1,0.83,0.655,0,26,1,fitbit
7086361926,2016-05-10,steps,7500,1,0,22,2,0.95,0.666,1,27,1,fitbit
7086361926,2016-05-11,steps,12500,2,0,22,4,0.69,0.676,2,28,0,fitbit
7086361926,2016-05-12,steps,10000,3,0,22,3,0.88,0.656,0,29,0,fitbit
8053475328,2016-04-12,exercise,45,1,0,22,5,0.48,0.41,0,0,1,fitbit
8053475328,2016-04-13,exercise,15,2,0,22,1,0.6,0.508,1,1,1,fitbit
8053475328,2016-04-14,exercise,15,3,0,22,1,0.76,0.579,2,2,1,fitbit
8053475328,2016-04-15,exercise,15,4,0,22,1,0.95,0.631,3,3,1,fitbit
8053475328,2016-04-16,exercise,45,5,1,22,1,0.95,0.672,4,4,1,fitbit
8053475328,2016-04-17,exercise,15,6,1,22,1,0.95,0.705,5,5,1,fitbit
8053475328,2016-04-18,exercise,45,0,0,22,1,0.88,0.732,6,6,1,fitbit
8053475328,2016-04-19,exercise,30,1,0,22,1,0.95,0.754,7,7,1,fitbit
8053475328,2016-04-20,exercise,30,2,0,22,1,0.95,0.773,8,8,1,fitbit
8053475328,2016-04-21,exercise,45,3,0,22,1,0.95,0.789,9,9,1,fitbit
8053475328,2016-04-22,exercise,45,4,0,22,1,0.95,0.803,10,10,1,fitbit
8053475328,2016-04-23,exercise,45,5,1,22,1,0.95,0.816,11,11,1,fitbit
8053475328,2016-04-24,exercise,60,6,1,22,1,0.95,0.826,12,12,1,fitbit
8053475328,2016-04-25,exercise,60,0,0,22,1,0.92,0.836,13,13,1,fitbit
8053475328,2016-04-26,exercise,60,1,0,22,1,0.95,0.845,14,14,1,fitbit
8053475328,2016-04-27,exercise,45,2,0,22,1,0.95,0.853,15,15,1,fitbit
8053475328,2016-04-28,exercise,30,3,0,22,1,0.95,0.86,16,16,1,fitbit
8053475328,2016-04-29,exercise,15,4,0,22,1,0.95,0.866,17,17,1,fitbit
8053475328,2016-04-30,exercise,45,5,1,22,1,0.95,0.872,18,18,0,fitbit
8053475328,2016-05-01,exercise,15,6,1,22,1,0.95,0.835,0,19,0,fitbit
8053475328,2016-05-02,exercise,60,0,0,22,1,0.95,0.802,0,20,0,fitbit
8053475328,2016-05-03,exercise,60,1,0,22,1,0.95,0.771,0,21,1,fitbit
8053475328,2016-05-04,exercise,15,2,0,22,1,0.95,0.78,1,22,1,fitbit
8053475328,2016-05-05,exercise,60,3,0,22,1,0.89,0.788,2,23,1,fitbit
8053475328,2016-05-06,exercise,15,4,0,22,1,0.95,0.795,3,24,1,fitbit
8053475328,2016-05-07,exercise,45,5,1,22,1,0.95,0.802,4,25,1,fitbit
8053475328,2016-05-08,exercise,15,6,1,22,1,0.95,0.808,5,26,1,fitbit
8053475328,2016-05-09,exercise,30,0,0,22,1,0.95,0.814,6,27,1,fitbit
8053475328,2016-05-10,exercise,45,1,0,22,1,0.95,0.82,7,28,1,fitbit
8053475328,2016-05-11,exercise,45,2,0,22,1,0.95,0.825,8,29,1,fitbit
8053475328,2016-05-12,exercise,30,3,0,22,1,0.95,0.83,9,30,1,fitbit
8053475328,2016-04-20,sleep,480,2,0,8,3,0.68,0.567,0,0,1,fitbit
8053475328,2016-04-23,sleep,420,5,1,8,2,0.72,0.639,1,1,0,fitbit
8053475328,2016-04-12,steps,5000,1,0,22,1,0.71,0.461,0,0,1,fitbit
8053475328,2016-04-13,steps,7500,2,0,22,1,0.81,0.551,1,1,1,fitbit
8053475328,2016-04-14,steps,12500,3,0,22,2,0.72,0.615,2,2,1,fitbit
8053475328,2016-04-15,steps,7500,4,0,22,1,0.94,0.663,3,3,1,fitbit
8053475328,2016-04-16,steps,10000,5,1,22,1,0.95,0.701,4,4,1,fitbit
8053475328,2016-04-17,steps,10000,6,1,22,1,0.9,0.731,5,5,1,fitbit
8053475328,2016-04-18,steps,10000,0,0,22,1,0.95,0.755,6,6,1,fitbit
8053475328,2016-04-19,steps,5000,1,0,22,1,0.95,0.776,7,7,1,fitbit
8053475328,2016-04-20,steps,12500,2,0,22,2,0.95,0.793,8,8,1,fitbit
8053475328,2016-04-21,steps,12500,3,0,22,2,0.95,0.808,9,9,1,fitbit
8053475328,2016-04-22,steps,5000,4,0,22,1,0.95,0.82,10,10,1,fitbit
8053475328,2016-04-23,steps,12500,5,1,22,2,0.95,0.832,11,11,1,fitbit
8053475328,2016-04-24,steps,12500,6,1,22,2,0.95,0.842,12,12,1,fitbit
8053475328,2016-04-25,steps,10000,0,0,22,1,0.95,0.85,13,13,1,fitbit
8053475328,2016-04-26,steps,7500,1,0,22,1,0.95,0.858,14,14,1,fitbit
8053475328,2016-04-27,steps,7500,2,0,22,1,0.95,0.865,15,15,1,fitbit
8053475328,2016-04-28,steps,12500,3,0,22,2,0.95,0.872,16,16,1,fitbit
8053475328,2016-04-29,steps,5000,4,0,22,1,0.95,0.878,17,17,1,fitbit
8053475328,2016-04-30,steps,12500,5,1,22,2,0.95,0.883,18,18,0,fitbit
8053475328,2016-05-01,steps,12500,6,1,22,2,0.95,0.846,0,19,0,fitbit
8053475328,2016-05-02,steps,10000,0,0,22,1,0.95,0.812,0,20,0,fitbit
8053475328,2016-05-03,steps,7500,1,0,22,1,0.95,0.781,0,21,1,fitbit
8053475328,2016-05-04,steps,10000,2,0,22,1,0.95,0.789,1,22,1,fitbit
8053475328,2016-05-05,steps,5000,3,0,22,1,0.95,0.797,2,23,1,fitbit
8053475328,2016-05-06,steps,12500,4,0,22,2,0.89,0.804,3,24,1,fitbit
8053475328,2016-05-07,steps,7500,5,1,22,1,0.92,0.81,4,25,1,fitbit
8053475328,2016-05-08,steps,5000,6,1,22,1,0.95,0.816,5,26,1,fitbit
8053475328,2016-05-09,steps,12500,0,0,22,2,0.95,0.822,6,27,0,fitbit
8053475328,2016-05-10,steps,10000,1,0,22,1,0.95,0.797,0,28,1,fitbit
8053475328,2016-05-11,steps,10000,2,0,22,1,0.95,0.803,1,29,1,fitbit
8053475328,2016-05-12,steps,5000,3,0,22,1,0.95,0.809,2,30,0,fitbit
8253242879,2016-04-12,exercise,60,1,0,22,5,0.28,0.41,0,0,0,fitbit
8253242879,2016-04-13,exercise,60,2,0,22,5,0.2,0.342,0,1,0,fitbit
8253242879,2016-04-14,exercise,15,3,0,22,1,0.49,0.293,0,2,1,fitbit
8253242879,2016-04-15,exercise,45,4,0,22,3,0.61,0.381,1,3,0,fitbit
8253242879,2016-04-16,exercise,45,5,1,22,3,0.51,0.339,0,4,1,fitbit
8253242879,2016-04-17,exercise,30,6,1,22,1,0.87,0.405,1,5,1,fitbit
8253242879,2016-04-18,exercise,45,0,0,22,3,0.83,0.459,2,6,0,fitbit
8253242879,2016-04-19,exercise,60,1,0,22,5,0.24,0.421,0,7,0,fitbit
8253242879,2016-04-20,exercise,60,2,0,22,5,0.34,0.388,0,8,0,fitbit
8253242879,2016-04-21,exercise,60,3,0,22,5,0.16,0.361,0,9,1,fitbit
8253242879,2016-04-22,exercise,45,4,0,22,3,0.41,0.403,1,10,0,fitbit
8253242879,2016-04-23,exercise,30,5,1,22,2,0.48,0.378,0,11,1,fitbit
8253242879,2016-04-24,exercise,60,6,1,22,5,0.23,0.415,1,12,0,fitbit
8253242879,2016-04-25,exercise,30,0,0,22,1,0.53,0.392,0,13,1,fitbit
8253242879,2016-04-26,exercise,45,1,0,22,3,0.51,0.424,1,14,0,fitbit
8253242879,2016-04-27,exercise,30,2,0,22,1,0.52,0.403,0,15,1,fitbit
8253242879,2016-04-28,exercise,30,3,0,22,1,0.79,0.431,1,16,0,fitbit
8253242879,2016-04-29,exercise,15,4,0,22,1,0.56,0.411,0,17,1,fitbit
8253242879,2016-04-12,steps,12500,1,0,22,5,0.64,0.461,0,0,0,fitbit
8253242879,2016-04-13,steps,10000,2,0,22,4,0.22,0.385,0,1,0,fitbit
8253242879,2016-04-14,steps,12500,3,0,22,5,0.24,0.33,0,2,0,fitbit
8253242879,2016-04-15,steps,12500,4,0,22,5,0.17,0.288,0,3,0,fitbit
8253242879,2016-04-16,steps,5000,5,1,22,2,0.2,0.256,0,4,1,fitbit
8253242879,2016-04-17,steps,5000,6,1,22,1,0.72,0.331,1,5,1,fitbit
8253242879,2016-04-18,steps,12500,0,0,22,5,0.3,0.392,2,6,0,fitbit
8253242879,2016-04-19,steps,10000,1,0,22,4,0.47,0.359,0,7,0,fitbit
8253242879,2016-04-20,steps,7500,2,0,22,4,0.63,0.331,0,8,0,fitbit
8253242879,2016-04-21,steps,7500,3,0,22,4,0.29,0.308,0,9,1,fitbit
8253242879,2016-04-22,steps,10000,4,0,22,5,0.24,0.354,1,10,0,fitbit
8253242879,2016-04-23,steps,12500,5,1,22,5,0.29,0.332,0,11,0,fitbit
8253242879,2016-04-24,steps,5000,6,1,22,1,0.69,0.312,0,12,1,fitbit
8253242879,2016-04-25,steps,10000,0,0,22,4,0.3,0.35,1,13,0,fitbit
8253242879,2016-04-26,steps,12500,1,0,22,5,0.2,0.332,0,14,0,fitbit
8253242879,2016-04-27,steps,7500,2,0,22,3,0.54,0.315,0,15,1,fitbit
8253242879,2016-04-28,steps,7500,3,0,22,3,0.49,0.348,1,16,0,fitbit
8253242879,2016-04-29,steps,12500,4,0,22,5,0.05,0.332,0,17,0,fitbit
8378563200,2016-04-12,exercise,60,1,0,22,5,0.69,0.41,0,0,1,fitbit
8378563200,2016-04-13,exercise,15,2,0,22,1,0.71,0.508,1,1,1,fitbit
8378563200,2016-04-14,exercise,15,3,0,22,1,0.85,0.579,2,2,1,fitbit
8378563200,2016-04-15,exercise,60,4,0,22,1,0.74,0.631,3,3,1,fitbit
8378563200,2016-04-16,exercise,45,5,1,22,1,0.95,0.672,4,4,1,fitbit
8378563200,2016-04-17,exercise,30,6,1,22,1,0.95,0.705,5,5,0,fitbit
8378563200,2016-04-18,exercise,45,0,0,22,1,0.94,0.641,0,6,1,fitbit
8378563200,2016-04-19,exercise,30,1,0,22,1,0.77,0.671,1,7,1,fitbit
8378563200,2016-04-20,exercise,15,2,0,22,1,0.95,0.696,2,8,1,fitbit
8378563200,2016-04-21,exercise,45,3,0,22,1,0.84,0.718,3,9,1,fitbit
8378563200,2016-04-22,exercise,15,4,0,22,1,0.95,0.737,4,10,1,fitbit
8378563200,2016-04-23,exercise,45,5,1,22,1,0.95,0.753,5,11,0,fitbit
8378563200,2016-04-24,exercise,60,6,1,22,1,0.95,0.709,0,12,0,fitbit
8378563200,2016-04-25,exercise,60,0,0,22,1,0.64,0.669,0,13,1,fitbit
8378563200,2016-04-26,exercise,30,1,0,22,1,0.83,0.687,1,14,1,fitbit
8378563200,2016-04-27,exercise,60,2,0,22,1,0.95,0.703,2,15,0,fitbit
8378563200,2016-04-28,exercise,45,3,0,22,1,0.95,0.669,0,16,0,fitbit
8378563200,2016-04-29,exercise,30,4,0,22,1,0.95,0.639,0,17,0,fitbit
8378563200,2016-04-30,exercise,15,5,1,22,1,0.68,0.611,0,18,0,fitbit
8378563200,2016-05-01,exercise,30,6,1,22,1,0.88,0.585,0,19,1,fitbit
8378563200,2016-05-02,exercise,45,0,0,22,1,0.95,0.602,1,20,1,fitbit
8378563200,2016-05-03,exercise,60,1,0,22,2,0.6,0.617,2,21,1,fitbit
8378563200,2016-05-04,exercise,15,2,0,22,1,0.89,0.631,3,22,1,fitbit
8378563200,2016-05-05,exercise,45,3,0,22,1,0.94,0.645,4,23,1,fitbit
8378563200,2016-05-06,exercise,60,4,0,22,2,0.8,0.657,5,24,1,fitbit
8378563200,2016-05-07,exercise,60,5,1,22,2,0.63,0.668,6,25,0,fitbit
8378563200,2016-05-08,exercise,30,6,1,22,1,0.87,0.647,0,26,0,fitbit
8378563200,2016-05-09,exercise,15,0,0,22,1,0.85,0.627,0,27,1,fitbit
8378563200,2016-05-10,exercise,30,1,0,22,1,0.88,0.638,1,28,1,fitbit
8378563200,2016-05-11,exercise,60,2,0,22,2,0.76,0.649,2,29,1,fitbit
8378563200,2016-05-12,exercise,60,3,0,22,2,0.79,0.659,3,30,0,fitbit
8378563200,2016-04-12,sleep,480,1,0,8,3,0.54,0.567,0,0,0,fitbit
8378563200,2016-04-13,sleep,420,2,0,8,4,0.52,0.473,0,1,1,fitbit
8378563200,2016-04-14,sleep,480,3,0,8,4,0.59,0.548,1,2,0,fitbit
8378563200,2016-04-15,sleep,360,4,0,8,2,0.73,0.479,0,3,1,fitbit
8378563200,2016-04-16,sleep,480,5,1,8,4,0.82,0.537,1,4,1,fitbit
8378563200,2016-04-17,sleep,420,6,1,8,3,0.72,0.584,2,5,1,fitbit
8378563200,2016-04-18,sleep,480,0,0,8,3,0.78,0.621,3,6,0,fitbit
8378563200,2016-04-19,sleep,420,1,0,8,3,0.54,0.57,0,7,0,fitbit
8378563200,2016-04-20,sleep,480,2,0,8,4,0.39,0.526,0,8,0,fitbit
8378563200,2016-04-21,sleep,360,3,0,8,2,0.86,0.488,0,9,1,fitbit
8378563200,2016-04-22,sleep,360,4,0,8,2,0.59,0.522,1,10,1,fitbit
8378563200,2016-04-23,sleep,420,5,1,8,3,0.53,0.552,2,11,1,fitbit
8378563200,2016-04-24,sleep,480,6,1,8,4,0.59,0.579,3,12,0,fitbit
8378563200,2016-04-25,sleep,480,0,0,8,3,0.64,0.546,0,13,0,fitbit
8378563200,2016-04-26,sleep,420,1,0,8,3,0.51,0.518,0,14,1,fitbit
8378563200,2016-04-27,sleep,420,2,0,8,3,0.61,0.542,1,15,1,fitbit
8378563200,2016-04-28,sleep,420,3,0,8,3,0.81,0.564,2,16,1,fitbit
8378563200,2016-04-29,sleep,480,4,0,8,3,0.59,0.583,3,17,1,fitbit
8378563200,2016-04-30,sleep,420,5,1,8,3,0.53,0.602,4,18,1,fitbit
8378563200,2016-05-01,sleep,420,6,1,8,3,0.83,0.618,5,19,1,fitbit
8378563200,2016-05-02,sleep,480,0,0,8,3,0.79,0.633,6,20,0,fitbit
8378563200,2016-05-03,sleep,360,1,0,8,2,0.71,0.609,0,21,1,fitbit
8378563200,2016-05-04,sleep,480,2,0,8,3,0.53,0.624,1,22,0,fitbit
8378563200,2016-05-05,sleep,360,3,0,8,2,0.69,0.601,0,23,1,fitbit
8378563200,2016-05-06,sleep,360,4,0,8,2,0.79,0.615,1,24,0,fitbit
8378563200,2016-05-07,sleep,480,5,1,8,3,0.83,0.595,0,25,0,fitbit
8378563200,2016-05-08,sleep,480,6,1,8,3,0.55,0.575,0,26,1,fitbit
8378563200,2016-05-09,sleep,480,0,0,8,3,0.68,0.589,1,27,0,fitbit
8378563200,2016-05-10,sleep,480,1,0,8,3,0.75,0.571,0,28,0,fitbit
8378563200,2016-05-11,sleep,420,2,0,8,3,0.37,0.554,0,29,0,fitbit
8378563200,2016-05-12,sleep,420,3,0,8,3,0.76,0.538,0,30,1,fitbit
8378563200,2016-04-12,steps,5000,1,0,22,1,0.57,0.461,0,0,1,fitbit
8378563200,2016-04-13,steps,7500,2,0,22,3,0.83,0.551,1,1,1,fitbit
8378563200,2016-04-14,steps,7500,3,0,22,2,0.84,0.615,2,2,1,fitbit
8378563200,2016-04-15,steps,12500,4,0,22,3,0.67,0.663,3,3,1,fitbit
8378563200,2016-04-16,steps,5000,5,1,22,1,0.94,0.701,4,4,1,fitbit
8378563200,2016-04-17,steps,7500,6,1,22,1,0.95,0.731,5,5,0,fitbit
8378563200,2016-04-18,steps,5000,0,0,22,1,0.95,0.664,0,6,1,fitbit
8378563200,2016-04-19,steps,12500,1,0,22,3,0.63,0.692,1,7,1,fitbit
8378563200,2016-04-20,steps,10000,2,0,22,2,0.8,0.716,2,8,0,fitbit
8378563200,2016-04-21,steps,7500,3,0,22,1,0.95,0.665,0,9,1,fitbit
8378563200,2016-04-22,steps,7500,4,0,22,1,0.94,0.687,1,10,1,fitbit
8378563200,2016-04-23,steps,5000,5,1,22,1,0.95,0.707,2,11,1,fitbit
8378563200,2016-04-24,steps,12500,6,1,22,3,0.68,0.724,3,12,0,fitbit
8378563200,2016-04-25,steps,10000,0,0,22,2,0.91,0.684,0,13,1,fitbit
8378563200,2016-04-26,steps,7500,1,0,22,1,0.95,0.7,1,14,1,fitbit
8378563200,2016-04-27,steps,7500,2,0,22,1,0.95,0.715,2,15,0,fitbit
8378563200,2016-04-28,steps,10000,3,0,22,2,0.88,0.681,0,16,0,fitbit
8378563200,2016-04-29,steps,10000,4,0,22,2,0.82,0.65,0,17,0,fitbit
8378563200,2016-04-30,steps,7500,5,1,22,1,0.78,0.622,0,18,0,fitbit
8378563200,2016-05-01,steps,7500,6,1,22,1,0.85,0.596,0,19,1,fitbit
8378563200,2016-05-02,steps,10000,0,0,22,2,0.94,0.612,1,20,0,fitbit
8378563200,2016-05-03,steps,10000,1,0,22,2,0.75,0.589,0,21,0,fitbit
8378563200,2016-05-04,steps,10000,2,0,22,3,0.56,0.567,0,22,0,fitbit
8378563200,2016-05-05,steps,5000,3,0,22,1,0.75,0.547,0,23,1,fitbit
8378563200,2016-05-06,steps,7500,4,0,22,2,0.77,0.562,1,24,0,fitbit
8378563200,2016-05-07,steps,10000,5,1,22,4,0.52,0.544,0,25,0,fitbit
8378563200,2016-05-08,steps,12500,6,1,22,5,0.52,0.526,0,26,0,fitbit
8378563200,2016-05-09,steps,10000,0,0,22,4,0.59,0.51,0,27,0,fitbit
8378563200,2016-05-10,steps,7500,1,0,22,2,0.78,0.494,0,28,0,fitbit
8378563200,2016-05-11,steps,10000,2,0,22,4,0.67,0.48,0,29,0,fitbit
8378563200,2016-05-12,steps,5000,3,0,22,1,0.85,0.466,0,30,0,fitbit
8583815059,2016-04-12,exercise,45,1,0,22,5,0.35,0.41,0,0,0,fitbit
8583815059,2016-04-13,exercise,15,2,0,22,5,0.34,0.342,0,1,1,fitbit
8583815059,2016-04-14,exercise,15,3,0,22,3,0.5,0.436,1,2,0,fitbit
8583815059,2016-04-15,exercise,30,4,0,22,5,0.27,0.381,0,3,0,fitbit
8583815059,2016-04-18,exercise,45,0,0,22,5,0.29,0.339,0,4,0,fitbit
8583815059,2016-04-19,exercise,15,1,0,22,5,0.05,0.305,0,5,1,fitbit
8583815059,2016-04-20,exercise,45,2,0,22,5,0.37,0.368,1,6,0,fitbit
8583815059,2016-04-21,exercise,45,3,0,22,5,0.28,0.338,0,7,1,fitbit
8583815059,2016-04-22,exercise,15,4,0,22,2,0.57,0.388,1,8,1,fitbit
8583815059,2016-04-23,exercise,15,5,1,22,1,0.81,0.432,2,9,1,fitbit
8583815059,2016-04-24,exercise,30,6,1,22,4,0.26,0.47,3,10,1,fitbit
8583815059,2016-04-25,exercise,45,0,0,22,5,0.21,0.503,4,11,0,fitbit
8583815059,2016-04-26,exercise,60,1,0,22,5,0.45,0.474,0,12,1,fitbit
8583815059,2016-04-27,exercise,30,2,0,22,4,0.52,0.503,1,13,1,fitbit
8583815059,2016-04-28,exercise,30,3,0,22,4,0.57,0.529,2,14,0,fitbit
8583815059,2016-04-29,exercise,60,4,0,22,5,0.39,0.503,0,15,1,fitbit
8583815059,2016-04-30,exercise,30,5,1,22,3,0.71,0.526,1,16,1,fitbit
8583815059,2016-05-01,exercise,30,6,1,22,3,0.76,0.548,2,17,0,fitbit
8583815059,2016-05-05,exercise,30,3,0,22,3,0.68,0.524,0,18,0,fitbit
8583815059,2016-05-06,exercise,15,4,0,22,1,0.73,0.502,0,19,1,fitbit
8583815059,2016-05-07,exercise,30,5,1,22,4,0.29,0.522,1,20,0,fitbit
8583815059,2016-05-08,exercise,45,6,1,22,5,0.53,0.502,0,21,1,fitbit
8583815059,2016-05-09,exercise,60,0,0,22,5,0.61,0.52,1,22,1,fitbit
8583815059,2016-05-10,exercise,45,1,0,22,5,0.56,0.538,2,23,1,fitbit
8583815059,2016-05-11,exercise,60,2,0,22,5,0.39,0.553,3,24,1,fitbit
8583815059,2016-04-12,steps,5000,1,0,22,1,0.61,0.461,0,0,1,fitbit
8583815059,2016-04-13,steps,10000,2,0,22,5,0.38,0.551,1,1,0,fitbit
8583815059,2016-04-14,steps,12500,3,0,22,5,0.4,0.472,0,2,0,fitbit
8583815059,2016-04-15,steps,12500,4,0,22,5,0.3,0.413,0,3,0,fitbit
8583815059,2016-04-18,steps,10000,0,0,22,5,0.17,0.367,0,4,0,fitbit
8583815059,2016-04-19,steps,5000,1,0,22,4,0.3,0.331,0,5,1,fitbit
8583815059,2016-04-20,steps,12500,2,0,22,5,0.28,0.392,1,6,0,fitbit
8583815059,2016-04-21,steps,7500,3,0,22,5,0.22,0.359,0,7,1,fitbit
8583815059,2016-04-22,steps,7500,4,0,22,5,0.31,0.408,1,8,1,fitbit
8583815059,2016-04-23,steps,12500,5,1,22,5,0.53,0.451,2,9,0,fitbit
8583815059,2016-04-24,steps,10000,6,1,22,5,0.38,0.42,0,10,0,fitbit
8583815059,2016-04-25,steps,10000,0,0,22,5,0.63,0.394,0,11,0,fitbit
8583815059,2016-04-26,steps,7500,1,0,22,5,0.33,0.371,0,12,1,fitbit
8583815059,2016-04-27,steps,12500,2,0,22,5,0.31,0.406,1,13,0,fitbit
8583815059,2016-04-28,steps,7500,3,0,22,5,0.33,0.385,0,14,0,fitbit
8583815059,2016-04-29,steps,10000,4,0,22,5,0.34,0.365,0,15,1,fitbit
8583815059,2016-04-30,steps,12500,5,1,22,5,0.39,0.396,1,16,0,fitbit
8583815059,2016-05-01,steps,10000,6,1,22,5,0.57,0.378,0,17,0,fitbit
8583815059,2016-05-05,steps,5000,3,0,22,2,0.44,0.361,0,18,1,fitbit
8583815059,2016-05-06,steps,7500,4,0,22,4,0.51,0.388,1,19,0,fitbit
8583815059,2016-05-07,steps,7500,5,1,22,4,0.42,0.372,0,20,0,fitbit
8583815059,2016-05-08,steps,12500,6,1,22,5,0.11,0.358,0,21,0,fitbit
8583815059,2016-05-09,steps,10000,0,0,22,5,0.38,0.345,0,22,0,fitbit
8583815059,2016-05-10,steps,7500,1,0,22,4,0.5,0.332,0,23,1,fitbit
8583815059,2016-05-11,steps,10000,2,0,22,5,0.19,0.355,1,24,0,fitbit
8792009665,2016-04-12,exercise,45,1,0,22,5,0.43,0.41,0,0,0,fitbit
8792009665,2016-04-13,exercise,15,2,0,22,5,0.39,0.342,0,1,0,fitbit
8792009665,2016-04-14,exercise,30,3,0,22,5,0.42,0.293,0,2,0,fitbit
8792009665,2016-04-15,exercise,60,4,0,22,5,0.09,0.256,0,3,0,fitbit
8792009665,2016-04-16,exercise,15,5,1,22,5,0.14,0.228,0,4,0,fitbit
8792009665,2016-04-20,exercise,60,2,0,22,5,0.23,0.205,0,5,0,fitbit
8792009665,2016-04-21,exercise,45,3,0,22,5,0.13,0.186,0,6,0,fitbit
8792009665,2016-04-22,exercise,30,4,0,22,5,0.05,0.171,0,7,0,fitbit
8792009665,2016-04-23,exercise,60,5,1,22,5,0.15,0.158,0,8,0,fitbit
8792009665,2016-04-24,exercise,60,6,1,22,5,0.16,0.146,0,9,0,fitbit
8792009665,2016-04-26,exercise,15,1,0,22,5,0.09,0.137,0,10,0,fitbit
8792009665,2016-04-27,exercise,15,2,0,22,5,0.09,0.128,0,11,0,fitbit
8792009665,2016-04-28,exercise,45,3,0,22,5,0.05,0.121,0,12,0,fitbit
8792009665,2016-04-29,exercise,60,4,0,22,5,0.23,0.114,0,13,0,fitbit
8792009665,2016-04-30,exercise,15,5,1,22,5,0.05,0.108,0,14,1,fitbit
8792009665,2016-05-01,exercise,45,6,1,22,5,0.05,0.153,1,15,0,fitbit
8792009665,2016-05-02,exercise,15,0,0,22,5,0.09,0.145,0,16,0,fitbit
8792009665,2016-05-03,exercise,45,1,0,22,5,0.18,0.139,0,17,0,fitbit
8792009665,2016-05-04,exercise,45,2,0,22,5,0.05,0.133,0,18,0,fitbit
8792009665,2016-04-12,sleep,360,1,0,8,2,0.61,0.567,0,0,1,fitbit
8792009665,2016-04-13,sleep,360,2,0,8,2,0.86,0.639,1,1,1,fitbit
8792009665,2016-04-14,sleep,360,3,0,8,2,0.9,0.691,2,2,1,fitbit
8792009665,2016-04-15,sleep,360,4,0,8,2,0.95,0.729,3,3,1,fitbit
8792009665,2016-04-20,sleep,420,2,0,8,2,0.95,0.759,4,4,1,fitbit
8792009665,2016-04-22,sleep,480,4,0,8,3,0.6,0.784,5,5,0,fitbit
8792009665,2016-04-23,sleep,480,5,1,8,3,0.72,0.712,0,6,0,fitbit
8792009665,2016-04-27,sleep,420,2,0,8,3,0.77,0.653,0,7,1,fitbit
8792009665,2016-04-28,sleep,480,3,0,8,3,0.76,0.68,1,8,0,fitbit
8792009665,2016-04-29,sleep,480,4,0,8,4,0.71,0.631,0,9,0,fitbit
8792009665,2016-04-30,sleep,480,5,1,8,4,0.7,0.589,0,10,0,fitbit
8792009665,2016-05-01,sleep,420,6,1,8,3,0.73,0.552,0,11,1,fitbit
8792009665,2016-05-02,sleep,360,0,0,8,2,0.73,0.579,1,12,1,fitbit
8792009665,2016-05-03,sleep,480,1,0,8,4,0.4,0.602,2,13,1,fitbit
8792009665,2016-05-04,sleep,360,2,0,8,2,0.75,0.623,3,14,1,fitbit
8792009665,2016-04-12,steps,10000,1,0,22,4,0.48,0.461,0,0,0,fitbit
8792009665,2016-04-13,steps,7500,2,0,22,5,0.12,0.385,0,1,0,fitbit
8792009665,2016-04-14,steps,7500,3,0,22,5,0.12,0.33,0,2,0,fitbit
8792009665,2016-04-15,steps,12500,4,0,22,5,0.35,0.288,0,3,0,fitbit
8792009665,2016-04-16,steps,10000,5,1,22,5,0.14,0.256,0,4,0,fitbit
8792009665,2016-04-20,steps,5000,2,0,22,5,0.05,0.231,0,5,0,fitbit
8792009665,2016-04-21,steps,10000,3,0,22,5,0.18,0.21,0,6,0,fitbit
8792009665,2016-04-22,steps,10000,4,0,22,5,0.07,0.192,0,7,0,fitbit
8792009665,2016-04-23,steps,10000,5,1,22,5,0.06,0.177,0,8,0,fitbit
8792009665,2016-04-24,steps,10000,6,1,22,5,0.19,0.165,0,9,0,fitbit
8792009665,2016-04-26,steps,12500,1,0,22,5,0.05,0.154,0,10,0,fitbit
8792009665,2016-04-27,steps,7500,2,0,22,5,0.05,0.144,0,11,0,fitbit
8792009665,2016-04-28,steps,7500,3,0,22,5,0.09,0.136,0,12,0,fitbit
8792009665,2016-04-29,steps,5000,4,0,22,5,0.18,0.128,0,13,1,fitbit
8792009665,2016-04-30,steps,10000,5,1,22,5,0.26,0.174,1,14,0,fitbit
8792009665,2016-05-01,steps,7500,6,1,22,5,0.05,0.165,0,15,0,fitbit
8792009665,2016-05-02,steps,7500,0,0,22,5,0.21,0.157,0,16,0,fitbit
8792009665,2016-05-03,steps,10000,1,0,22,5,0.05,0.15,0,17,0,fitbit
8792009665,2016-05-04,steps,7500,2,0,22,5,0.3,0.144,0,18,0,fitbit
8877689391,2016-04-12,exercise,15,1,0,22,1,0.51,0.41,0,0,1,fitbit
8877689391,2016-04-13,exercise,45,2,0,22,1,0.52,0.508,1,1,1,fitbit
8877689391,2016-04-14,exercise,60,3,0,22,1,0.84,0.579,2,2,1,fitbit
8877689391,2016-04-15,exercise,60,4,0,22,1,0.76,0.631,3,3,1,fitbit
8877689391,2016-04-16,exercise,15,5,1,22,1,0.89,0.672,4,4,1,fitbit
8877689391,2016-04-17,exercise,15,6,1,22,1,0.95,0.705,5,5,1,fitbit
8877689391,2016-04-18,exercise,15,0,0,22,1,0.92,0.732,6,6,1,fitbit
8877689391,2016-04-19,exercise,30,1,0,22,1,0.95,0.754,7,7,1,fitbit
8877689391,2016-04-20,exercise,15,2,0,22,1,0.95,0.773,8,8,1,fitbit
8877689391,2016-04-21,exercise,60,3,0,22,1,0.95,0.789,9,9,1,fitbit
8877689391,2016-04-22,exercise,60,4,0,22,1,0.95,0.803,10,10,1,fitbit
8877689391,2016-04-23,exercise,60,5,1,22,1,0.95,0.816,11,11,1,fitbit
8877689391,2016-04-24,exercise,15,6,1,22,1,0.95,0.826,12,12,1,fitbit
8877689391,2016-04-25,exercise,15,0,0,22,1,0.95,0.836,13,13,1,fitbit
8877689391,2016-04-26,exercise,60,1,0,22,1,0.95,0.845,14,14,0,fitbit
8877689391,2016-04-27,exercise,30,2,0,22,1,0.9,0.803,0,15,1,fitbit
8877689391,2016-04-28,exercise,45,3,0,22,1,0.95,0.812,1,16,1,fitbit
8877689391,2016-04-29,exercise,60,4,0,22,1,0.95,0.82,2,17,0,fitbit
8877689391,2016-04-30,exercise,15,5,1,22,1,0.95,0.785,0,18,1,fitbit
8877689391,2016-05-01,exercise,15,6,1,22,1,0.95,0.794,1,19,1,fitbit
8877689391,2016-05-02,exercise,15,0,0,22,1,0.95,0.802,2,20,0,fitbit
8877689391,2016-05-03,exercise,15,1,0,22,1,0.95,0.771,0,21,1,fitbit
8877689391,2016-05-04,exercise,15,2,0,22,1,0.95,0.78,1,22,1,fitbit
8877689391,2016-05-05,exercise,60,3,0,22,2,0.95,0.788,2,23,1,fitbit
8877689391,2016-05-06,exercise,45,4,0,22,1,0.95,0.795,3,24,1,fitbit
8877689391,2016-05-07,exercise,60,5,1,22,2,0.95,0.802,4,25,1,fitbit
8877689391,2016-05-08,exercise,60,6,1,22,1,0.95,0.808,5,26,0,fitbit
8877689391,2016-05-09,exercise,60,0,0,22,2,0.9,0.783,0,27,1,fitbit
8877689391,2016-05-10,exercise,15,1,0,22,1,0.95,0.789,1,28,1,fitbit
8877689391,2016-05-11,exercise,30,2,0,22,1,0.91,0.796,2,29,1,fitbit
8877689391,2016-05-12,exercise,60,3,0,22,1,0.93,0.801,3,30,0,fitbit
8877689391,2016-04-12,steps,7500,1,0,22,3,0.42,0.461,0,0,1,fitbit
8877689391,2016-04-13,steps,7500,2,0,22,1,0.95,0.551,1,1,1,fitbit
8877689391,2016-04-14,steps,7500,3,0,22,1,0.8,0.615,2,2,1,fitbit
8877689391,2016-04-15,steps,5000,4,0,22,1,0.95,0.663,3,3,1,fitbit
8877689391,2016-04-16,steps,12500,5,1,22,1,0.95,0.701,4,4,1,fitbit
8877689391,2016-04-17,steps,5000,6,1,22,1,0.87,0.731,5,5,1,fitbit
8877689391,2016-04-18,steps,7500,0,0,22,1,0.95,0.755,6,6,1,fitbit
8877689391,2016-04-19,steps,10000,1,0,22,1,0.95,0.776,7,7,1,fitbit
8877689391,2016-04-20,steps,5000,2,0,22,1,0.95,0.793,8,8,1,fitbit
8877689391,2016-04-21,steps,10000,3,0,22,1,0.95,0.808,9,9,1,fitbit
8877689391,2016-04-22,steps,10000,4,0,22,1,0.95,0.82,10,10,1,fitbit
8877689391,2016-04-23,steps,10000,5,1,22,1,0.95,0.832,11,11,1,fitbit
8877689391,2016-04-24,steps,7500,6,1,22,1,0.95,0.842,12,12,1,fitbit
8877689391,2016-04-25,steps,5000,0,0,22,1,0.95,0.85,13,13,1,fitbit
8877689391,2016-04-26,steps,12500,1,0,22,2,0.94,0.858,14,14,0,fitbit
8877689391,2016-04-27,steps,7500,2,0,22,1,0.95,0.815,0,15,1,fitbit
8877689391,2016-04-28,steps,12500,3,0,22,2,0.95,0.824,1,16,1,fitbit
8877689391,2016-04-29,steps,5000,4,0,22,1,0.95,0.832,2,17,1,fitbit
8877689391,2016-04-30,steps,5000,5,1,22,1,0.95,0.839,3,18,1,fitbit
8877689391,2016-05-01,steps,12500,6,1,22,2,0.95,0.846,4,19,0,fitbit
8877689391,2016-05-02,steps,12500,0,0,22,2,0.95,0.812,0,20,0,fitbit
8877689391,2016-05-03,steps,12500,1,0,22,2,0.88,0.781,0,21,0,fitbit
8877689391,2016-05-04,steps,12500,2,0,22,2,0.91,0.752,0,22,1,fitbit
8877689391,2016-05-05,steps,5000,3,0,22,1,0.92,0.761,1,23,1,fitbit
8877689391,2016-05-06,steps,12500,4,0,22,2,0.8,0.769,2,24,1,fitbit
8877689391,2016-05-07,steps,10000,5,1,22,1,0.95,0.777,3,25,1,fitbit
8877689391,2016-05-08,steps,5000,6,1,22,1,0.95,0.784,4,26,1,fitbit
8877689391,2016-05-09,steps,5000,0,0,22,1,0.95,0.791,5,27,1,fitbit
8877689391,2016-05-10,steps,12500,1,0,22,2,0.95,0.797,6,28,0,fitbit
8877689391,2016-05-11,steps,7500,2,0,22,1,0.95,0.774,0,29,1,fitbit
8877689391,2016-05-12,steps,12500,3,0,22,2,0.95,0.78,1,30,0,fitbit
