user_id,date,general_probability,overall_delta,overall_attempts,behavior_delta,behavior_attempts,time_delta,time_attempts,day_delta,day_attempts,current_streak,success
1503960366,2016-04-12,0.4054288385373386,0.0,0,0.0,0,0.0,0,0.0,0,0,1
1503960366,2016-04-12,0.6020531434302481,0.0,0,0.0,0,0.0,0,0.0,0,0,0
1503960366,2016-04-12,0.45985911246648,0.0,0,0.0,0,0.0,0,0.0,0,0,1
1503960366,2016-04-13,0.41445153370194665,0.09454846629805336,3,0.09754846629805336,1,0.1675484662980533,2,-0.0004515337019466714,0,1,0
1503960366,2016-04-13,0.6109552579770337,0.021044742022966356,3,-0.10195525797703364,1,-0.10195525797703364,1,4.474202296633756e-05,0,1,1
1503960366,2016-04-13,0.4691373558894472,0.07386264411055282,3,0.08886264411055284,1,0.15186264411055278,2,-0.00013735588944724375,0,1,1
1503960366,2016-04-14,0.36800305038143677,0.16299694961856326,6,0.03799694961856326,2,0.16999694961856326,4,-3.0503814367754956e-06,0,2,0
1503960366,2016-04-14,0.4209662401464828,0.13403375985351723,6,0.16503375985351715,2,0.14603375985351713,4,3.3759853517167926e-05,0,2,0
1503960366,2016-04-15,0.40519970615014783,0.05880029384985219,8,-0.02719970615014783,3,0.051800293849852186,6,-0.0001997061501478048,0,0,1
1503960366,2016-04-15,0.6018253668412452,-0.06282536684124518,8,-0.02882536684124526,2,-0.02882536684124526,2,0.0001746331587547667,0,0,0
1503960366,2016-04-15,0.4596229981491365,0.0243770018508635,8,0.07737700185086355,3,0.022377001850863498,6,0.0003770018508635342,0,0,0
1503960366,2016-04-16,0.4085250515852291,0.03147494841477089,11,0.040474948414770895,4,0.05647494841477091,8,0.00047494841477085936,0,0,1
1503960366,2016-04-16,0.6051227084121884,-0.1031227084121884,11,-0.1021227084121884,3,-0.1021227084121884,3,-0.00012270841218842143,0,0,0
1503960366,2016-04-16,0.46304727673659696,-0.00604727673659694,11,0.015952723263403024,4,0.02295272326340303,8,-4.72767365969351e-05,0,0,1
1503960366,2016-04-17,0.3393576198603882,0.11864238013961181,14,0.13064238013961177,5,0.1736423801396118,10,-0.00035761986038818083,0,1,0
1503960366,2016-04-17,0.5326445225452544,-0.0236445225452544,14,-0.12564452254525443,4,-0.12564452254525443,4,0.000355477454745623,0,1,1
1503960366,2016-04-17,0.39074707980675016,0.08025292019324981,14,0.10425292019324983,5,0.13925292019324986,10,0.0002529201932498504,0,1,1
1503960366,2016-04-18,0.4303805267693582,0.07661947323064183,17,0.03761947323064185,6,0.10761947323064186,12,-0.0003805267693581804,0,1,1
1503960366,2016-04-18,0.485425733311023,0.033574266688977006,17,0.09857426668897695,6,0.06957426668897704,12,-0.00042573331102302436,0,1,1
1503960366,2016-04-19,0.4054288385373386,0.13757116146266146,19,0.09657116146266143,7,0.17457116146266138,14,0.09757116146266143,3,4,1
1503960366,2016-04-19,0.6020531434302481,-0.01805314343024811,19,-0.10105314343024807,5,-0.10105314343024807,5,0.02394685656975193,3,4,0
1503960366,2016-04-19,0.45985911246648,0.09414088753352007,19,0.14814088753352,7,0.13514088753352,14,0.07714088753352005,3,4,1
1503960366,2016-04-20,0.41445153370194665,0.1435484662980534,22,0.1295484662980534,8,0.20754846629805335,16,0.09454846629805336,3,2,1
1503960366,2016-04-20,0.6109552579770337,-0.015955257977033677,22,-0.15095525797703363,6,-0.15095525797703363,6,0.021044742022966356,3,2,1
1503960366,2016-04-20,0.4691373558894472,0.09886264411055273,22,0.1728626441105528,8,0.1668626441105528,16,0.07386264411055282,3,2,0
1503960366,2016-04-21,0.36800305038143677,0.19299694961856328,25,0.19199694961856328,9,0.2339969496185632,18,-0.10500305038143676,2,0,1
1503960366,2016-04-21,0.5636844650419018,0.030315534958098134,25,-0.07868446504190185,7,-0.07868446504190185,7,-0.16068446504190181,2,0,0
1503960366,2016-04-21,0.4209662401464828,0.14903375985351713,25,0.15803375985351714,9,0.19203375985351717,18,-0.11996624014648283,2,0,1
1503960366,2016-04-22,0.40519970615014783,0.17180029384985213,28,0.19680029384985215,10,0.23580029384985218,20,-0.02719970615014783,3,2,1
1503960366,2016-04-22,0.4596229981491365,0.12537700185086348,28,0.1603770018508635,10,0.19237700185086354,20,-0.04762299814913651,3,2,1
1503960366,2016-04-23,0.4085250515852291,0.19247494841477086,30,0.2194749484147709,11,0.2594749484147709,22,0.09647494841477089,3,3,1
1503960366,2016-04-23,0.6051227084121884,0.0238772915878116,30,-0.14112270841218838,8,-0.14112270841218838,8,0.0228772915878116,3,3,0
1503960366,2016-04-23,0.46304727673659696,0.14595272326340303,30,0.18195272326340306,11,0.2149527232634031,22,0.07595272326340308,3,3,1
1503960366,2016-04-24,0.3393576198603882,0.25764238013961177,33,0.2896423801396118,12,0.33964238013961184,24,0.12264238013961182,3,2,0
1503960366,2016-04-24,0.5326445225452544,0.09035547745474559,33,-0.12764452254525438,9,-0.12764452254525438,9,0.050355477454745556,3,2,0
1503960366,2016-04-24,0.39074707980675016,0.21325292019324982,33,0.25325292019324985,12,0.2972529201932498,24,0.10325292019324983,3,2,0
1503960366,2016-04-25,0.4303805267693582,0.13461947323064177,36,0.18961947323064182,13,0.21961947323064185,26,0.1626194732306418,2,0,1
1503960366,2016-04-25,0.6263578909189159,-0.03735789091891595,36,-0.21735789091891594,10,-0.21735789091891594,10,0.10664210908108407,2,0,0
1503960366,2016-04-25,0.485425733311023,0.08557426668897694,36,0.149574266688977,13,0.17357426668897702,26,0.146574266688977,2,0,1
1503960366,2016-04-26,0.4054288385373386,0.16357116146266137,39,0.22757116146266143,14,0.26157116146266146,28,0.14257116146266147,6,2,1
1503960366,2016-04-26,0.6020531434302481,-0.011053143430248102,39,-0.22605314343024807,11,-0.22605314343024807,11,0.03494685656975194,6,2,0
1503960366,2016-04-26,0.45985911246648,0.11514088753351998,39,0.18714088753352004,14,0.21614088753352007,28,0.11314088753351997,6,2,1
1503960366,2016-04-27,0.41445153370194665,0.1615484662980533,42,0.23954846629805338,15,0.2735484662980533,30,0.1375484662980534,6,1,1
1503960366,2016-04-27,0.4691373558894472,0.11286264411055275,42,0.19786264411055282,15,0.22686264411055274,30,0.10786264411055274,6,1,1
1503960366,2016-04-28,0.36800305038143677,0.2209969496185632,44,0.29099694961856326,16,0.3299969496185632,32,0.01599694961856324,5,3,1
1503960366,2016-04-28,0.5636844650419018,0.04531553495809815,44,-0.2216844650419018,12,-0.2216844650419018,12,-0.08168446504190185,5,3,0
1503960366,2016-04-28,0.4209662401464828,0.17303375985351716,44,0.2510337598535172,16,0.28503375985351714,32,-0.010966240146482842,5,3,1
1503960366,2016-04-29,0.40519970615014783,0.19180029384985214,47,0.2778002938498522,17,0.31380029384985214,34,0.09780029384985217,5,2,1
1503960366,2016-04-29,0.6018253668412452,0.01417463315875478,47,-0.2678253668412452,13,-0.2678253668412452,13,-0.0008253668412452342,5,2,0
1503960366,2016-04-29,0.4596229981491365,0.1423770018508635,47,0.23537700185086347,17,0.2663770018508635,34,0.07037700185086354,5,2,0
1503960366,2016-04-30,0.4085250515852291,0.17447494841477085,50,0.28947494841477084,18,0.29947494841477085,36,0.14047494841477093,6,0,1
1503960366,2016-04-30,0.6051227084121884,-0.005122708412188426,50,-0.2881227084121884,14,-0.2881227084121884,14,0.03387729158781161,6,0,0
1503960366,2016-04-30,0.46304727673659696,0.12495272326340301,50,0.20295272326340308,18,0.251952723263403,36,0.110952723263403,6,0,1
1503960366,2016-05-01,0.3393576198603882,0.24164238013961176,53,0.35664238013961175,19,0.37464238013961176,38,-0.0033576198603881835,6,2,1
1503960366,2016-05-01,0.5326445225452544,0.06535547745474557,53,-0.24964452254525443,15,-0.24964452254525443,15,-0.10864452254525442,6,2,1
1503960366,2016-05-01,0.39074707980675016,0.1942529201932498,53,0.27425292019324987,19,0.3292529201932498,38,-0.03174707980675018,6,2,1
1503960366,2016-05-02,0.4303805267693582,0.1786194732306418,56,0.2956194732306418,20,0.3066194732306418,40,0.18461947323064182,5,5,1
1503960366,2016-05-02,0.6263578909189159,-0.001357890918915916,56,-0.2863578909189159,16,-0.2863578909189159,16,0.08664210908108405,5,5,0
1503960366,2016-05-02,0.485425733311023,0.12857426668897698,56,0.21157426668897694,20,0.257574266688977,40,0.157574266688977,5,5,1
1503960366,2016-05-03,0.4054288385373386,0.2045711614626614,59,0.3265711614626614,21,0.3395711614626614,42,0.16757116146266138,9,2,1
1503960366,2016-05-03,0.6020531434302481,0.022946856569751928,59,-0.28305314343024807,17,-0.28305314343024807,17,0.041946856569751945,9,2,0
1503960366,2016-05-03,0.45985911246648,0.15414088753352,59,0.24414088753351998,21,0.29114088753352,42,0.13314088753352,9,2,1
1503960366,2016-05-04,0.41445153370194665,0.19854846629805334,62,0.32854846629805334,22,0.34254846629805336,44,0.20654846629805335,8,2,1
1503960366,2016-05-04,0.4691373558894472,0.14786264411055278,62,0.24786264411055275,22,0.2928626441105528,44,0.1728626441105528,8,2,1
1503960366,2016-05-05,0.36800305038143677,0.2529969496185632,64,0.3759969496185632,23,0.39399694961856324,46,0.08099694961856324,8,3,1
1503960366,2016-05-05,0.5636844650419018,0.07131553495809817,64,-0.26768446504190185,18,-0.26768446504190185,18,-0.03968446504190182,8,3,0
1503960366,2016-05-05,0.4209662401464828,0.20403375985351718,64,0.29703375985351715,23,0.3460337598535172,46,0.049033759853517156,8,3,1
1503960366,2016-05-06,0.40519970615014783,0.21980029384985217,67,0.3548002938498522,24,0.3688002938498522,48,0.05880029384985219,8,2,0
1503960366,2016-05-06,0.6018253668412452,0.0371746331587548,67,-0.30982536684124523,19,-0.30982536684124523,19,-0.06282536684124518,8,2,0
1503960366,2016-05-06,0.4596229981491365,0.16937700185086352,67,0.2743770018508635,24,0.31937700185086354,48,0.0243770018508635,8,2,1
1503960366,2016-05-07,0.4085250515852291,0.20547494841477087,70,0.32647494841477087,25,0.3554749484147709,50,0.16547494841477084,9,1,1
1503960366,2016-05-07,0.6051227084121884,0.021877291587811598,70,-0.3241227084121884,20,-0.3241227084121884,20,0.039877291587811614,9,1,0
1503960366,2016-05-07,0.46304727673659696,0.15495272326340304,70,0.28095272326340304,25,0.30595272326340306,50,0.13095272326340301,9,1,1
1503960366,2016-05-08,0.3393576198603882,0.2716423801396118,73,0.3926423801396118,26,0.4276423801396118,52,0.13864238013961178,9,2,1
1503960366,2016-05-08,0.5326445225452544,0.09135547745474559,73,-0.2766445225452544,21,-0.2766445225452544,21,0.014355477454745635,9,2,1
1503960366,2016-05-08,0.39074707980675016,0.22425292019324983,73,0.3492529201932498,26,0.38025292019324985,52,0.10625292019324983,9,2,0
1503960366,2016-05-09,0.4303805267693582,0.18861947323064182,76,0.32461947323064183,27,0.33461947323064184,54,0.19661947323064183,8,0,0
1503960366,2016-05-09,0.6263578909189159,0.004642109081084089,76,-0.3253578909189159,22,-0.3253578909189159,22,0.07564210908108404,8,0,0
1503960366,2016-05-09,0.485425733311023,0.137574266688977,76,0.24657426668897697,27,0.284574266688977,54,0.162574266688977,8,0,1
1503960366,2016-05-10,0.4054288385373386,0.2015711614626614,79,0.3225711614626614,28,0.34957116146266143,56,0.1845711614626614,12,1,1
1503960366,2016-05-10,0.6020531434302481,0.016946856569751922,79,-0.3160531434302481,23,-0.3160531434302481,23,0.04594685656975195,12,1,0
1503960366,2016-05-10,0.45985911246648,0.15114088753352,79,0.27614088753352,28,0.29914088753352003,56,0.14614088753352,12,1,0
1503960366,2016-05-11,0.41445153370194665,0.18454846629805333,82,0.32254846629805334,29,0.33254846629805335,58,0.2565484662980534,10,0,1
1503960366,2016-05-11,0.6109552579770337,-0.0009552579770336633,82,-0.3329552579770336,24,-0.3329552579770336,24,0.12604474202296634,10,0,0
1503960366,2016-05-11,0.4691373558894472,0.13286264411055276,82,0.24686264411055275,29,0.2828626441105528,58,0.22086264411055273,10,0,1
1624580081,2016-04-12,0.4375557585818708,0.0,0,0.0,0,0.0,0,0.0,0,0,0
1624580081,2016-04-12,0.4837191155710225,0.0,0,0.0,0,0.0,0,0.0,0,0,0
1624580081,2016-04-13,0.4499465216137377,-0.1289465216137377,2,-0.07494652161373772,1,-0.1289465216137377,2,5.347838626229562e-05,0,0,0
1624580081,2016-04-13,0.49626369862899605,-0.14226369862899607,2,-0.08226369862899607,1,-0.14226369862899607,2,-0.00026369862899605634,0,0,0
1624580081,2016-04-14,0.39386216463190454,-0.17486216463190454,4,-0.11286216463190452,2,-0.17486216463190454,4,0.0001378353680954736,0,0,0
1624580081,2016-04-14,0.4390138856723122,-0.1950138856723122,4,-0.1250138856723122,2,-0.1950138856723122,4,-1.3885672312197173e-05,0,0,0
1624580081,2016-04-15,0.4296491021731157,-0.2346491021731157,6,-0.16064910217311568,3,-0.2346491021731157,6,0.00035089782688429993,0,0,0
1624580081,2016-04-15,0.4756837826707893,-0.2596837826707893,6,-0.17868378267078933,3,-0.2596837826707893,6,0.00031621732921066625,0,0,0
1624580081,2016-04-16,0.4312874007973763,-0.26528740079737634,8,-0.19128740079737633,4,-0.26528740079737634,8,-0.00028740079737632485,0,0,0
1624580081,2016-04-16,0.47735070369308114,-0.29335070369308114,8,-0.21235070369308112,4,-0.29335070369308114,8,-0.0003507036930811558,0,0,1
1624580081,2016-04-17,0.3562219005896638,-0.1712219005896638,10,-0.1782219005896638,5,-0.1712219005896638,10,-0.00022190058966381487,0,1,1
1624580081,2016-04-17,0.39990547945046245,-0.19990547945046244,10,-0.09990547945046246,5,-0.19990547945046244,10,9.452054953756894e-05,0,1,0
1624580081,2016-04-18,0.4589524600434261,-0.2059524600434261,12,-0.1589524600434261,6,-0.2059524600434261,12,4.753995657391652e-05,0,0,0
1624580081,2016-04-18,0.5053449891371089,-0.2393449891371089,12,-0.1843449891371089,6,-0.2393449891371089,12,-0.00034498913710889756,0,0,1
1624580081,2016-04-19,0.4375557585818708,-0.16455575858187077,14,-0.17155575858187078,7,-0.16455575858187077,14,-0.12455575858187079,2,1,0
1624580081,2016-04-19,0.4837191155710225,-0.1987191155710225,14,-0.11571911557102249,7,-0.1987191155710225,14,-0.1377191155710225,2,1,0
1624580081,2016-04-20,0.4499465216137377,-0.19994652161373772,16,-0.19994652161373772,8,-0.19994652161373772,16,-0.1289465216137377,2,0,0
1624580081,2016-04-20,0.49626369862899605,-0.23526369862899604,16,-0.15126369862899608,8,-0.23526369862899604,16,-0.14226369862899607,2,0,0
1624580081,2016-04-21,0.39386216463190454,-0.17786216463190455,18,-0.18186216463190455,9,-0.17786216463190455,18,-0.11286216463190452,2,0,0
1624580081,2016-04-21,0.4390138856723122,-0.2130138856723122,18,-0.1390138856723122,9,-0.2130138856723122,18,-0.1250138856723122,2,0,1
1624580081,2016-04-22,0.4296491021731157,-0.1836491021731157,20,-0.2196491021731157,10,-0.1836491021731157,20,-0.1226491021731157,2,1,0
1624580081,2016-04-22,0.4756837826707893,-0.2206837826707893,20,-0.11668378267078933,10,-0.2206837826707893,20,-0.1356837826707893,2,1,0
1624580081,2016-04-23,0.4312874007973763,-0.2032874007973763,22,-0.2342874007973763,11,-0.2032874007973763,22,0.019712599202623693,2,0,0
1624580081,2016-04-23,0.47735070369308114,-0.24035070369308115,22,-0.1403507036930811,11,-0.24035070369308115,22,0.00664929630691885,2,0,1
1624580081,2016-04-24,0.3562219005896638,-0.12222190058966378,24,-0.1922219005896638,12,-0.12222190058966378,24,0.04077809941033622,2,1,0
1624580081,2016-04-24,0.39990547945046245,-0.15890547945046246,24,-0.04690547945046247,12,-0.15890547945046246,24,0.02909452054953754,2,1,1
1624580081,2016-04-25,0.4589524600434261,-0.1909524600434261,26,-0.2759524600434261,13,-0.1909524600434261,26,0.012047539956573872,2,1,0
1624580081,2016-04-25,0.5053449891371089,-0.23034498913710888,26,-0.08734498913710892,13,-0.23034498913710888,26,-0.0013449891371088984,2,1,0
1624580081,2016-04-26,0.4375557585818708,-0.1895557585818708,28,-0.26955575858187075,14,-0.1895557585818708,28,-0.1945557585818708,4,0,0
1624580081,2016-04-26,0.4837191155710225,-0.22871911557102248,28,-0.09371911557102247,14,-0.22871911557102248,28,-0.21471911557102247,4,0,0
1624580081,2016-04-27,0.4499465216137377,-0.21394652161373773,30,-0.2879465216137377,15,-0.21394652161373773,30,-0.19994652161373772,4,0,0
1624580081,2016-04-27,0.49626369862899605,-0.25426369862899606,30,-0.12226369862899605,15,-0.25426369862899606,30,-0.22026369862899603,4,0,1
1624580081,2016-04-28,0.39386216463190454,-0.15186216463190455,32,-0.2528621646319046,16,-0.15186216463190455,32,-0.06386216463190453,4,1,0
1624580081,2016-04-28,0.4390138856723122,-0.1900138856723122,32,-0.049013885672312185,16,-0.1900138856723122,32,-0.08401388567231222,4,1,0
1624580081,2016-04-29,0.4296491021731157,-0.1946491021731157,34,-0.2866491021731157,17,-0.1946491021731157,34,-0.1906491021731157,4,0,0
1624580081,2016-04-29,0.4756837826707893,-0.23568378267078932,34,-0.09468378267078931,17,-0.23568378267078932,34,-0.2116837826707893,4,0,0
1624580081,2016-04-30,0.4312874007973763,-0.20828740079737632,36,-0.2942874007973763,18,-0.20828740079737632,36,0.030712599202623703,4,0,0
1624580081,2016-04-30,0.47735070369308114,-0.24835070369308113,36,-0.11235070369308114,18,-0.24835070369308113,36,0.009649296306918853,4,0,1
1624580081,2016-05-01,0.3562219005896638,-0.1292219005896638,38,-0.2402219005896638,19,-0.1292219005896638,38,0.06377809941033619,4,1,1
1624580081,2016-05-01,0.39990547945046245,-0.16690547945046244,38,-0.024905479450462453,19,-0.16690547945046244,38,0.04409452054953755,4,1,1
1624580081,2016-05-02,0.4589524600434261,-0.18595246004342608,40,-0.2869524600434261,20,-0.18595246004342608,40,-0.09295246004342611,4,3,0
1624580081,2016-05-02,0.5053449891371089,-0.22734498913710888,40,-0.08434498913710892,20,-0.22734498913710888,40,-0.11334498913710889,4,3,0
1624580081,2016-05-03,0.4375557585818708,-0.17855575858187078,42,-0.27655575858187076,21,-0.17855575858187078,42,-0.23855575858187078,6,0,0
1624580081,2016-05-03,0.4837191155710225,-0.21971911557102247,42,-0.08271911557102246,21,-0.21971911557102247,42,-0.26371911557102246,6,0,0
1624580081,2016-05-04,0.4499465216137377,-0.19994652161373772,44,-0.2929465216137377,22,-0.19994652161373772,44,-0.15494652161373773,6,0,0
1624580081,2016-05-04,0.49626369862899605,-0.24126369862899605,44,-0.10826369862899604,22,-0.24126369862899605,44,-0.18026369862899605,6,0,0
1624580081,2016-05-05,0.39386216463190454,-0.15886216463190456,46,-0.2518621646319046,23,-0.15886216463190456,46,-0.12386216463190453,6,0,0
1624580081,2016-05-05,0.4390138856723122,-0.2000138856723122,46,-0.07501388567231221,23,-0.2000138856723122,46,-0.14901388567231222,6,0,0
1624580081,2016-05-06,0.4296491021731157,-0.20064910217311568,48,-0.2866491021731157,24,-0.20064910217311568,48,-0.2346491021731157,6,0,0
1624580081,2016-05-06,0.4756837826707893,-0.2416837826707893,48,-0.11768378267078933,24,-0.2416837826707893,48,-0.2596837826707893,6,0,0
1624580081,2016-05-07,0.4312874007973763,-0.21028740079737632,50,-0.2922874007973763,25,-0.21028740079737632,50,0.03771259920262365,6,0,0
1624580081,2016-05-07,0.47735070369308114,-0.2523507036930811,50,-0.13135070369308116,25,-0.2523507036930811,50,0.012649296306918856,6,0,0
1624580081,2016-05-08,0.3562219005896638,-0.1492219005896638,52,-0.2342219005896638,26,-0.1492219005896638,52,0.16977809941033623,6,0,0
1624580081,2016-05-08,0.39990547945046245,-0.18890547945046246,52,-0.07690547945046244,26,-0.18890547945046246,52,0.1450945205495376,6,0,0
1624580081,2016-05-09,0.4589524600434261,-0.2509524600434261,54,-0.3249524600434261,27,-0.2509524600434261,54,-0.1589524600434261,6,0,0
1624580081,2016-05-09,0.5053449891371089,-0.29334498913710894,54,-0.1763449891371089,27,-0.29334498913710894,54,-0.1843449891371089,6,0,0
1624580081,2016-05-10,0.4375557585818708,-0.23755575858187078,56,-0.3105557585818708,28,-0.23755575858187078,56,-0.26955575858187075,8,0,0
1624580081,2016-05-10,0.4837191155710225,-0.27971911557102247,56,-0.16771911557102248,28,-0.27971911557102247,56,-0.2977191155710225,8,0,0
1624580081,2016-05-11,0.4499465216137377,-0.2559465216137377,58,-0.3249465216137377,29,-0.2559465216137377,58,-0.19994652161373772,8,0,0
1624580081,2016-05-11,0.49626369862899605,-0.29826369862899604,58,-0.18826369862899606,29,-0.29826369862899604,58,-0.22826369862899604,8,0,0
1624580081,2016-05-12,0.39386216463190454,-0.20986216463190455,60,-0.28086216463190455,30,-0.20986216463190455,60,-0.16586216463190454,8,0,0
1624580081,2016-05-12,0.4390138856723122,-0.2510138856723122,60,-0.14801388567231222,30,-0.2510138856723122,60,-0.1930138856723122,8,0,0
1644430081,2016-04-12,0.4108160685221418,0.0,0,0.0,0,0.0,0,0.0,0,0,1
1644430081,2016-04-12,0.4711695051321571,0.0,0,0.0,0,0.0,0,0.0,0,0,0
1644430081,2016-04-13,0.4411285525483828,0.016871447451617227,2,0.09287144745161724,1,0.016871447451617227,2,-0.00012855254838278762,0,0,1
1644430081,2016-04-13,0.502139895744479,-0.00013989574447903497,2,-0.08413989574447905,1,-0.00013989574447903497,2,-0.00013989574447903497,0,0,0
1644430081,2016-04-14,0.38056609702126915,0.05343390297873085,4,0.1774339029787309,2,0.05343390297873085,4,0.00043390297873086014,0,0,1
1644430081,2016-04-14,0.43979271577726614,0.027207284222733885,4,-0.12579271577726614,2,0.027207284222733885,4,0.00020728422273386116,0,0,0
1644430081,2016-04-15,0.421214874489127,0.042785125510873045,6,0.21678512551087303,3,0.042785125510873045,6,-0.0002148744891269927,0,0,0
1644430081,2016-04-15,0.48184662689039715,0.010153373109602848,6,-0.18084662689039716,3,0.010153373109602848,6,0.000153373109602839,0,0,0
1644430081,2016-04-16,0.4143298572353201,-0.024329857235320107,8,0.14967014276467983,4,-0.024329857235320107,8,-0.0003298572353201412,0,0,1
1644430081,2016-04-16,0.4747835259606176,-0.06178352596061765,8,-0.2107835259606176,4,-0.06178352596061765,8,0.00021647403938235277,0,0,1
1644430081,2016-04-17,0.3642823495510067,0.09071765044899333,10,0.21771765044899327,5,0.09071765044899333,10,-0.0002823495510066998,0,2,0
1644430081,2016-04-17,0.4227041157044743,0.05129588429552567,10,-0.1117041157044743,5,0.05129588429552567,10,0.0002958842955256835,0,2,0
1644430081,2016-04-18,0.4490728572201647,-0.023072857220164722,12,0.11892714277983524,6,-0.023072857220164722,12,-7.285722016470153e-05,0,0,1
1644430081,2016-04-18,0.5101799292356393,-0.06617992923563926,12,-0.18717992923563925,6,-0.06617992923563926,12,-0.00017992923563925345,0,0,0
1644430081,2016-04-19,0.4108160685221418,0.01318393147785818,14,0.17718393147785816,7,0.01318393147785818,14,0.02518393147785819,2,0,1
1644430081,2016-04-19,0.4711695051321571,-0.031169505132157105,14,-0.19116950513215708,7,-0.031169505132157105,14,0.007830494867842874,2,0,1
1644430081,2016-04-20,0.4411285525483828,0.0448714474516172,16,0.18987144745161721,8,0.0448714474516172,16,0.016871447451617227,2,2,0
1644430081,2016-04-20,0.502139895744479,-0.0011398957444790359,16,-0.15513989574447906,8,-0.0011398957444790359,16,-0.00013989574447903497,2,2,0
1644430081,2016-04-21,0.38056609702126915,0.05043390297873085,18,0.1834339029787308,9,0.05043390297873085,18,0.034433902978730835,2,0,0
1644430081,2016-04-21,0.43979271577726614,0.003207284222733864,18,-0.13979271577726615,9,0.003207284222733864,18,0.017207284222733876,2,0,0
1644430081,2016-04-22,0.421214874489127,-0.017214874489126952,20,0.11878512551087306,10,-0.017214874489126952,20,-0.12021487448912699,2,0,0
1644430081,2016-04-22,0.48184662689039715,-0.06584662689039716,20,-0.18784662689039716,10,-0.06584662689039716,20,-0.13784662689039717,2,0,0
1644430081,2016-04-23,0.4143298572353201,-0.04132985723532012,22,0.08967014276467988,11,-0.04132985723532012,22,0.16767014276467984,2,0,0
1644430081,2016-04-23,0.4747835259606176,-0.09078352596061762,22,-0.2017835259606176,11,-0.09078352596061762,22,0.15021647403938237,2,0,0
1644430081,2016-04-24,0.3642823495510067,-0.025282349551006666,24,0.09571765044899333,12,-0.025282349551006666,24,-0.10428234955100668,2,0,0
1644430081,2016-04-24,0.4227041157044743,-0.07370411570447433,24,-0.1807041157044743,12,-0.07370411570447433,24,-0.12070411570447431,2,0,0
1644430081,2016-04-25,0.4490728572201647,-0.1190728572201647,26,0.008927142779835306,13,-0.1190728572201647,26,0.014927142779835312,2,0,0
1644430081,2016-04-25,0.5101799292356393,-0.17017992923563924,26,-0.25717992923563926,13,-0.17017992923563924,26,-0.003179929235639256,2,0,0
1644430081,2016-04-26,0.4108160685221418,-0.10581606852214182,28,0.01318393147785818,14,-0.10581606852214182,28,0.15118393147785825,4,0,1
1644430081,2016-04-26,0.4711695051321571,-0.1571695051321571,28,-0.2421695051321571,14,-0.1571695051321571,28,0.12383049486784287,4,0,0
1644430081,2016-04-27,0.4411285525483828,-0.12112855254838278,30,0.01887144745161723,15,-0.12112855254838278,30,-0.08512855254838281,4,0,0
1644430081,2016-04-27,0.502139895744479,-0.17313989574447902,30,-0.27613989574447906,15,-0.17313989574447902,30,-0.11213989574447902,4,0,0
1644430081,2016-04-28,0.38056609702126915,-0.08556609702126916,32,0.04343390297873084,16,-0.08556609702126916,32,-0.057566097021269136,4,0,1
1644430081,2016-04-28,0.43979271577726614,-0.13679271577726615,32,-0.23979271577726613,16,-0.13679271577726615,32,-0.08479271577726616,4,0,0
1644430081,2016-04-29,0.421214874489127,-0.11121487448912698,34,0.03778512551087304,17,-0.11121487448912698,34,-0.18721487448912696,4,0,0
1644430081,2016-04-29,0.48184662689039715,-0.16384662689039714,34,-0.28184662689039713,17,-0.16384662689039714,34,-0.21384662689039713,4,0,0
1644430081,2016-04-30,0.4143298572353201,-0.12032985723532014,36,0.02367014276467988,18,-0.12032985723532014,36,0.03767014276467989,4,0,1
1644430081,2016-04-30,0.5723842466269135,-0.25838424662691345,36,-0.0003842466269134981,0,-0.0003842466269134981,0,-0.032384246626913415,4,0,0
1644430081,2016-04-30,0.4747835259606176,-0.17278352596061763,36,-0.2847835259606176,18,-0.17278352596061763,36,0.011216474039382363,4,0,1
1644430081,2016-05-01,0.3642823495510067,-0.05028234955100669,39,0.08671765044899332,19,-0.04328234955100668,38,-0.16228234955100668,4,2,0
1644430081,2016-05-01,0.4227041157044743,-0.1017041157044743,39,-0.2097041157044743,19,-0.09470411570447429,38,-0.18770411570447432,4,2,0
1644430081,2016-05-02,0.4490728572201647,-0.13907285722016471,41,0.0009271427798352994,20,-0.1320728572201647,40,-0.08807285722016472,4,0,0
1644430081,2016-05-02,0.6066524284112543,-0.2796524284112543,41,-0.10065242841125432,1,-0.10065242841125432,1,-0.15865242841125432,4,0,1
1644430081,2016-05-02,0.5101799292356393,-0.19417992923563926,41,-0.2881799292356393,20,-0.18717992923563925,40,-0.11517992923563924,4,0,0
1644430081,2016-05-03,0.4108160685221418,-0.10381606852214181,44,0.01418393147785818,21,-0.11181606852214182,42,0.13918393147785824,6,0,1
1644430081,2016-05-03,0.4711695051321571,-0.1581695051321571,44,-0.2651695051321571,21,-0.1661695051321571,42,0.10683049486784285,6,0,1
1644430081,2016-05-04,0.4411285525483828,-0.10412855254838277,46,0.010871447451617222,22,-0.11012855254838277,44,-0.1501285525483828,6,2,0
1644430081,2016-05-04,0.502139895744479,-0.159139895744479,46,-0.26113989574447904,22,-0.16513989574447901,44,-0.18313989574447903,6,2,0
1644430081,2016-05-05,0.38056609702126915,-0.06156609702126914,48,0.044433902978730844,23,-0.06856609702126915,46,-0.025566097021269163,6,0,0
1644430081,2016-05-05,0.43979271577726614,-0.11479271577726613,48,-0.21879271577726614,23,-0.12179271577726614,46,-0.057792715777266135,6,0,0
1644430081,2016-05-06,0.421214874489127,-0.11021487448912698,50,-0.004214874489126996,24,-0.11721487448912699,48,-0.23021487448912697,6,0,0
1644430081,2016-05-06,0.48184662689039715,-0.16484662689039714,50,-0.26084662689039717,24,-0.17184662689039715,48,-0.2628466268903972,6,0,0
1644430081,2016-05-07,0.4143298572353201,-0.11432985723532013,52,-0.012329857235320096,25,-0.12232985723532014,50,0.09167014276467988,7,0,1
1644430081,2016-05-07,0.4747835259606176,-0.16978352596061763,52,-0.2627835259606176,25,-0.17678352596061764,50,0.0562164740393824,7,0,1
1644430081,2016-05-08,0.3642823495510067,-0.045282349551006684,54,0.04971765044899329,26,-0.05128234955100669,52,-0.19828234955100668,6,2,0
1644430081,2016-05-08,0.520202635296029,-0.18820263529602893,54,-0.0062026352960289355,2,-0.0062026352960289355,2,-0.28420263529602896,6,2,0
1644430081,2016-05-08,0.4227041157044743,-0.0987041157044743,54,-0.1937041157044743,26,-0.1047041157044743,52,-0.2307041157044743,6,2,0
1644430081,2016-05-09,0.4490728572201647,-0.13907285722016471,57,-0.03507285722016473,27,-0.14007285722016471,54,-0.09507285722016473,7,0,0
1644430081,2016-05-09,0.5101799292356393,-0.19517992923563926,57,-0.2741799292356393,27,-0.19617992923563926,54,-0.13117992923563926,7,0,0
1644430081,2016-05-10,0.4108160685221418,-0.11281606852214182,59,-0.01481606852214179,28,-0.11481606852214182,56,0.2091839314778582,8,0,0
1644430081,2016-05-10,0.4711695051321571,-0.16916950513215712,59,-0.2481695051321571,28,-0.17016950513215712,56,0.1718304948678429,8,0,0
1644430081,2016-05-11,0.4411285525483828,-0.1501285525483828,61,-0.05312855254838278,29,-0.1521285525483828,58,-0.1941285525483828,8,0,0
1644430081,2016-05-11,0.502139895744479,-0.20613989574447905,61,-0.28113989574447906,29,-0.20813989574447905,58,-0.23213989574447902,8,0,0
1844505072,2016-04-12,0.4278240588909729,0.0,0,0.0,0,0.0,0,0.0,0,0,0
1844505072,2016-04-12,0.47690983470082765,0.0,0,0.0,0,0.0,0,0.0,0,0,1
1844505072,2016-04-13,0.4487090464506216,0.014290953549378427,2,-0.0747090464506216,1,0.014290953549378427,2,0.00029095354937841433,0,1,0
1844505072,2016-04-13,0.49810502298792897,0.0008949770120710299,2,0.08389497701207099,1,0.0008949770120710299,2,-0.00010502298792897102,0,1,0
1844505072,2016-04-14,0.38772168942048374,-0.060721689420483727,4,-0.11072168942048372,2,-0.060721689420483727,4,0.00027831057951627214,0,0,0
1844505072,2016-04-14,0.4357100906825079,-0.0827100906825079,4,0.018289909317492137,2,-0.0827100906825079,4,0.0002899093174921208,0,0,1
1844505072,2016-04-15,0.42703324800237863,-0.05103324800237863,6,-0.16003324800237861,3,-0.05103324800237863,6,-3.3248002378638564e-05,0,1,0
1844505072,2016-04-15,0.5711401875485195,-0.13014018754851947,6,-0.00014018754851952142,0,-0.00014018754851952142,0,-0.00014018754851952142,0,1,1
1844505072,2016-04-15,0.4761037892134176,-0.0781037892134176,6,0.07189621078658243,3,-0.0781037892134176,6,-0.0001037892134176377,0,1,0
1844505072,2016-04-16,0.43653736403151844,-0.06653736403151844,9,-0.19353736403151844,4,-0.11453736403151843,8,0.00046263596848156174,0,0,0
1844505072,2016-04-16,0.48577410154059597,-0.09777410154059596,9,0.006225898459404022,4,-0.14477410154059595,8,0.00022589845940401698,0,0,0
1844505072,2016-04-17,0.3622495996739088,-0.061249599673908806,11,-0.1812495996739088,5,-0.10824959967390879,10,-0.0002495996739088069,0,0,0
1844505072,2016-04-17,0.40919228935585206,-0.09419228935585205,11,-0.00419228935585203,5,-0.13919228935585204,10,-0.00019228935585208218,0,0,0
1844505072,2016-04-18,0.45078715454580115,-0.15878715454580117,13,-0.24578715454580116,6,-0.20078715454580115,12,0.00021284545419886225,0,0,0
1844505072,2016-04-18,0.5002043303681931,-0.19420433036819312,13,-0.09120433036819314,6,-0.2352043303681931,12,-0.00020433036819311745,0,0,0
1844505072,2016-04-19,0.4278240588909729,-0.1708240588909729,15,-0.24982405889097292,7,-0.20982405889097291,14,0.020175941109027096,2,0,0
1844505072,2016-04-19,0.47690983470082765,-0.20790983470082763,15,-0.11190983470082766,7,-0.24590983470082764,14,0.007090165299172335,2,0,0
1844505072,2016-04-20,0.4487090464506216,-0.2107090464506216,17,-0.2757090464506216,8,-0.24670904645062158,16,-0.1277090464506216,2,0,0
1844505072,2016-04-20,0.49810502298792897,-0.24810502298792897,17,-0.153105022987929,8,-0.28410502298792895,16,-0.142105022987929,2,0,0
1844505072,2016-04-21,0.38772168942048374,-0.18172168942048375,19,-0.24972168942048373,9,-0.21672168942048373,18,0.032278310579516245,2,0,0
1844505072,2016-04-21,0.4357100906825079,-0.21971009068250788,19,-0.1377100906825079,9,-0.2537100906825079,18,0.018289909317492137,2,0,1
1844505072,2016-04-22,0.42703324800237863,-0.19103324800237864,21,-0.2850332480023786,10,-0.22203324800237864,20,-0.035033248002378614,3,1,0
1844505072,2016-04-22,0.4761037892134176,-0.23110378921341762,21,-0.11710378921341763,10,-0.2611037892134176,20,-0.05310378921341763,3,1,0
1844505072,2016-04-23,0.43653736403151844,-0.21553736403151844,23,-0.30053736403151843,11,-0.24453736403151843,22,-0.12453736403151844,2,0,0
1844505072,2016-04-23,0.48577410154059597,-0.255774101540596,23,-0.14677410154059595,11,-0.28477410154059596,22,-0.138774101540596,2,0,0
1844505072,2016-04-27,0.4487090464506216,-0.2407090464506216,25,-0.3167090464506216,12,-0.2677090464506216,24,-0.1997090464506216,4,0,0
1844505072,2016-04-27,0.49810502298792897,-0.28210502298792894,25,-0.17510502298792896,12,-0.30910502298792897,24,-0.22110502298792895,4,0,0
1844505072,2016-04-28,0.38772168942048374,-0.20172168942048374,27,-0.27972168942048375,13,-0.22872168942048374,26,0.05027831057951626,4,0,0
1844505072,2016-04-28,0.4357100906825079,-0.24271009068250787,27,-0.1477100906825079,13,-0.26871009068250784,26,0.028289909317492146,4,0,0
1844505072,2016-04-29,0.42703324800237863,-0.24703324800237864,29,-0.31503324800237864,14,-0.2710332480023786,28,-0.11303324800237863,5,0,0
1844505072,2016-04-29,0.4761037892134176,-0.2881037892134176,29,-0.19310378921341764,14,-0.31310378921341764,28,-0.1381037892134176,5,0,0
1844505072,2016-04-30,0.43653736403151844,-0.26453736403151845,31,-0.32753736403151845,15,-0.2885373640315184,30,-0.19353736403151844,4,0,0
1844505072,2016-04-30,0.5806015665801245,-0.3886015665801245,31,0.0703984334198755,1,0.0703984334198755,1,-0.2576015665801245,4,0,1
1844505072,2016-04-30,0.48577410154059597,-0.306774101540596,31,-0.21477410154059595,15,-0.33077410154059594,30,-0.21577410154059595,4,0,0
1844505072,2016-05-01,0.3622495996739088,-0.1872495996739088,34,-0.27624959967390883,16,-0.2322495996739088,32,-0.10324959967390879,2,0,0
1844505072,2016-05-01,0.5037141595369569,-0.31071415953695686,34,0.14228584046304316,2,0.14228584046304316,2,-0.14371415953695688,2,0,1
1844505072,2016-05-01,0.40919228935585206,-0.22819228935585206,34,-0.16919228935585207,16,-0.27319228935585205,32,-0.11719228935585208,2,0,0
1844505072,2016-05-03,0.4278240588909729,-0.2338240588909729,37,-0.3308240588909729,17,-0.2958240588909729,34,-0.07882405889097294,4,0,0
1844505072,2016-05-03,0.47690983470082765,-0.27690983470082764,37,-0.23190983470082766,17,-0.33890983470082764,34,-0.10090983470082765,4,0,0
1844505072,2016-05-04,0.4487090464506216,-0.2617090464506216,39,-0.3507090464506216,18,-0.3207090464506216,36,-0.2447090464506216,6,0,0
1844505072,2016-05-04,0.49810502298792897,-0.30510502298792896,39,-0.259105022987929,18,-0.36410502298792896,36,-0.27210502298792894,6,0,0
1844505072,2016-05-05,0.38772168942048374,-0.21472168942048375,41,-0.3067216894204837,19,-0.27272168942048375,38,-0.029721689420483755,6,0,0
1844505072,2016-05-05,0.4357100906825079,-0.2577100906825079,41,-0.21971009068250788,19,-0.3157100906825079,38,-0.05571009068250787,6,0,0
1844505072,2016-05-06,0.42703324800237863,-0.2580332480023786,43,-0.3420332480023786,20,-0.31303324800237864,40,-0.16603324800237862,7,0,0
1844505072,2016-05-06,0.4761037892134176,-0.3011037892134176,43,-0.2611037892134176,20,-0.3561037892134176,40,-0.19410378921341764,7,0,0
1927972279,2016-04-12,0.42903159494337595,0.0,0,0.0,0,0.0,0,0.0,0,0,0
1927972279,2016-04-12,0.578161347391266,0.0,0,0.0,0,0.0,0,0.0,0,0,1
1927972279,2016-04-12,0.4815320305675638,0.0,0,0.0,0,0.0,0,0.0,0,0,0
1927972279,2016-04-13,0.4397475816705646,-0.03974758167056458,3,-0.07374758167056461,1,-0.1257475816705646,2,0.0002524183294353999,0,0,0
1927972279,2016-04-13,0.5887612585779507,-0.0957612585779507,3,0.06823874142204933,1,0.06823874142204933,1,0.00023874142204927118,0,0,1
1927972279,2016-04-13,0.49242839575260555,-0.059428395752605556,3,-0.08242839575260558,1,-0.14042839575260557,2,-0.0004283957526055593,0,0,0
1927972279,2016-04-14,0.38792449882816493,-0.029924498828164947,6,-0.11092449882816491,2,-0.17192449882816493,4,7.550117183507954e-05,0,0,0
1927972279,2016-04-14,0.43926461755410173,-0.05826461755410173,6,-0.12526461755410173,2,-0.19526461755410174,4,-0.0002646175541017315,0,0,0
1927972279,2016-04-15,0.4217232938661091,-0.10572329386610907,8,-0.15772329386610906,3,-0.22972329386610907,6,0.0002767061338909138,0,0,0
1927972279,2016-04-15,0.570852530769151,-0.197852530769151,8,0.12214746923084896,2,0.12214746923084896,2,0.00014746923084896224,0,0,1
1927972279,2016-04-15,0.47407195952642306,-0.13807195952642304,8,-0.17807195952642307,3,-0.25907195952642303,6,-7.195952642308212e-05,0,0,0
1927972279,2016-04-18,0.4556918114841802,-0.12569181148418018,11,-0.2026918114841802,4,-0.2806918114841802,8,0.0003081885158198183,0,0,0
1927972279,2016-04-18,0.5085488998349986,-0.16254889983499865,11,-0.22554889983499865,4,-0.3125488998349986,8,0.0004511001650013835,0,0,0
1927972279,2016-04-22,0.4217232938661091,-0.1377232938661091,13,-0.21072329386610908,5,-0.28072329386610906,10,-0.03272329386610906,3,0,0
1927972279,2016-04-22,0.47407195952642306,-0.17607195952642307,13,-0.23707195952642307,5,-0.3160719595264231,10,-0.053071959526423074,3,0,0
1927972279,2016-04-23,0.43237095570539746,-0.17437095570539746,15,-0.23537095570539746,6,-0.30537095570539746,12,-0.0003709557053974688,0,0,0
1927972279,2016-04-23,0.48493296602514396,-0.21393296602514394,15,-0.26493296602514393,6,-0.341932966025144,12,6.703397485602336e-05,0,0,0
1927972279,2016-04-24,0.3617806438453909,-0.14278064384539088,17,-0.21078064384539089,7,-0.2667806438453909,14,0.00021935615460910718,0,0,0
1927972279,2016-04-24,0.41198968970812344,-0.18198968970812343,17,-0.23998968970812345,7,-0.30398968970812346,14,1.0310291876536315e-05,0,0,0
1927972279,2016-04-25,0.4556918114841802,-0.2356918114841802,19,-0.2806918114841802,8,-0.3476918114841802,16,-0.1306918114841802,2,0,0
1927972279,2016-04-25,0.5085488998349986,-0.27754889983499864,19,-0.3125488998349986,8,-0.38754889983499863,16,-0.14554889983499864,2,0,0
1927972279,2016-04-26,0.42903159494337595,-0.23103159494337594,21,-0.2760315949433759,9,-0.336031594943376,18,-0.03603159494337593,3,0,0
1927972279,2016-04-26,0.578161347391266,-0.35116134739126603,21,0.15783865260873398,3,0.15783865260873398,3,-0.09216134739126602,3,0,0
1927972279,2016-04-26,0.4815320305675638,-0.2735320305675638,21,-0.3095320305675638,9,-0.3765320305675638,18,-0.055532030567563784,3,0,0
1927972279,2016-04-28,0.38792449882816493,-0.21792449882816492,24,-0.25892449882816493,10,-0.3099244988281649,20,-0.11092449882816491,2,0,0
1927972279,2016-04-28,0.5361837540468425,-0.3401837540468425,24,0.09481624595315752,4,0.09481624595315752,4,-0.15318375404684248,2,0,0
1927972279,2016-04-28,0.43926461755410173,-0.26026461755410174,24,-0.2932646175541017,10,-0.35126461755410177,20,-0.12526461755410173,2,0,0
1927972279,2016-05-01,0.3617806438453909,-0.2117806438453909,27,-0.2487806438453909,11,-0.2947806438453909,22,-0.10378064384539087,2,0,0
1927972279,2016-05-01,0.41198968970812344,-0.2539896897081234,27,-0.28298968970812344,11,-0.33598968970812343,22,-0.11798968970812346,2,0,0
1927972279,2016-05-02,0.4556918114841802,-0.3006918114841802,29,-0.3216918114841802,12,-0.3766918114841802,24,-0.2026918114841802,4,0,0
1927972279,2016-05-02,0.5085488998349986,-0.3455488998349986,29,-0.3585488998349986,12,-0.42054889983499866,24,-0.22554889983499865,4,0,0
1927972279,2016-05-03,0.42903159494337595,-0.28603159494337593,31,-0.31003159494337595,13,-0.36003159494337594,26,-0.14303159494337597,6,0,0
1927972279,2016-05-03,0.4815320305675638,-0.33153203056756375,31,-0.34753203056756377,13,-0.40353203056756376,26,-0.17153203056756378,6,0,0
1927972279,2016-05-04,0.4397475816705646,-0.3027475816705646,33,-0.3237475816705646,14,-0.3727475816705646,28,-0.03974758167056458,3,0,0
1927972279,2016-05-04,0.49242839575260555,-0.34842839575260554,33,-0.36242839575260555,14,-0.41742839575260554,28,-0.059428395752605556,3,0,0
1927972279,2016-05-06,0.4217232938661091,-0.29372329386610907,35,-0.3167232938661091,15,-0.3617232938661091,30,-0.11072329386610907,5,0,0
1927972279,2016-05-06,0.47407195952642306,-0.34007195952642305,35,-0.35507195952642306,15,-0.40607195952642305,30,-0.13707195952642304,5,0,0
1927972279,2016-05-07,0.43237095570539746,-0.30937095570539747,37,-0.3293709557053975,16,-0.37437095570539747,32,-0.12337095570539747,2,0,0
1927972279,2016-05-07,0.48493296602514396,-0.35593296602514396,37,-0.36993296602514397,16,-0.41893296602514396,32,-0.138932966025144,2,0,0
2022484408,2016-04-12,0.4072496827345117,0.0,0,0.0,0,0.0,0,0.0,0,0,1
2022484408,2016-04-12,0.455815696140698,0.0,0,0.0,0,0.0,0,0.0,0,0,0
2022484408,2016-04-13,0.41976553556187196,0.023234464438128044,2,0.09623446443812805,1,0.023234464438128044,2,0.00023446443812802364,0,0,1
2022484408,2016-04-13,0.46864405187412506,0.009355948125874924,2,-0.07764405187412504,1,0.009355948125874924,2,0.0003559481258749164,0,0,1
2022484408,2016-04-14,0.3734480410950932,0.16755195890490682,4,0.17855195890490683,2,0.16755195890490682,4,-0.0004480410950932212,0,2,0
2022484408,2016-04-14,0.4208450210029872,0.14615497899701274,4,0.022154978997012797,2,0.14615497899701274,4,0.00015497899701277795,0,2,1
2022484408,2016-04-15,0.3998987968677512,0.14510120313224883,6,0.1001012031322488,3,0.14510120313224883,6,0.00010120313224881716,0,1,1
2022484408,2016-04-15,0.448251110014268,0.11874888998573196,6,0.08174888998573204,3,0.11874888998573196,6,-0.0002511100142679745,0,1,0
2022484408,2016-04-16,0.41890059094363724,0.1270994090563628,8,0.1470994090563627,4,0.1270994090563628,8,9.940905636274255e-05,0,0,1
2022484408,2016-04-16,0.46775958403105117,0.09724041596894878,8,0.014240415968948816,4,0.09724041596894878,8,0.00024041596894885942,0,0,1
2022484408,2016-04-17,0.3500801768908125,0.23291982310918746,10,0.22491982310918746,5,0.23291982310918746,10,-8.017689081252222e-05,0,2,0
2022484408,2016-04-17,0.3963876740797143,0.20261232592028566,10,0.10161232592028568,5,0.20261232592028566,10,-0.00038767407971429524,0,2,1
2022484408,2016-04-18,0.4306038856200988,0.16639611437990115,12,0.12839611437990123,6,0.16639611437990115,12,0.00039611437990116904,0,1,1
2022484408,2016-04-18,0.47970106792410644,0.13229893207589355,12,0.10229893207589352,6,0.13229893207589355,12,0.0002989320758935432,0,1,1
2022484408,2016-04-19,0.4072496827345117,0.22575031726548833,14,0.1787503172654883,7,0.22575031726548833,14,0.02675031726548832,2,3,0
2022484408,2016-04-19,0.455815696140698,0.19018430385930202,14,0.15118430385930198,7,0.19018430385930202,14,0.012184303859302026,2,3,1
2022484408,2016-04-20,0.41976553556187196,0.20423446443812804,16,0.12623446443812808,8,0.20423446443812804,16,0.166234464438128,2,1,1
2022484408,2016-04-20,0.46864405187412506,0.16635594812587495,16,0.17335594812587496,8,0.16635594812587495,16,0.15135594812587494,2,1,1
2022484408,2016-04-21,0.3734480410950932,0.2725519589049068,18,0.18855195890490684,9,0.2725519589049068,18,0.036551958904906756,2,3,1
2022484408,2016-04-21,0.4208450210029872,0.23615497899701282,18,0.22915497899701281,9,0.23615497899701282,18,0.022154978997012797,2,3,0
2022484408,2016-04-22,0.3998987968677512,0.2401012031322488,20,0.20010120313224877,10,0.2401012031322488,20,0.028101203132248787,2,0,1
2022484408,2016-04-22,0.448251110014268,0.20174888998573204,20,0.167748889985732,10,0.20174888998573204,20,0.014748889985732039,2,0,1
2022484408,2016-04-23,0.41890059094363724,0.2510994090563628,22,0.21209940905636276,11,0.2510994090563628,22,0.16609940905636272,2,2,0
2022484408,2016-04-23,0.46775958403105117,0.21124041596894888,22,0.17824041596894885,11,0.21124041596894888,22,0.15224041596894883,2,2,0
2022484408,2016-04-24,0.3500801768908125,0.2619198231091875,24,0.22391982310918745,12,0.2619198231091875,24,0.042919823109187516,2,0,1
2022484408,2016-04-24,0.3963876740797143,0.22361232592028568,24,0.19061232592028565,12,0.22361232592028568,24,0.029612325920285676,2,0,1
2022484408,2016-04-25,0.4306038856200988,0.2193961143799012,26,0.18939611437990117,13,0.2193961143799012,26,0.16239611437990115,2,2,1
2022484408,2016-04-25,0.47970106792410644,0.1782989320758936,26,0.15329893207589357,13,0.1782989320758936,26,0.14829893207589356,2,2,1
2022484408,2016-04-26,0.4072496827345117,0.26075031726548836,28,0.22575031726548833,14,0.26075031726548836,28,0.040750317265488334,4,4,1
2022484408,2016-04-26,0.455815696140698,0.21918430385930204,28,0.19018430385930202,14,0.21918430385930204,28,0.019184303859301977,4,4,1
2022484408,2016-04-27,0.41976553556187196,0.269234464438128,30,0.23523446443812807,15,0.269234464438128,30,0.2582344644381281,4,6,0
2022484408,2016-04-27,0.46864405187412506,0.2273559481258749,30,0.19835594812587498,15,0.2273559481258749,30,0.2363559481258749,4,6,1
2022484408,2016-04-28,0.3734480410950932,0.2985519589049068,32,0.23955195890490677,16,0.2985519589049068,32,0.056551958904906774,4,1,0
2022484408,2016-04-28,0.4208450210029872,0.25715497899701284,32,0.25115497899701283,16,0.25715497899701284,32,0.03515497899701281,4,1,1
2022484408,2016-04-29,0.3998987968677512,0.26710120313224883,34,0.19110120313224876,17,0.26710120313224883,34,0.15510120313224884,4,1,1
2022484408,2016-04-29,0.448251110014268,0.22474888998573206,34,0.24474888998573197,17,0.22474888998573206,34,0.13374888998573198,4,1,1
2022484408,2016-04-30,0.41890059094363724,0.2660994090563628,36,0.19409940905636275,18,0.2660994090563628,36,0.036099409056362775,4,3,1
2022484408,2016-04-30,0.46775958403105117,0.22324041596894878,36,0.2422404159689488,18,0.22324041596894878,36,0.014240415968948816,4,3,1
2022484408,2016-05-01,0.3500801768908125,0.34191982310918745,38,0.2649198231091875,19,0.34191982310918745,38,0.17791982310918752,4,5,0
2022484408,2016-05-01,0.3963876740797143,0.30061232592028564,38,0.31161232592028565,19,0.30061232592028564,38,0.15761232592028573,4,5,1
2022484408,2016-05-02,0.4306038856200988,0.2613961143799011,40,0.17539611437990116,20,0.2613961143799011,40,0.2533961143799012,4,1,1
2022484408,2016-05-02,0.47970106792410644,0.21829893207589351,40,0.25629893207589355,20,0.21829893207589351,40,0.23129893207589353,4,1,0
2022484408,2016-05-03,0.4072496827345117,0.2747503172654884,42,0.20975031726548832,21,0.2747503172654884,42,0.14175031726548837,6,0,1
2022484408,2016-05-03,0.455815696140698,0.23118430385930205,42,0.24718430385930196,21,0.23118430385930205,42,0.11518430385930195,6,0,1
2022484408,2016-05-04,0.41976553556187196,0.276234464438128,44,0.21323446443812805,22,0.276234464438128,44,0.22523446443812806,6,2,1
2022484408,2016-05-04,0.46864405187412506,0.2323559481258749,44,0.2473559481258749,22,0.2323559481258749,44,0.19935594812587498,6,2,1
2022484408,2016-05-05,0.3734480410950932,0.32955195890490674,46,0.2645519589049068,23,0.32955195890490674,46,0.06855195890490678,6,4,1
2022484408,2016-05-05,0.4208450210029872,0.28715497899701276,46,0.29715497899701276,23,0.28715497899701276,46,0.043154978997012816,6,4,1
2022484408,2016-05-06,0.3998987968677512,0.31710120313224877,48,0.2551012031322488,24,0.31710120313224877,48,0.2361012031322488,6,6,1
2022484408,2016-05-06,0.448251110014268,0.273748889985732,48,0.283748889985732,24,0.273748889985732,48,0.20974888998573205,6,6,1
2022484408,2016-05-07,0.41890059094363724,0.31009940905636274,50,0.2510994090563628,25,0.31009940905636274,50,0.1350994090563628,6,8,0
2022484408,2016-05-07,0.46775958403105117,0.2652404159689488,50,0.27724041596894883,25,0.2652404159689488,50,0.10824041596894879,6,8,1
2022484408,2016-05-08,0.3500801768908125,0.36491982310918747,52,0.2869198231091875,26,0.36491982310918747,52,0.17291982310918752,6,1,0
2022484408,2016-05-08,0.3963876740797143,0.32261232592028566,52,0.3446123259202857,26,0.32261232592028566,52,0.14761232592028573,6,1,0
2022484408,2016-05-09,0.4306038856200988,0.26739611437990113,54,0.19939611437990118,27,0.26739611437990113,54,0.2193961143799012,6,0,1
2022484408,2016-05-09,0.47970106792410644,0.22229893207589352,54,0.25129893207589354,27,0.22229893207589352,54,0.1932989320758936,6,0,1
2022484408,2016-05-10,0.4072496827345117,0.2987503172654883,56,0.22975031726548834,28,0.2987503172654883,56,0.21075031726548832,8,2,1
2022484408,2016-05-10,0.455815696140698,0.25318430385930196,56,0.280184303859302,28,0.25318430385930196,56,0.181184303859302,8,2,1
2022484408,2016-05-11,0.41976553556187196,0.296234464438128,58,0.23023446443812806,29,0.296234464438128,58,0.280234464438128,8,4,1
2022484408,2016-05-11,0.46864405187412506,0.2513559481258749,58,0.27635594812587494,29,0.2513559481258749,58,0.2503559481258749,8,4,1
2022484408,2016-05-12,0.3734480410950932,0.34755195890490675,60,0.2795519589049068,30,0.34755195890490675,60,0.1545519589049068,8,6,0
2022484408,2016-05-12,0.4208450210029872,0.30415497899701277,60,0.3251549789970128,30,0.30415497899701277,60,0.12515497899701283,8,6,1
2026352035,2016-04-12,0.44012395642631075,0.0,0,0.0,0,0.0,0,0.0,0,0,0
2026352035,2016-04-12,0.5520625207195807,0.0,0,0.0,0,0.0,0,0.0,0,0,1
2026352035,2016-04-12,0.48516234524600865,0.0,0,0.0,0,0.0,0,0.0,0,0,0
2026352035,2016-04-13,0.45279929770237437,-0.0447992977023744,3,-0.07579929770237437,1,-0.12979929770237436,2,0.0002007022976256434,0,0,0
2026352035,2016-04-13,0.5647100278602941,-0.08671002786029414,3,0.0722899721397059,1,0.0722899721397059,1,0.0002899721397058297,0,0,1
2026352035,2016-04-13,0.4979810805030599,-0.06198108050305989,3,-0.08298108050305991,1,-0.1419810805030599,2,1.8919496940106306e-05,0,0,0
2026352035,2016-04-14,0.39365437836608563,-0.032654378366085646,6,-0.1126543783660856,2,-0.17465437836608563,4,0.0003456216339143836,0,0,0
2026352035,2016-04-14,0.5044223327899742,-0.0934223327899742,6,0.14157766721002585,2,0.14157766721002585,2,-0.0004223327899741669,0,0,1
2026352035,2016-04-14,0.43765468487865794,-0.056654684878657935,6,-0.12465468487865794,2,-0.19465468487865795,4,0.0003453151213420602,0,0,0
2026352035,2016-04-15,0.42290894582870553,-0.05790894582870554,9,-0.15890894582870552,3,-0.23090894582870553,6,9.105417129445792e-05,0,0,0
2026352035,2016-04-15,0.5346502382465306,-0.12965023824653055,9,0.1743497617534694,3,0.1743497617534694,3,0.0003497617534694575,0,0,1
2026352035,2016-04-15,0.4676571709650272,-0.08665717096502717,9,-0.1756571709650272,3,-0.25465717096502716,6,0.0003428290349728469,0,0,0
2026352035,2016-04-16,0.4396870375270877,-0.07468703752708772,12,-0.19568703752708771,4,-0.27068703752708767,8,0.0003129624729122926,0,0,0
2026352035,2016-04-16,0.5516239639592165,-0.15362396395921651,12,0.19937603604078347,4,0.19937603604078347,4,0.0003760360407835117,0,0,1
2026352035,2016-04-16,0.4847194245122465,-0.10671942451224647,12,-0.21571942451224646,4,-0.2987194245122465,8,0.0002805754877535094,0,0,0
2026352035,2016-04-17,0.36976119101567867,-0.027761191015678643,15,-0.18476119101567867,5,-0.24676119101567867,10,0.0002388089843213259,0,0,0
2026352035,2016-04-17,0.47911845163531164,-0.10911845163531164,15,0.26088154836468835,5,0.26088154836468835,5,-0.00011845163531165603,0,0,1
2026352035,2016-04-17,0.41290951241494395,-0.059909512414943966,15,-0.20690951241494396,5,-0.27490951241494394,10,9.04875850560316e-05,0,0,0
2026352035,2016-04-18,0.45641338608067583,-0.09641338608067584,18,-0.24941338608067584,6,-0.3224133860806758,12,-0.00041338608067581495,0,0,0
2026352035,2016-04-18,0.5016252048165976,-0.13162520481659756,18,-0.2736252048165976,6,-0.35362520481659754,12,0.0003747951834024432,0,0,0
2026352035,2016-04-19,0.44012395642631075,-0.11212395642631073,20,-0.25712395642631075,7,-0.32412395642631076,14,-0.040123956426310725,3,0,0
2026352035,2016-04-19,0.5520625207195807,-0.20206252071958075,20,0.2439374792804193,6,0.2439374792804193,6,-0.08206252071958076,3,0,1
2026352035,2016-04-19,0.48516234524600865,-0.14816234524600863,20,-0.28316234524600864,7,-0.35716234524600865,14,-0.05716234524600866,3,0,0
2026352035,2016-04-20,0.45279929770237437,-0.12179929770237435,23,-0.2787992977023744,8,-0.3447992977023744,16,-0.0447992977023744,3,0,0
2026352035,2016-04-20,0.5647100278602941,-0.21371002786029414,23,0.25428997213970583,7,0.25428997213970583,7,-0.08671002786029414,3,0,1
2026352035,2016-04-20,0.4979810805030599,-0.15898108050305987,23,-0.3059810805030599,8,-0.3789810805030599,16,-0.06198108050305989,3,0,0
2026352035,2016-04-21,0.39365437836608563,-0.07165437836608562,26,-0.2526543783660856,9,-0.30765437836608567,18,-0.022654378366085637,3,0,0
2026352035,2016-04-21,0.5044223327899742,-0.16542233278997415,26,0.3045776672100259,8,0.3045776672100259,8,-0.06442233278997417,3,0,1
2026352035,2016-04-21,0.43765468487865794,-0.10865468487865793,26,-0.28165468487865797,9,-0.3426546848786579,18,-0.03865468487865792,3,0,0
2026352035,2016-04-22,0.42290894582870553,-0.09590894582870552,29,-0.2819089458287055,10,-0.3379089458287055,20,-0.03390894582870552,3,0,0
2026352035,2016-04-22,0.5346502382465306,-0.19165023824653055,29,0.2993497617534694,9,0.2993497617534694,9,-0.07565023824653055,3,0,1
2026352035,2016-04-22,0.4676571709650272,-0.13465717096502716,29,-0.3116571709650272,10,-0.37365717096502715,20,-0.0506571709650272,3,0,0
2026352035,2016-04-23,0.4396870375270877,-0.1096870375270877,32,-0.3026870375270877,11,-0.3586870375270877,22,-0.03968703752708769,3,0,0
2026352035,2016-04-23,0.5516239639592165,-0.20662396395921656,32,0.29937603604078344,10,0.29937603604078344,10,-0.08162396395921656,3,0,1
2026352035,2016-04-23,0.4847194245122465,-0.14871942451224646,32,-0.33371942451224645,11,-0.3947194245122465,22,-0.056719424512246486,3,0,1
2026352035,2016-04-24,0.36976119101567867,-0.023761191015678695,35,-0.2607611910156787,12,-0.27176119101567864,24,-0.013761191015678687,3,1,0
2026352035,2016-04-24,0.47911845163531164,-0.11911845163531165,35,0.35788154836468833,11,0.35788154836468833,11,-0.05511845163531165,3,1,1
2026352035,2016-04-24,0.41290951241494395,-0.06090951241494397,35,-0.23290951241494395,12,-0.30690951241494396,24,-0.02990951241494394,3,1,0
2026352035,2016-04-25,0.45641338608067583,-0.10141338608067585,38,-0.32941338608067583,13,-0.35041338608067585,26,-0.13041338608067582,2,0,0
2026352035,2016-04-25,0.5682896912451432,-0.20028969124514318,38,0.30471030875485683,12,0.30471030875485683,12,-0.16228969124514314,2,0,1
2026352035,2016-04-25,0.5016252048165976,-0.14062520481659757,38,-0.30662520481659755,13,-0.38862520481659757,26,-0.14362520481659757,2,0,0
2026352035,2016-04-26,0.44012395642631075,-0.08812395642631077,41,-0.32412395642631076,14,-0.34312395642631077,28,-0.05812395642631074,6,0,0
2026352035,2016-04-26,0.48516234524600865,-0.12816234524600867,41,-0.30516234524600866,14,-0.38116234524600867,28,-0.08316234524600863,6,0,0
2026352035,2016-04-27,0.45279929770237437,-0.11379929770237435,43,-0.3397992977023744,15,-0.3597992977023744,30,-0.06479929770237436,6,0,0
2026352035,2016-04-27,0.5647100278602941,-0.21471002786029414,43,0.3142899721397059,13,0.3142899721397059,13,-0.12571002786029412,6,0,1
2026352035,2016-04-27,0.4979810805030599,-0.15398108050305992,43,-0.3239810805030599,15,-0.3979810805030599,30,-0.08998108050305992,6,0,0
2026352035,2016-04-28,0.39365437836608563,-0.060654378366085615,46,-0.29965437836608566,16,-0.3136543783660856,32,-0.032654378366085646,6,0,0
2026352035,2016-04-28,0.5044223327899742,-0.1604223327899742,46,0.3655776672100258,14,0.3655776672100258,14,-0.0934223327899742,6,0,1
2026352035,2016-04-28,0.43765468487865794,-0.10065468487865792,46,-0.28565468487865797,16,-0.3516546848786579,32,-0.056654684878657935,6,0,0
2026352035,2016-04-29,0.42290894582870553,-0.08790894582870551,49,-0.32690894582870555,17,-0.3429089458287055,34,-0.04890894582870553,6,0,0
2026352035,2016-04-29,0.5346502382465306,-0.1886502382465306,49,0.34934976175346943,15,0.34934976175346943,15,-0.10965023824653058,6,0,1
2026352035,2016-04-29,0.4676571709650272,-0.12765717096502716,49,-0.3156571709650272,17,-0.38165717096502716,34,-0.07365717096502716,6,0,1
2026352035,2016-04-30,0.4396870375270877,-0.08568703752708773,52,-0.34368703752708774,18,-0.33768703752708773,36,0.033312962472912266,6,1,0
2026352035,2016-04-30,0.5516239639592165,-0.18762396395921654,52,0.3413760360407835,16,0.3413760360407835,16,-0.028623963959216514,6,1,1
2026352035,2016-04-30,0.4847194245122465,-0.1267194245122465,52,-0.2927194245122465,18,-0.3767194245122465,36,0.008280575487753516,6,1,0
2026352035,2016-05-01,0.36976119101567867,-0.022761191015678695,55,-0.29276119101567866,19,-0.27976119101567865,38,-0.019761191015678692,6,0,0
2026352035,2016-05-01,0.47911845163531164,-0.12211845163531165,55,0.40288154836468837,17,0.40288154836468837,17,-0.07911845163531162,6,0,1
2026352035,2016-05-01,0.41290951241494395,-0.06190951241494397,55,-0.24390951241494394,19,-0.3179095124149439,38,-0.04290951241494395,6,0,0
2026352035,2016-05-02,0.45641338608067583,-0.10241338608067585,58,-0.36541338608067586,20,-0.36141338608067586,40,-0.12841338608067582,5,0,0
2026352035,2016-05-02,0.5682896912451432,-0.20528969124514318,58,0.33771030875485686,18,0.33771030875485686,18,-0.18428969124514316,5,0,1
2026352035,2016-05-02,0.5016252048165976,-0.14462520481659757,58,-0.32162520481659757,20,-0.4016252048165976,40,-0.15062520481659758,5,0,1
2026352035,2016-05-03,0.44012395642631075,-0.07312395642631075,61,-0.3551239564263107,21,-0.32912395642631076,42,-0.11712395642631074,8,1,0
2026352035,2016-05-03,0.48516234524600865,-0.11516234524600866,61,-0.2761623452460087,21,-0.37016234524600866,42,-0.14516234524600863,8,1,1
2026352035,2016-05-04,0.45279929770237437,-0.08079929770237437,63,-0.36879929770237435,22,-0.32479929770237437,44,-0.07679929770237437,9,1,0
2026352035,2016-05-04,0.5647100278602941,-0.1847100278602941,63,0.3442899721397059,19,0.3442899721397059,19,-0.14871002786029414,9,1,1
2026352035,2016-05-04,0.4979810805030599,-0.12298108050305989,63,-0.2579810805030599,22,-0.3659810805030599,44,-0.10598108050305988,9,1,0
2026352035,2016-05-05,0.39365437836608563,-0.02765437836608564,66,-0.3236543783660856,23,-0.27665437836608564,46,-0.03865437836608565,9,0,0
2026352035,2016-05-05,0.5044223327899742,-0.13042233278997417,66,0.39657766721002585,20,0.39657766721002585,20,-0.11042233278997415,9,0,1
2026352035,2016-05-05,0.43765468487865794,-0.06865468487865795,66,-0.21665468487865794,23,-0.31665468487865794,46,-0.06665468487865794,9,0,1
2026352035,2016-05-06,0.42290894582870553,-0.042908945828705525,69,-0.3499089458287055,24,-0.2889089458287055,48,0.01409105417129447,9,1,0
2026352035,2016-05-06,0.5346502382465306,-0.14765023824653056,69,0.37634976175346946,21,0.37634976175346946,21,-0.057650238246530594,9,1,1
2026352035,2016-05-06,0.4676571709650272,-0.08465717096502717,69,-0.21465717096502718,24,-0.32965717096502717,48,-0.014657170965027166,9,1,1
2026352035,2016-05-07,0.4396870375270877,-0.047687037527087694,72,-0.3666870375270877,25,-0.2906870375270877,50,0.0033129624729122953,9,1,0
2026352035,2016-05-07,0.5516239639592165,-0.1526239639592165,72,0.3653760360407835,22,0.3653760360407835,22,-0.06862396395921655,9,1,1
2026352035,2016-05-07,0.4847194245122465,-0.08971942451224646,72,-0.20371942451224645,25,-0.33171942451224645,50,-0.025719424512246458,9,1,0
2026352035,2016-05-08,0.36976119101567867,0.01623880898432134,75,-0.30976119101567867,26,-0.23176119101567866,52,-0.023761191015678695,9,0,0
2026352035,2016-05-08,0.47911845163531164,-0.08711845163531162,75,0.4278815483646884,23,0.4278815483646884,23,-0.09411845163531163,9,0,1
2026352035,2016-05-08,0.41290951241494395,-0.024909512414943935,75,-0.15290951241494394,26,-0.271909512414944,52,-0.05090951241494396,9,0,0
2026352035,2016-05-09,0.45641338608067583,-0.06741338608067582,78,-0.3854133860806758,27,-0.3164133860806758,54,-0.050413386080675804,8,0,0
2026352035,2016-05-09,0.5682896912451432,-0.17228969124514315,78,0.3577103087548569,24,0.3577103087548569,24,-0.11928969124514316,8,0,1
2026352035,2016-05-09,0.5016252048165976,-0.10962520481659754,78,-0.23562520481659754,27,-0.35762520481659754,54,-0.07762520481659757,8,0,1
2026352035,2016-05-10,0.44012395642631075,-0.04212395642631073,81,-0.37312395642631074,28,-0.2891239564263107,56,-0.09312395642631077,10,1,0
2026352035,2016-05-10,0.5520625207195807,-0.1480625207195807,81,0.3729374792804193,25,0.3729374792804193,25,-0.16806252071958072,10,1,0
2026352035,2016-05-10,0.48516234524600865,-0.08516234524600863,81,-0.19916234524600868,28,-0.3301623452460086,56,-0.12316234524600866,10,1,0
2026352035,2016-05-11,0.45279929770237437,-0.06779929770237436,84,-0.38579929770237437,29,-0.30579929770237435,58,-0.08479929770237438,12,0,0
2026352035,2016-05-11,0.5647100278602941,-0.1737100278602941,84,0.3332899721397059,26,0.3332899721397059,26,-0.1637100278602941,12,0,1
2026352035,2016-05-11,0.4979810805030599,-0.10998108050305988,84,-0.21898108050305987,29,-0.34698108050305987,58,-0.11598108050305989,12,0,0
2026352035,2016-05-12,0.39365437836608563,-0.013654378366085629,87,-0.33765437836608564,30,-0.2556543783660856,60,0.016345621633914342,12,0,0
2026352035,2016-05-12,0.5044223327899742,-0.11842233278997416,87,0.38657766721002584,27,0.38657766721002584,27,-0.062422332789974166,12,0,1
2026352035,2016-05-12,0.43765468487865794,-0.055654684878657934,87,-0.17465468487865793,30,-0.296654684878658,60,-0.014654684878657953,12,0,0
2320127002,2016-04-12,0.43191842289232707,0.0,0,0.0,0,0.0,0,0.0,0,0,0
2320127002,2016-04-12,0.47791845974450103,0.0,0,0.0,0,0.0,0,0.0,0,0,0
2320127002,2016-04-13,0.45334128164607945,-0.12934128164607944,2,-0.07534128164607945,1,-0.12934128164607944,2,-0.0003412816460794388,0,0,0
2320127002,2016-04-13,0.49961629373207517,-0.14261629373207518,2,-0.08361629373207519,1,-0.14261629373207518,2,0.00038370626792483264,0,0,0
2320127002,2016-04-14,0.3946883399626185,-0.17568833996261848,4,-0.11268833996261851,2,-0.17568833996261848,4,0.0003116600373815337,0,0,0
2320127002,2016-04-14,0.43979295454512546,-0.19579295454512546,4,-0.12579295454512546,2,-0.19579295454512546,4,0.00020704545487454373,0,0,0
2320127002,2016-04-15,0.4233211714728456,-0.2313211714728456,6,-0.15832117147284558,3,-0.2313211714728456,6,-0.000321171472845605,0,0,0
2320127002,2016-04-15,0.4691617715036849,-0.2561617715036849,6,-0.1761617715036849,3,-0.2561617715036849,6,-0.00016177150368490434,0,0,1
2320127002,2016-04-16,0.43936307318450396,-0.19336307318450396,8,-0.19536307318450397,4,-0.19336307318450396,8,-0.0003630731845039592,0,1,0
2320127002,2016-04-16,0.4854783987535396,-0.22147839875353958,8,-0.10447839875353959,4,-0.22147839875353958,8,-0.0004783987535396106,0,1,0
2320127002,2016-04-17,0.37128522316440243,-0.18128522316440243,10,-0.18528522316440244,5,-0.18128522316440243,10,-0.0002852231644024372,0,0,0
2320127002,2016-04-17,0.4155514081743362,-0.21055140817433624,10,-0.10755140817433623,5,-0.21055140817433624,10,0.00044859182566375777,0,0,0
2320127002,2016-04-18,0.46328069268114325,-0.26828069268114324,12,-0.2522806926811433,6,-0.26828069268114324,12,-0.0002806926811432242,0,0,0
2320127002,2016-04-18,0.5096244384396794,-0.30062443843967945,12,-0.1866244384396794,6,-0.30062443843967945,12,0.00037556156032059196,0,0,0
2320127002,2016-04-19,0.43191842289232707,-0.26591842289232703,14,-0.2519184228923271,7,-0.26591842289232703,14,-0.12291842289232707,2,0,0
2320127002,2016-04-19,0.47791845974450103,-0.29991845974450104,14,-0.19591845974450106,7,-0.29991845974450104,14,-0.136918459744501,2,0,1
2320127002,2016-04-20,0.45334128164607945,-0.25034128164607944,16,-0.27934128164607946,8,-0.25034128164607944,16,-0.12934128164607944,2,1,0
2320127002,2016-04-20,0.49961629373207517,-0.2856162937320752,16,-0.1536162937320752,8,-0.2856162937320752,16,-0.14261629373207518,2,1,0
2320127002,2016-04-21,0.3946883399626185,-0.2216883399626185,18,-0.2536883399626185,9,-0.2216883399626185,18,-0.11268833996261851,2,0,0
2320127002,2016-04-21,0.43979295454512546,-0.25679295454512546,18,-0.13979295454512547,9,-0.25679295454512546,18,-0.12579295454512546,2,0,0
2320127002,2016-04-22,0.4233211714728456,-0.2583211714728456,20,-0.28232117147284563,10,-0.2583211714728456,20,0.021678828527154415,2,0,0
2320127002,2016-04-22,0.4691617715036849,-0.2951617715036849,20,-0.1791617715036849,10,-0.2951617715036849,20,0.008838228496315104,2,0,1
2320127002,2016-04-23,0.43936307318450396,-0.24736307318450396,22,-0.30236307318450395,11,-0.24736307318450396,22,-0.12536307318450396,2,1,0
2320127002,2016-04-23,0.4854783987535396,-0.2844783987535396,22,-0.14647839875353957,11,-0.2844783987535396,22,-0.13847839875353962,2,1,1
2320127002,2016-04-24,0.37128522316440243,-0.16928522316440242,24,-0.26228522316440245,12,-0.16928522316440242,24,-0.10628522316440242,2,1,0
2320127002,2016-04-24,0.4155514081743362,-0.20555140817433623,24,-0.05755140817433624,12,-0.20555140817433623,24,-0.11855140817433624,2,1,0
2320127002,2016-04-25,0.46328069268114325,-0.2592806926811433,26,-0.33428069268114324,13,-0.2592806926811433,26,-0.13228069268114323,2,0,0
2320127002,2016-04-25,0.5096244384396794,-0.29862443843967945,26,-0.14562443843967943,13,-0.29862443843967945,26,-0.14562443843967943,2,0,0
2320127002,2016-04-26,0.43191842289232707,-0.24491842289232707,28,-0.3179184228923271,14,-0.24491842289232707,28,-0.08091842289232709,4,0,0
2320127002,2016-04-26,0.47791845974450103,-0.28391845974450103,28,-0.141918459744501,14,-0.28391845974450103,28,-0.10091845974450103,4,0,0
2320127002,2016-04-27,0.45334128164607945,-0.27434128164607946,30,-0.34034128164607946,15,-0.27434128164607946,30,-0.20134128164607945,4,0,0
2320127002,2016-04-27,0.49961629373207517,-0.31361629373207517,30,-0.17461629373207516,15,-0.31361629373207517,30,-0.22161629373207514,4,0,0
2320127002,2016-04-28,0.3946883399626185,-0.23368833996261848,32,-0.30068833996261846,16,-0.23368833996261848,32,-0.17568833996261848,4,0,0
2320127002,2016-04-28,0.43979295454512546,-0.2717929545451254,32,-0.14479295454512547,16,-0.2717929545451254,32,-0.19579295454512546,4,0,0
2320127002,2016-04-29,0.4233211714728456,-0.2663211714728456,34,-0.32732117147284556,17,-0.2663211714728456,34,0.033678828527154425,4,0,0
2320127002,2016-04-29,0.4691617715036849,-0.30616177150368484,34,-0.1811617715036849,17,-0.30616177150368484,34,0.013838228496315108,4,0,0
2320127002,2016-04-30,0.43936307318450396,-0.28836307318450394,36,-0.343363073184504,18,-0.28836307318450394,36,-0.08436307318450398,4,0,0
2320127002,2016-04-30,0.4854783987535396,-0.32847839875353957,36,-0.20647839875353957,18,-0.32847839875353957,36,-0.10447839875353959,4,0,0
2320127002,2016-05-01,0.37128522316440243,-0.23528522316440242,38,-0.2942852231644024,19,-0.23528522316440242,38,-0.16528522316440244,4,0,0
2320127002,2016-05-01,0.4155514081743362,-0.2745514081743362,38,-0.16255140817433622,19,-0.2745514081743362,38,-0.1845514081743362,4,0,0
2320127002,2016-05-02,0.46328069268114325,-0.32328069268114323,40,-0.3702806926811433,20,-0.32328069268114323,40,-0.20628069268114324,4,0,0
2320127002,2016-05-02,0.5096244384396794,-0.3636244384396794,40,-0.2476244384396794,20,-0.3636244384396794,40,-0.22662443843967944,4,0,0
2320127002,2016-05-03,0.43191842289232707,-0.30091842289232706,42,-0.34891842289232705,21,-0.30091842289232706,42,-0.1449184228923271,6,0,0
2320127002,2016-05-03,0.47791845974450103,-0.341918459744501,42,-0.23191845974450104,21,-0.341918459744501,42,-0.16991845974450104,6,0,1
2320127002,2016-05-04,0.45334128164607945,-0.30534128164607943,44,-0.36934128164607943,22,-0.30534128164607943,44,-0.24734128164607946,6,1,0
2320127002,2016-05-04,0.49961629373207517,-0.34661629373207514,44,-0.22161629373207514,22,-0.34661629373207514,44,-0.2726162937320752,6,1,0
2320127002,2016-05-05,0.3946883399626185,-0.2576883399626185,46,-0.3246883399626185,23,-0.2576883399626185,46,-0.2156883399626185,6,0,0
2320127002,2016-05-05,0.43979295454512546,-0.29879295454512544,46,-0.18279295454512545,23,-0.29879295454512544,46,-0.23979295454512545,6,0,1
2320127002,2016-05-06,0.4233211714728456,-0.2703211714728456,48,-0.3503211714728456,24,-0.2703211714728456,48,-0.04932117147284559,6,1,0
2320127002,2016-05-06,0.4691617715036849,-0.31216177150368485,48,-0.1811617715036849,24,-0.31216177150368485,48,-0.07416177150368486,6,1,0
2320127002,2016-05-07,0.43936307318450396,-0.29036307318450394,50,-0.36636307318450395,25,-0.29036307318450394,50,-0.14836307318450398,6,0,0
2320127002,2016-05-07,0.4854783987535396,-0.3324783987535396,50,-0.20447839875353957,25,-0.3324783987535396,50,-0.1734783987535396,6,0,0
2320127002,2016-05-08,0.37128522316440243,-0.23328522316440242,52,-0.31128522316440244,26,-0.23328522316440242,52,-0.20228522316440242,6,0,0
2320127002,2016-05-08,0.4155514081743362,-0.2735514081743362,52,-0.1545514081743362,26,-0.2735514081743362,52,-0.22655140817433622,6,0,0
2320127002,2016-05-09,0.46328069268114325,-0.32228069268114323,54,-0.39128069268114324,27,-0.32228069268114323,54,-0.2522806926811433,6,0,0
2320127002,2016-05-09,0.5096244384396794,-0.3646244384396794,54,-0.2426244384396794,27,-0.3646244384396794,54,-0.27762443843967943,6,0,0
2320127002,2016-05-10,0.43191842289232707,-0.29791842289232706,56,-0.36691842289232707,28,-0.29791842289232706,56,-0.11191842289232706,8,0,0
2320127002,2016-05-10,0.47791845974450103,-0.339918459744501,56,-0.22391845974450103,28,-0.339918459744501,56,-0.139918459744501,8,0,0
2320127002,2016-05-11,0.45334128164607945,-0.32234128164607945,58,-0.38634128164607945,29,-0.32234128164607945,58,-0.27934128164607946,8,0,0
2320127002,2016-05-11,0.49961629373207517,-0.36461629373207516,58,-0.24961629373207517,29,-0.36461629373207516,58,-0.30761629373207516,8,0,0
2320127002,2016-05-12,0.3946883399626185,-0.2716883399626185,60,-0.3386883399626185,30,-0.2716883399626185,60,-0.16568833996261847,8,0,0
2320127002,2016-05-12,0.43979295454512546,-0.31379295454512546,60,-0.20579295454512544,30,-0.31379295454512546,60,-0.19379295454512546,8,0,0
2347167796,2016-04-12,0.42469523456991753,0.0,0,0.0,0,0.0,0,0.0,0,0,0
2347167796,2016-04-12,0.4690715079876417,0.0,0,0.0,0,0.0,0,0.0,0,0,1
2347167796,2016-04-13,0.43102223855090116,0.019977761449098852,2,-0.07202223855090117,1,0.019977761449098852,2,-2.2238550901165777e-05,0,1,1
2347167796,2016-04-13,0.5870157469369234,-0.025015746936923322,2,-1.5746936923410892e-05,0,-1.5746936923410892e-05,0,-1.5746936923410892e-05,0,1,0
2347167796,2016-04-13,0.4755131866311599,0.007486813368840106,2,0.08748681336884007,1,0.007486813368840106,2,0.00048681336884009996,0,1,0
2347167796,2016-04-14,0.3806343895944079,0.00936561040559214,5,0.034365610405592106,2,0.05336561040559212,4,0.00036561040559213165,0,0,1
2347167796,2016-04-14,0.535556730914636,-0.06755673091463593,5,-0.08955673091463595,1,-0.08955673091463595,1,0.00044326908536407306,0,0,1
2347167796,2016-04-14,0.4237982246381772,-0.011798224638177202,5,0.02220177536182283,2,0.03420177536182284,4,0.00020177536182280909,0,0,1
2347167796,2016-04-15,0.41372222309089135,0.1302777769091087,8,0.09527777690910866,3,0.1382777769091087,6,0.00027777690910862907,0,3,0
2347167796,2016-04-15,0.5697239425953822,0.03427605740461781,8,-0.019723942595382127,2,-0.019723942595382127,2,0.00027605740461777994,0,3,1
2347167796,2016-04-15,0.45786444117371133,0.10313555882628872,8,0.0781355588262887,3,0.11413555882628862,6,0.0001355588262886842,0,3,1
2347167796,2016-04-16,0.42233347665508075,0.1466665233449192,11,0.034666523344919264,4,0.12466652334491929,8,-0.0003334766550807666,0,2,1
2347167796,2016-04-16,0.4666631478027418,0.11633685219725814,11,0.12633685219725815,4,0.09733685219725813,8,0.00033685219725820836,0,2,1
2347167796,2016-04-17,0.3559754650142205,0.24302453498577947,13,0.12202453498577948,5,0.22902453498577946,10,2.4534985779478546e-05,0,4,0
2347167796,2016-04-17,0.5091111992705148,0.13188880072948517,13,0.0588888007294851,3,0.0588888007294851,3,-0.00011119927051483902,0,4,1
2347167796,2016-04-17,0.3981405117666968,0.2128594882333032,13,0.20085948823330319,5,0.20085948823330319,10,-0.00014051176669677146,0,4,1
2347167796,2016-04-18,0.44369403235763494,0.18530596764236507,16,0.03030596764236504,6,0.15730596764236504,12,0.0003059676423650681,0,2,0
2347167796,2016-04-18,0.5994419907941934,0.06755800920580668,16,0.06655800920580668,4,0.06655800920580668,4,-0.00044199079419338094,0,2,1
2347167796,2016-04-18,0.48837028670326743,0.15162971329673258,16,0.18862971329673262,6,0.12562971329673256,12,-0.00037028670326744173,0,2,1
2347167796,2016-04-19,0.42469523456991753,0.20530476543008247,19,0.002304765430082456,7,0.16030476543008243,14,0.021304765430082473,2,2,0
2347167796,2016-04-19,0.5807360639973462,0.0822639360026538,19,0.10926393600265372,5,0.10926393600265372,5,-0.02273606399734618,2,2,0
2347167796,2016-04-19,0.4690715079876417,0.16992849201235832,19,0.22592849201235826,7,0.12792849201235829,14,0.008928492012358291,2,2,1
2347167796,2016-04-20,0.43102223855090116,0.16697776144909882,22,-0.03402223855090114,8,0.1479777614490988,16,-0.03702223855090114,3,1,1
2347167796,2016-04-20,0.4755131866311599,0.1314868133688401,22,0.2454868133688401,8,0.11348681336884009,16,-0.05351318663115989,3,1,1
2347167796,2016-04-21,0.3806343895944079,0.23636561040559212,24,0.04136561040559211,9,0.2233656104055921,18,0.23236561040559212,3,3,0
2347167796,2016-04-21,0.535556730914636,0.10844326908536406,24,0.07144326908536403,6,0.07144326908536403,6,0.174443269085364,3,3,1
2347167796,2016-04-21,0.4237982246381772,0.20120177536182282,24,0.2992017753618228,9,0.1902017753618228,18,0.21620177536182283,3,3,1
2347167796,2016-04-22,0.41372222309089135,0.21327777690910865,27,-0.008722223090891323,10,0.18927777690910863,20,0.09527777690910866,3,1,1
2347167796,2016-04-22,0.5697239425953822,0.08227605740461785,27,0.08427605740461785,7,0.08427605740461785,7,0.03627605740461781,3,1,1
2347167796,2016-04-22,0.45786444117371133,0.17613555882628867,27,0.29513555882628867,10,0.15413555882628865,20,0.0781355588262887,3,1,1
2347167796,2016-04-23,0.42233347665508075,0.23766652334491928,30,0.021666523344919253,11,0.21166652334491926,22,0.1646665233449192,2,5,1
2347167796,2016-04-23,0.5783789429770276,0.10462105702297242,30,0.10562105702297242,8,0.10562105702297242,8,0.12062105702297232,2,5,0
2347167796,2016-04-23,0.4666631478027418,0.20033685219725822,30,0.3043368521972582,11,0.1753368521972582,22,0.15233685219725818,2,5,1
2347167796,2016-04-24,0.3559754650142205,0.2960245349857795,33,0.10202453498577951,12,0.2920245349857795,24,0.11602453498577947,3,2,0
2347167796,2016-04-24,0.5091111992705148,0.1628888007294852,33,0.10088880072948514,9,0.10088880072948514,9,0.0588888007294851,3,2,1
2347167796,2016-04-24,0.3981405117666968,0.25985948823330324,33,0.3658594882333032,12,0.25685948823330323,24,0.10085948823330321,3,2,0
2347167796,2016-04-25,0.44369403235763494,0.19530596764236507,36,0.01330596764236508,13,0.17630596764236506,26,0.08330596764236509,3,0,0
2347167796,2016-04-25,0.5994419907941934,0.05855800920580667,36,0.06655800920580668,10,0.06655800920580668,10,0.025558009205806642,3,0,1
2347167796,2016-04-25,0.48837028670326743,0.1566297132967326,36,0.25862971329673257,13,0.13862971329673257,26,0.06662971329673262,3,0,1
2347167796,2016-04-26,0.42469523456991753,0.21430476543008248,39,0.003304765430082457,14,0.18530476543008245,28,-0.012695234569917557,5,1,0
2347167796,2016-04-26,0.5807360639973462,0.0762639360026538,39,0.10026393600265382,11,0.10026393600265382,11,-0.09073606399734624,5,1,0
2347167796,2016-04-26,0.4690715079876417,0.17492849201235833,39,0.2859284920123583,14,0.1479284920123583,28,-0.03407150798764169,5,1,1
2347167796,2016-04-27,0.43102223855090116,0.18897776144909884,42,-0.023022238550901186,15,0.17297776144909882,30,0.08497776144909885,5,1,1
2347167796,2016-04-27,0.5870157469369234,0.049984253063076634,42,0.05598425306307664,12,0.05598425306307664,12,0.006984253063076595,5,1,1
2347167796,2016-04-27,0.4755131866311599,0.14948681336884012,42,0.29348681336884014,15,0.1354868133688401,30,0.062486813368840155,5,1,1
2347167796,2016-04-28,0.3806343895944079,0.25736561040559214,45,0.043365610405592114,16,0.23836561040559212,32,0.24736561040559213,6,4,0
2347167796,2016-04-28,0.535556730914636,0.11844326908536407,45,0.11344326908536406,13,0.11344326908536406,13,0.162443269085364,6,4,0
2347167796,2016-04-28,0.4237982246381772,0.21820177536182284,45,0.34420177536182284,16,0.20120177536182282,32,0.22320177536182284,6,4,0
2347167796,2016-04-29,0.41372222309089135,0.19127777690910863,48,-0.0017222230908913727,17,0.17827777690910862,34,0.22927777690910867,6,0,0
2347167796,2016-04-29,0.5697239425953822,0.050276057404617824,48,0.05427605740461783,14,0.05427605740461783,14,0.1442760574046178,6,0,0
2347167796,2016-04-29,0.45786444117371133,0.15113555882628865,48,0.28213555882628866,17,0.13913555882628864,34,0.2051355588262887,6,0,0
2873212765,2016-04-12,0.41965951577576516,0.0,0,0.0,0,0.0,0,0.0,0,0,1
2873212765,2016-04-12,0.46698217907968664,0.0,0,0.0,0,0.0,0,0.0,0,0,1
2873212765,2016-04-13,0.4409427283824259,0.1600572716175741,2,0.09305727161757416,1,0.1600572716175741,2,5.727161757412835e-05,0,2,0
2873212765,2016-04-13,0.48864459861887977,0.14635540138112024,2,0.08535540138112019,1,0.14635540138112024,2,0.0003554013811202239,0,2,1
2873212765,2016-04-14,0.38578379266407375,0.1622162073359263,4,0.03221620733592623,2,0.1622162073359263,4,0.00021620733592625507,0,1,0
2873212765,2016-04-14,0.4321308956834919,0.14086910431650806,4,0.16186910431650808,2,0.14086910431650806,4,-0.00013089568349189395,0,1,1
2873212765,2016-04-15,0.416797519890362,0.13620248010963804,6,-0.031797519890362,3,0.13620248010963804,6,0.00020248010963797025,0,1,0
2873212765,2016-04-15,0.464055516327672,0.11094448367232795,6,0.20094448367232803,3,0.11094448367232795,6,-5.551632767197834e-05,0,1,1
2873212765,2016-04-16,0.4183730658022497,0.12762693419775034,8,-0.07437306580224973,4,0.12762693419775034,8,-0.00037306580224971686,0,1,1
2873212765,2016-04-16,0.4656670645711223,0.09833293542887767,8,0.23733293542887768,4,0.09833293542887767,8,0.0003329354288777453,0,1,1
2873212765,2016-04-17,0.35693899586879696,0.229061004131203,10,0.021061004131203043,5,0.229061004131203,10,6.100413120302406e-05,0,3,0
2873212765,2016-04-17,0.4020893016353423,0.1989106983646577,10,0.29891069836465767,5,0.1989106983646577,10,-8.930163534226487e-05,0,3,0
2873212765,2016-04-18,0.45298473425234786,0.09201526574765218,12,-0.06498473425234785,6,0.09201526574765218,12,1.5265747652148942e-05,0,0,0
2873212765,2016-04-18,0.5008223044085411,0.05817769559145891,12,0.1811776955914589,6,0.05817769559145891,12,0.0001776955914588596,0,0,0
2873212765,2016-04-19,0.41965951577576516,0.059340484224234824,14,-0.07765951577576513,7,0.059340484224234824,14,0.1653404842242348,2,0,0
2873212765,2016-04-19,0.46698217907968664,0.02401782092031335,14,0.14401782092031334,7,0.02401782092031335,14,0.15201782092031335,2,0,1
2873212765,2016-04-20,0.4409427283824259,0.04505727161757411,16,-0.11794272838242587,8,0.04505727161757411,16,0.017057271617574143,2,1,0
2873212765,2016-04-20,0.48864459861887977,0.008355401381120231,16,0.16035540138112025,8,0.008355401381120231,16,0.0033554013811202266,2,1,0
2873212765,2016-04-21,0.38578379266407375,0.04621620733592624,18,-0.10478379266407373,9,0.04621620733592624,18,0.03221620733592623,2,0,0
2873212765,2016-04-21,0.4321308956834919,0.009869104316508115,18,0.15086910431650807,9,0.009869104316508115,18,0.019869104316508124,2,0,0
2873212765,2016-04-22,0.416797519890362,-0.013797519890361987,20,-0.144797519890362,10,-0.013797519890361987,20,0.02420248010963799,2,0,1
2873212765,2016-04-22,0.464055516327672,-0.051055516327672024,20,0.09094448367232805,10,-0.051055516327672024,20,0.009944483672327975,2,0,0
2873212765,2016-04-23,0.4183730658022497,-0.007373065802249723,22,-0.1003730658022497,11,-0.007373065802249723,22,0.16662693419775026,2,0,1
2873212765,2016-04-23,0.4656670645711223,-0.045667064571122296,22,0.05533293542887774,11,-0.045667064571122296,22,0.1523329354288777,2,0,1
2873212765,2016-04-24,0.35693899586879696,0.08406100413120304,24,-0.016938995868796936,12,0.08406100413120304,24,-0.10193899586879696,2,2,1
2873212765,2016-04-24,0.4020893016353423,0.04691069836465772,24,0.12791069836465774,12,0.04691069836465772,24,-0.11508930163534231,2,2,0
2873212765,2016-04-25,0.45298473425234786,0.007015265747652155,26,-0.04898473425234784,13,0.007015265747652155,26,-0.12898473425234785,2,0,0
2873212765,2016-04-25,0.5008223044085411,-0.032822304408541114,26,0.027177695591458884,13,-0.032822304408541114,26,-0.14282230440854116,2,0,0
2873212765,2016-04-26,0.41965951577576516,0.007340484224234833,28,-0.04565951577576516,14,0.007340484224234833,28,0.1463404842242348,4,0,0
2873212765,2016-04-26,0.46698217907968664,-0.032982179079686647,28,0.02401782092031335,14,-0.032982179079686647,28,0.12601782092031333,4,0,1
2873212765,2016-04-27,0.4409427283824259,-0.006942728382425878,30,-0.08094272838242589,15,-0.006942728382425878,30,-0.08494272838242589,4,1,1
2873212765,2016-04-27,0.48864459861887977,-0.04764459861887976,30,0.03335540138112025,15,-0.04764459861887976,30,-0.10564459861887976,4,1,0
2873212765,2016-04-28,0.38578379266407375,0.04521620733592624,32,-0.007783792664073752,16,0.04521620733592624,32,-0.060783792664073744,4,0,0
2873212765,2016-04-28,0.4321308956834919,0.0048691043165081105,32,0.0518691043165081,16,0.0048691043165081105,32,-0.08113089568349191,4,0,1
2873212765,2016-04-29,0.416797519890362,0.02120248010963799,34,-0.04979751989036202,17,0.02120248010963799,34,0.037202480109638,4,1,1
2873212765,2016-04-29,0.464055516327672,-0.020055516327671996,34,0.05094448367232801,17,-0.020055516327671996,34,0.01594448367232798,4,1,0
2873212765,2016-04-30,0.4183730658022497,0.022626934197750304,36,-0.023373065802249682,18,0.022626934197750304,36,0.25862693419775035,4,0,1
2873212765,2016-04-30,0.4656670645711223,-0.01866706457112227,36,0.027332935428877714,18,-0.01866706457112227,36,0.23733293542887768,4,0,0
2873212765,2016-05-01,0.35693899586879696,0.08006100413120304,38,0.051061004131203014,19,0.08006100413120304,38,-0.04793899586879696,4,0,0
2873212765,2016-05-01,0.4020893016353423,0.039910698364657715,38,0.05691069836465773,19,0.039910698364657715,38,-0.06808930163534227,4,0,0
2873212765,2016-05-02,0.45298473425234786,-0.024984734252347873,40,-0.04198473425234789,20,-0.024984734252347873,40,-0.20098473425234786,4,0,0
2873212765,2016-05-02,0.5008223044085411,-0.06782230440854115,40,-0.04082230440854112,20,-0.06782230440854115,40,-0.22282230440854112,4,0,1
2873212765,2016-05-03,0.41965951577576516,0.008340484224234834,42,-0.031659515775765146,21,0.008340484224234834,42,0.1343404842242349,6,1,0
2873212765,2016-05-03,0.46698217907968664,-0.03398217907968665,42,0.0070178209203133335,21,-0.03398217907968665,42,0.10901782092031331,6,1,0
2873212765,2016-05-04,0.4409427283824259,-0.028942728382425897,44,-0.06294272838242587,22,-0.028942728382425897,44,-0.05894272838242587,6,0,0
2873212765,2016-05-04,0.48864459861887977,-0.07164459861887978,44,-0.027644598618879745,22,-0.07164459861887978,44,-0.08464459861887974,6,0,1
2873212765,2016-05-05,0.38578379266407375,0.02421620733592622,46,-0.030783792664073772,23,0.02421620733592622,46,-0.02878379266407377,6,1,0
2873212765,2016-05-05,0.4321308956834919,-0.01713089568349191,46,0.037869104316508084,23,-0.01713089568349191,46,-0.054130895683491886,6,1,1
2873212765,2016-05-06,0.416797519890362,0.00020248010963797025,48,-0.06879751989036204,24,0.00020248010963797025,48,0.04520248010963801,6,1,0
2873212765,2016-05-06,0.464055516327672,-0.043055516327672017,48,0.029944483672327993,24,-0.043055516327672017,48,0.019944483672327984,6,1,0
2873212765,2016-05-07,0.4183730658022497,-0.016373065802249676,50,-0.08237306580224968,25,-0.016373065802249676,50,0.22662693419775032,6,0,1
2873212765,2016-05-07,0.4656670645711223,-0.05966706457112225,50,0.0123329354288777,25,-0.05966706457112225,50,0.20033293542887776,6,0,0
2873212765,2016-05-08,0.35693899586879696,0.04306100413120306,52,-0.008938995868796984,26,0.04306100413120306,52,-0.10393899586879696,6,0,1
2873212765,2016-05-08,0.4020893016353423,0.001910698364657737,52,0.049910698364657724,26,0.001910698364657737,52,-0.12808930163534227,6,0,1
2873212765,2016-05-09,0.45298473425234786,-0.024984734252347873,54,-0.06998473425234786,27,-0.024984734252347873,54,-0.15598473425234788,6,2,0
2873212765,2016-05-09,0.5008223044085411,-0.06882230440854115,54,-0.015822304408541155,27,-0.06882230440854115,54,-0.18182230440854114,6,2,1
2873212765,2016-05-10,0.41965951577576516,0.008340484224234834,56,-0.052659515775765164,28,0.008340484224234834,56,0.049340484224234815,8,1,0
2873212765,2016-05-10,0.46698217907968664,-0.03498217907968665,56,0.028017820920313352,28,-0.03498217907968665,56,0.020017820920313345,8,1,1
2873212765,2016-05-11,0.4409427283824259,-0.00894272838242588,58,-0.08194272838242589,29,-0.00894272838242588,58,-0.04094272838242585,8,1,0
2873212765,2016-05-11,0.48864459861887977,-0.05264459861887977,58,0.024355401381120245,29,-0.05264459861887977,58,-0.06964459861887978,8,1,0
2873212765,2016-05-12,0.38578379266407375,0.028216207335926224,60,-0.04478379266407373,30,0.028216207335926224,60,-0.006783792664073751,8,0,0
2873212765,2016-05-12,0.4321308956834919,-0.014130895683491906,60,0.0578691043165081,30,-0.014130895683491906,60,-0.03513089568349187,8,0,0
3372868164,2016-04-12,0.42766210575787916,0.0,0,0.0,0,0.0,0,0.0,0,0,0
3372868164,2016-04-12,0.4732954607210167,0.0,0,0.0,0,0.0,0,0.0,0,0,0
3372868164,2016-04-13,0.43100016011576,-0.12300016011575998,2,-0.07200016011575999,1,-0.12300016011575998,2,-1.6011575998398087e-07,0,0,1
3372868164,2016-04-13,0.4766930379883664,-0.13669303798836635,2,-0.07969303798836636,1,-0.13669303798836635,2,0.0003069620116336047,0,0,1
3372868164,2016-04-14,0.388062098034364,0.04993790196563602,4,0.031937901965636006,2,0.04993790196563602,4,-6.209803436396655e-05,0,2,0
3372868164,2016-04-14,0.43266426268682223,0.03033573731317779,4,0.01933573731317778,2,0.03033573731317779,4,0.0003357373131777641,0,2,0
3372868164,2016-04-15,0.4219017497379357,-0.047901749737935706,6,-0.03290174973793569,3,-0.047901749737935706,6,9.825026206428111e-05,0,0,0
3372868164,2016-04-15,0.4674224321956796,-0.07342243219567957,6,-0.0504224321956796,3,-0.07342243219567957,6,-0.00042243219567955625,0,0,1
3372868164,2016-04-16,0.4347052931966123,-0.036705293196612254,8,-0.0817052931966123,4,-0.036705293196612254,8,0.00029470680338772315,0,1,0
3372868164,2016-04-16,0.48045929410873844,-0.06445929410873846,8,0.008540705891261546,4,-0.06445929410873846,8,-0.00045929410873846166,0,1,0
3372868164,2016-04-17,0.3629004167973721,-0.04190041679737211,10,-0.08190041679737209,5,-0.04190041679737211,10,9.958320262787312e-05,0,0,0
3372868164,2016-04-17,0.4065318474233333,-0.0705318474233333,10,-0.0035318474233332897,5,-0.0705318474233333,10,0.0004681525766666583,0,0,1
3372868164,2016-04-18,0.4469738677273612,-0.0799738677273612,12,-0.1529738677273612,6,-0.0799738677273612,12,2.613227263881246e-05,0,1,0
3372868164,2016-04-18,0.492893255349292,-0.11289325534929201,12,0.004106744650707983,6,-0.11289325534929201,12,0.00010674465070797945,0,1,1
3372868164,2016-04-19,0.42766210575787916,-0.05166210575787916,14,-0.16566210575787915,7,-0.05166210575787916,14,-0.12266210575787917,2,1,0
3372868164,2016-04-19,0.4732954607210167,-0.08529546072101668,14,0.057704539278983336,7,-0.08529546072101668,14,-0.13529546072101667,2,1,0
3372868164,2016-04-20,0.43100016011576,-0.09000016011575995,16,-0.18800016011575998,8,-0.09000016011575995,16,0.16299983988424,2,0,1
3372868164,2016-04-20,0.4766930379883664,-0.1246930379883664,16,0.014306962011633617,8,-0.1246930379883664,16,0.14930696201163363,2,0,0
3372868164,2016-04-21,0.388062098034364,-0.043062098034364005,18,-0.10706209803436395,9,-0.043062098034364005,18,-0.11106209803436395,2,0,0
3372868164,2016-04-21,0.43266426268682223,-0.07766426268682225,18,0.00733573731317777,9,-0.07766426268682225,18,-0.12366426268682223,2,0,1
3372868164,2016-04-22,0.4219017497379357,-0.057901749737935715,20,-0.14790174973793568,10,-0.057901749737935715,20,0.0220982502620643,2,1,0
3372868164,2016-04-22,0.4674224321956796,-0.09442243219567958,20,0.021577567804320408,10,-0.09442243219567958,20,0.009577567804320397,2,1,0
3372868164,2016-04-23,0.4347052931966123,-0.09470529319661225,22,-0.17370529319661226,11,-0.09470529319661225,22,-0.12370529319661228,2,0,0
3372868164,2016-04-23,0.48045929410873844,-0.13245929410873847,22,-0.01745929410873842,11,-0.13245929410873847,22,-0.13745929410873842,2,0,1
3372868164,2016-04-24,0.3629004167973721,-0.024900416797372094,24,-0.1389004167973721,12,-0.024900416797372094,24,0.03909958320262791,2,1,0
3372868164,2016-04-24,0.4065318474233333,-0.06053184742333334,24,0.06646815257666666,12,-0.06053184742333334,24,0.02646815257666668,2,1,0
3372868164,2016-04-25,0.4469738677273612,-0.11697386772736118,26,-0.2119738677273612,13,-0.11697386772736118,26,0.015026132272638826,2,0,0
3372868164,2016-04-25,0.492893255349292,-0.154893255349292,26,-0.02289325534929204,13,-0.154893255349292,26,0.0021067446507079812,2,0,1
3372868164,2016-04-26,0.42766210575787916,-0.08966210575787914,28,-0.20966210575787916,14,-0.08966210575787914,28,-0.18966210575787917,4,1,0
3372868164,2016-04-26,0.4732954607210167,-0.12929546072101672,28,0.019704539278983302,14,-0.12929546072101672,28,-0.21029546072101668,4,1,1
3372868164,2016-04-27,0.43100016011576,-0.08400016011576,30,-0.22300016011576,15,-0.08400016011576,30,0.14199983988423998,4,1,1
3372868164,2016-04-27,0.4766930379883664,-0.1226930379883664,30,0.04230696201163364,15,-0.1226930379883664,30,0.1213069620116336,4,1,1
3372868164,2016-04-28,0.388062098034364,-0.011062098034363976,32,-0.153062098034364,16,-0.011062098034363976,32,-0.061062098034363965,4,3,0
3372868164,2016-04-28,0.43266426268682223,-0.049664262686822225,32,0.0993357373131778,16,-0.049664262686822225,32,-0.08166426268682225,4,3,0
3372868164,2016-04-29,0.4219017497379357,-0.05990174973793572,34,-0.1899017497379357,17,-0.05990174973793572,34,-0.07590174973793573,4,0,0
3372868164,2016-04-29,0.4674224321956796,-0.09942243219567959,34,0.04757756780432043,17,-0.09942243219567959,34,-0.09642243219567959,4,0,0
3372868164,2016-04-30,0.4347052931966123,-0.0887052931966123,36,-0.20970529319661227,18,-0.0887052931966123,36,-0.0817052931966123,4,0,0
3372868164,2016-04-30,0.48045929410873844,-0.12945929410873847,36,0.015540705891261553,18,-0.12945929410873847,36,-0.10245929410873844,4,0,0
3372868164,2016-05-01,0.3629004167973721,-0.04190041679737211,38,-0.1619004167973721,19,-0.04190041679737211,38,-0.049900416797372116,4,0,0
3372868164,2016-05-01,0.4065318474233333,-0.0805318474233333,38,0.053468152576666705,19,-0.0805318474233333,38,-0.06953184742333329,4,0,0
3977333714,2016-04-12,0.40111219681721594,0.0,0,0.0,0,0.0,0,0.0,0,0,1
3977333714,2016-04-12,0.6133593068230254,0.0,0,0.0,0,0.0,0,0.0,0,0,0
3977333714,2016-04-12,0.45903518267240967,0.0,0,0.0,0,0.0,0,0.0,0,0,1
3977333714,2016-04-13,0.4240652242299797,0.09093477577002029,3,0.0959347757700203,1,0.16493477577002025,2,-6.522422997973232e-05,0,1,1
3977333714,2016-04-13,0.6355684465509966,0.011431553449003373,3,-0.10556844655099662,1,-0.10556844655099662,1,0.00043155344900336345,0,1,0
3977333714,2016-04-13,0.4826316316270733,0.06936836837292676,3,0.08636836837292666,1,0.14736836837292672,2,0.00036836837292669733,0,1,1
3977333714,2016-04-14,0.3747028803902467,0.15929711960975335,6,0.17829711960975336,2,0.27829711960975334,4,0.00029711960975331575,0,1,0
3977333714,2016-04-14,0.5866647793995157,0.04333522060048434,6,-0.16766477939951568,2,-0.16766477939951568,2,0.00033522060048429836,0,1,0
3977333714,2016-04-14,0.4315603403945434,0.12843965960545667,6,0.1624396596054566,2,0.25243965960545667,4,0.0004396596054566104,0,1,1
3977333714,2016-04-15,0.4065867103298976,0.09541328967010237,9,0.09741328967010238,3,0.23241328967010239,6,0.00041328967010234585,0,1,1
3977333714,2016-04-15,0.6187378058960642,-0.04073780589606424,9,-0.2317378058960642,3,-0.2317378058960642,3,0.0002621941039357978,0,1,1
3977333714,2016-04-15,0.4646868460192538,0.05831315398074621,9,0.20031315398074623,3,0.20131315398074623,6,0.0003131539807462169,0,1,0
3977333714,2016-04-16,0.40425532874142245,0.12674467125857758,12,0.1537446712585776,4,0.21274467125857754,8,-0.00025532874142242257,0,0,1
3977333714,2016-04-16,0.6164536564431213,-0.023453656443121362,12,-0.16245365644312132,4,-0.16245365644312132,4,-0.0004536564431213419,0,0,0
3977333714,2016-04-16,0.4622818459409448,0.08571815405905525,12,0.12771815405905518,4,0.17671815405905522,8,-0.00028184594094476934,0,0,1
3977333714,2016-04-17,0.3350813785839944,0.19891862141600564,15,0.23291862141600556,5,0.3099186214160056,10,-8.13785839943737e-05,0,1,1
3977333714,2016-04-17,0.5441340775080463,0.041865922491953644,15,-0.17213407750804632,5,-0.17213407750804632,5,-0.00013407750804628193,0,1,0
3977333714,2016-04-17,0.38967333868309145,0.1573266613169086,15,0.20532666131690852,5,0.2733266613169086,10,0.0003266613169085608,0,1,0
3977333714,2016-04-18,0.4226238595365849,0.10437614046341515,18,0.22437614046341514,6,0.23137614046341515,12,0.00037614046341510887,0,0,1
3977333714,2016-04-18,0.6341998083932142,-0.06119980839321426,18,-0.2551998083932142,6,-0.2551998083932142,6,-0.00019980839321420696,0,0,0
3977333714,2016-04-18,0.4811575086843893,0.057842491315610756,18,0.10084249131561068,6,0.18984249131561076,12,-0.00015750868438929588,0,0,1
3977333714,2016-04-19,0.40111219681721594,0.1378878031827841,21,0.2658878031827841,7,0.2838878031827841,14,0.09988780318278406,3,1,1
3977333714,2016-04-19,0.6133593068230254,-0.03435930682302546,21,-0.2743593068230254,7,-0.2743593068230254,7,0.01964069317697459,3,1,0
3977333714,2016-04-19,0.45903518267240967,0.09096481732759037,21,0.14896481732759032,7,0.24096481732759029,14,0.07796481732759036,3,1,1
3977333714,2016-04-20,0.4240652242299797,0.13193477577002033,24,0.27793477577002024,8,0.29593477577002025,16,0.09093477577002029,3,2,1
3977333714,2016-04-20,0.6355684465509966,-0.043568446550996676,24,-0.31456844655099664,8,-0.31456844655099664,8,0.011431553449003373,3,2,0
3977333714,2016-04-20,0.4826316316270733,0.08336836837292666,24,0.16436836837292673,8,0.2513683683729267,16,0.06936836837292676,3,2,1
3977333714,2016-04-21,0.3747028803902467,0.18429711960975337,27,0.3302971196097533,9,0.3592971196097533,18,-0.0157028803902467,3,1,0
3977333714,2016-04-21,0.5866647793995157,0.005335220600484303,27,-0.30566477939951564,9,-0.30566477939951564,9,-0.09466477939951567,3,1,0
3977333714,2016-04-21,0.4315603403945434,0.13543965960545656,27,0.22243965960545664,9,0.3144396596054566,18,-0.03656034039454337,3,1,0
3977333714,2016-04-22,0.4065867103298976,0.10841328967010239,30,0.2624132896701024,10,0.2744132896701024,20,0.09741328967010238,3,0,0
3977333714,2016-04-22,0.6187378058960642,-0.07273780589606416,30,-0.3457378058960642,10,-0.3457378058960642,10,0.018262194103935814,3,0,0
3977333714,2016-04-22,0.4646868460192538,0.059313153980746214,30,0.1573131539807462,10,0.22831315398074614,20,0.07531315398074623,3,0,0
3977333714,2016-04-23,0.40425532874142245,0.06974467125857753,33,0.22174467125857755,11,0.22574467125857756,22,0.09874467125857755,3,0,1
3977333714,2016-04-23,0.6164536564431213,-0.11445365644312133,33,-0.36145365644312133,11,-0.36145365644312133,11,0.018546343556878675,3,0,0
3977333714,2016-04-23,0.4622818459409448,0.019718154059055193,33,0.11971815405905517,11,0.17871815405905522,22,0.07671815405905524,3,0,1
3977333714,2016-04-24,0.3350813785839944,0.1449186214160056,36,0.2929186214160056,12,0.3089186214160056,24,-0.0010813785839943746,3,2,1
3977333714,2016-04-24,0.5441340775080463,-0.03913407750804632,36,-0.32513407750804635,12,-0.32513407750804635,12,-0.0791340775080463,3,2,0
3977333714,2016-04-24,0.38967333868309145,0.09732666131690854,36,0.1953266613169085,12,0.2633266613169086,24,-0.020673338683091458,3,2,1
3977333714,2016-04-25,0.4226238595365849,0.08037614046341512,39,0.25037614046341516,13,0.25837614046341517,26,0.09137614046341513,3,2,1
3977333714,2016-04-25,0.6341998083932142,-0.10719980839321419,39,-0.40219980839321423,13,-0.40219980839321423,13,0.011800191606785804,3,2,0
3977333714,2016-04-25,0.4811575086843893,0.02784249131561073,39,0.15284249131561073,13,0.20984249131561067,26,0.06984249131561077,3,2,1
3977333714,2016-04-26,0.40111219681721594,0.10988780318278407,42,0.2838878031827841,14,0.295887803182784,28,0.1448878031827841,6,2,1
3977333714,2016-04-26,0.6133593068230254,-0.08035930682302539,42,-0.39935930682302545,14,-0.39935930682302545,14,0.028640693176974596,6,2,0
3977333714,2016-04-26,0.45903518267240967,0.057964817327590346,42,0.18796481732759035,14,0.2469648173275903,28,0.11296481732759028,6,2,0
3977333714,2016-04-27,0.4240652242299797,0.07793477577002028,45,0.28193477577002024,15,0.2649347757700202,30,0.13193477577002033,6,0,0
3977333714,2016-04-27,0.6355684465509966,-0.11156844655099662,45,-0.4265684465509967,15,-0.4265684465509967,15,0.01743155344900338,6,0,0
3977333714,2016-04-27,0.4826316316270733,0.02536836837292672,45,0.1383683683729267,15,0.21536836837292667,30,0.10036836837292668,6,0,0
3977333714,2016-04-28,0.3747028803902467,0.09429711960975329,48,0.28629711960975335,16,0.27029711960975333,32,-0.11370288039024667,6,0,0
3977333714,2016-04-28,0.5866647793995157,-0.09766477939951568,48,-0.39966477939951567,16,-0.39966477939951567,16,-0.22866477939951568,6,0,0
3977333714,2016-04-28,0.4315603403945434,0.04343965960545659,48,0.14743965960545657,16,0.22143965960545664,32,-0.1445603403945434,6,0,0
3977333714,2016-04-29,0.4065867103298976,0.04041328967010238,51,0.23141328967010238,17,0.20941328967010236,34,-0.039586710329897634,6,0,1
3977333714,2016-04-29,0.6187378058960642,-0.15273780589606417,51,-0.4327378058960642,17,-0.4327378058960642,17,-0.15573780589606417,6,0,0
3977333714,2016-04-29,0.4646868460192538,-0.012686846019253795,51,0.09531315398074625,17,0.1593131539807462,34,-0.07168684601925379,6,0,0
3977333714,2016-04-30,0.40425532874142245,0.036744671258577555,54,0.24874467125857758,18,0.20574467125857754,36,0.1427446712585776,6,0,1
3977333714,2016-04-30,0.6164536564431213,-0.15745365644312131,54,-0.43945365644312134,18,-0.43945365644312134,18,0.027546343556878683,6,0,0
3977333714,2016-04-30,0.4622818459409448,-0.016281845940944784,54,0.07271815405905524,18,0.1547181540590552,36,0.11171815405905516,6,0,1
3977333714,2016-05-01,0.3350813785839944,0.11091862141600561,57,0.31791862141600563,19,0.2849186214160056,38,0.0899186214160056,6,2,1
3977333714,2016-05-01,0.5441340775080463,-0.0811340775080463,57,-0.3891340775080463,19,-0.3891340775080463,19,-0.024134077508046303,6,2,0
3977333714,2016-05-01,0.38967333868309145,0.06132666131690856,57,0.15032666131690858,19,0.23732666131690855,38,0.06032666131690856,6,2,1
3977333714,2016-05-02,0.4226238595365849,0.040376140463415144,60,0.2623761404634152,20,0.22437614046341514,40,0.13337614046341517,6,2,1
3977333714,2016-05-02,0.6341998083932142,-0.15419980839321423,60,-0.4671998083932142,20,-0.4671998083932142,20,0.01780019160678581,6,2,0
3977333714,2016-05-02,0.4811575086843893,-0.013157508684389252,60,0.09484249131561068,20,0.17184249131561075,40,0.10084249131561068,6,2,1
3977333714,2016-05-03,0.40111219681721594,0.06988780318278404,63,0.291887803182784,21,0.2588878031827841,42,0.09888780318278406,9,2,1
3977333714,2016-05-03,0.6133593068230254,-0.12735930682302543,63,-0.4573593068230254,21,-0.4573593068230254,21,-0.03735930682302546,9,2,0
3977333714,2016-05-03,0.45903518267240967,0.015964817327590308,63,0.1289648173275903,21,0.20696481732759037,42,0.06196481732759035,9,2,1
3977333714,2016-05-04,0.4240652242299797,0.05693477577002026,66,0.28393477577002024,22,0.2519347757700203,44,0.01293477577002028,9,2,1
3977333714,2016-05-04,0.6355684465509966,-0.14056844655099665,66,-0.4805684465509966,22,-0.4805684465509966,22,-0.12256844655099663,9,2,0
3977333714,2016-05-04,0.4826316316270733,0.002368368372926699,66,0.1253683683729267,22,0.19936836837292676,44,-0.02463163162707327,9,2,1
3977333714,2016-05-05,0.3747028803902467,0.1102971196097533,69,0.3352971196097533,23,0.30929711960975337,46,-0.1697028803902467,9,2,1
3977333714,2016-05-05,0.5866647793995157,-0.08766477939951567,69,-0.44666477939951565,23,-0.44666477939951565,23,-0.30566477939951564,9,2,0
3977333714,2016-05-05,0.4315603403945434,0.057439659605456606,69,0.1814396596054566,23,0.25743965960545656,46,-0.20556034039454338,9,2,1
3977333714,2016-05-06,0.4065867103298976,0.08741328967010237,72,0.31841328967010235,24,0.2924132896701023,48,-0.04758671032989764,9,2,1
3977333714,2016-05-06,0.6187378058960642,-0.11073780589606419,72,-0.4777378058960642,24,-0.4777378058960642,24,-0.1837378058960642,9,2,0
3977333714,2016-05-06,0.4646868460192538,0.03331315398074619,72,0.1673131539807462,24,0.23931315398074615,48,-0.0846868460192538,9,2,0
3977333714,2016-05-07,0.40425532874142245,0.08374467125857754,75,0.32974467125857754,25,0.2867446712585775,50,0.1687446712585775,9,0,1
3977333714,2016-05-07,0.6164536564431213,-0.11545365644312133,75,-0.4804536564431213,25,-0.4804536564431213,25,0.03254634355687869,9,0,0
3977333714,2016-05-07,0.4622818459409448,0.0287181540590552,75,0.1477181540590552,25,0.23471815405905516,50,0.13171815405905518,9,0,1
3977333714,2016-05-08,0.3350813785839944,0.1549186214160056,78,0.3959186214160056,26,0.36091862141600556,52,0.14191862141600559,9,2,1
3977333714,2016-05-08,0.5441340775080463,-0.04113407750804632,78,-0.4241340775080463,26,-0.4241340775080463,26,0.006865922491953724,9,2,0
3977333714,2016-05-08,0.38967333868309145,0.10332666131690854,78,0.22132666131690854,26,0.3113266613169085,52,0.10632666131690854,9,2,1
3977333714,2016-05-09,0.4226238595365849,0.07837614046341512,81,0.3313761404634151,27,0.2913761404634151,54,0.15737614046341508,9,2,1
3977333714,2016-05-09,0.4811575086843893,0.023842491315610725,81,0.15684249131561073,27,0.2378424913156107,54,0.1188424913156107,9,2,1
3977333714,2016-05-10,0.40111219681721594,0.10988780318278407,83,0.35688780318278407,28,0.31988780318278404,56,0.1288878031827841,12,4,1
3977333714,2016-05-10,0.6133593068230254,-0.0903593068230254,83,-0.4863593068230254,27,-0.4863593068230254,27,-0.021359306823025448,12,4,0
3977333714,2016-05-10,0.45903518267240967,0.055964817327590344,83,0.18596481732759035,28,0.2669648173275903,56,0.08796481732759037,12,4,1
3977333714,2016-05-11,0.4240652242299797,0.0939347757700203,86,0.3439347757700203,29,0.30793477577002026,58,0.05393477577002026,12,2,0
3977333714,2016-05-11,0.4826316316270733,0.03836836837292673,86,0.17636836837292674,29,0.2543683683729267,58,0.012368368372926708,12,2,0
4020332650,2016-04-12,0.42276908920135386,0.0,0,0.0,0,0.0,0,0.0,0,0,1
4020332650,2016-04-12,0.5769850715498535,0.0,0,0.0,0,0.0,0,0.0,0,0,1
4020332650,2016-04-12,0.4776806411714148,0.0,0,0.0,0,0.0,0,0.0,0,0,0
4020332650,2016-04-14,0.382344865070886,0.10665513492911399,3,0.10265513492911399,1,0.03365513492911398,2,-0.0003448650708859913,0,0,0
4020332650,2016-04-14,0.43597151520590166,0.08602848479409836,3,-0.07297151520590167,1,0.018028484794098354,2,2.848479409833793e-05,0,0,0
4020332650,2016-04-15,0.416732596064104,-0.008732596064104037,5,0.024267403935895993,2,-0.07373259606410398,4,0.0002674039358959712,0,0,0
4020332650,2016-04-15,0.47150053448947704,-0.03550053448947704,5,-0.13450053448947702,2,-0.09850053448947704,4,0.000499465510522934,0,0,0
4020332650,2016-04-16,0.4268015594804398,-0.08180155948043982,7,-0.03480155948043978,3,-0.14180155948043982,6,0.0001984405195601946,0,0,1
4020332650,2016-04-16,0.481799702401774,-0.114799702401774,7,-0.180799702401774,3,-0.171799702401774,6,0.0002002975982259847,0,0,0
4020332650,2016-04-17,0.3616576656489137,-0.01865766564891369,9,0.06134233435108627,4,-0.06865766564891373,8,0.00034233435108627086,0,0,0
4020332650,2016-04-17,0.41432916065136155,-0.05232916065136156,9,-0.18432916065136154,4,-0.10132916065136155,8,-0.0003291606513615708,0,0,0
4020332650,2016-04-18,0.453684220625221,-0.124684220625221,11,-0.026684220625221022,5,-0.16868422062522104,10,0.00031577937477900164,0,0,0
4020332650,2016-04-18,0.5090699249078524,-0.16206992490785244,11,-0.2540699249078524,5,-0.20606992490785242,10,-6.992490785240335e-05,0,0,0
4020332650,2016-05-02,0.453684220625221,-0.16068422062522103,13,-0.065684220625221,6,-0.202684220625221,12,-0.129684220625221,2,0,0
4020332650,2016-05-02,0.5090699249078524,-0.20106992490785242,13,-0.27806992490785243,6,-0.2420699249078524,12,-0.14506992490785242,2,0,0
4020332650,2016-05-03,0.42276908920135386,-0.16676908920135386,15,-0.07976908920135384,7,-0.20576908920135387,14,0.09123091079864615,3,0,0
4020332650,2016-05-03,0.5769850715498535,-0.2829850715498535,15,0.07001492845014656,1,0.07001492845014656,1,0.03401492845014653,3,0,0
4020332650,2016-05-03,0.4776806411714148,-0.20868064117141477,15,-0.2786806411714148,7,-0.24668064117141478,14,0.07131935882858526,3,0,0
4020332650,2016-05-04,0.4319288957040575,-0.2079288957040575,18,-0.11192889570405751,8,-0.2339288957040575,16,7.110429594248124e-05,0,0,1
4020332650,2016-05-04,0.5860935768831342,-0.32809357688313423,18,-0.025093576883134183,2,-0.025093576883134183,2,-9.357688313427204e-05,0,0,1
4020332650,2016-05-04,0.48702636746582956,-0.25102636746582957,18,-0.30002636746582956,8,-0.27602636746582954,16,-2.6367465829568726e-05,0,0,1
4020332650,2016-05-05,0.382344865070886,-0.078344865070886,21,-0.03134486507088602,9,-0.125344865070886,18,-0.10934486507088598,2,3,1
4020332650,2016-05-05,0.5354946646565738,-0.20149466465657379,21,0.04950533534342616,3,0.04950533534342616,3,-0.1534946646565738,2,3,0
4020332650,2016-05-05,0.43597151520590166,-0.12097151520590166,21,-0.20897151520590165,9,-0.16697151520590164,18,-0.12497151520590166,2,3,1
4020332650,2016-05-06,0.416732596064104,-0.06873259606410403,24,-0.010732596064103983,10,-0.093732596064104,20,-0.11873259606410402,2,1,0
4020332650,2016-05-06,0.5709245213789953,-0.1969245213789953,24,-0.03192452137899526,4,-0.03192452137899526,4,-0.16292452137899532,2,1,1
4020332650,2016-05-06,0.47150053448947704,-0.11450053448947706,24,-0.18050053448947706,10,-0.13750053448947702,20,-0.13450053448947702,2,1,0
4020332650,2016-05-07,0.4268015594804398,-0.07880155948043982,27,-0.04380155948043979,11,-0.1258015594804398,22,0.021198440519560213,2,0,0
4020332650,2016-05-07,0.481799702401774,-0.12479970240177402,27,-0.20579970240177398,11,-0.170799702401774,22,0.005200297598225989,2,0,0
4020332650,2016-05-08,0.3616576656489137,-0.04365766564891371,29,-0.01965766564891369,12,-0.0926576656489137,24,-0.10365766564891371,2,0,0
4020332650,2016-05-08,0.5134089180645693,-0.17340891806456932,29,0.04359108193543071,5,0.04359108193543071,5,-0.14640891806456935,2,0,0
4020332650,2016-05-08,0.41432916065136155,-0.08832916065136154,29,-0.17432916065136156,12,-0.13632916065136153,24,-0.11832916065136156,2,0,0
4020332650,2016-05-09,0.453684220625221,-0.14868422062522102,32,-0.10568422062522104,13,-0.186684220625221,26,-0.201684220625221,4,0,0
4020332650,2016-05-09,0.5090699249078524,-0.1970699249078524,32,-0.2560699249078524,13,-0.2330699249078524,26,-0.22606992490785244,4,0,0
4020332650,2016-05-10,0.42276908920135386,-0.1377690892013539,34,-0.10076908920135386,14,-0.17676908920135387,28,-0.048769089201353866,6,0,0
4020332650,2016-05-10,0.5769850715498535,-0.27198507154985346,34,-0.041985071549853425,6,-0.041985071549853425,6,-0.13298507154985345,6,0,1
4020332650,2016-05-10,0.4776806411714148,-0.1856806411714148,34,-0.24668064117141478,14,-0.22368064117141478,28,-0.07868064117141477,6,0,0
4020332650,2016-05-11,0.4319288957040575,-0.14192889570405753,37,-0.12392889570405752,15,-0.1989288957040575,30,0.2130711042959425,3,0,0
4020332650,2016-05-11,0.48702636746582956,-0.19102636746582957,37,-0.2650263674658295,15,-0.24602636746582957,30,0.1919736325341705,3,0,0
4020332650,2016-05-12,0.382344865070886,-0.11134486507088598,39,-0.10034486507088602,16,-0.168344865070886,32,0.008655134929114017,5,0,0
4020332650,2016-05-12,0.43597151520590166,-0.15897151520590164,39,-0.23697151520590165,16,-0.21497151520590166,32,-0.017971515205901678,5,0,0
4057192912,2016-04-12,0.4193747944322065,0.0,0,0.0,0,0.0,0,0.0,0,0,0
4057192912,2016-04-12,0.4699150182988236,0.0,0,0.0,0,0.0,0,0.0,0,0,1
4057192912,2016-04-13,0.43720846786432144,0.01779153213567858,2,-0.07320846786432145,1,0.01779153213567858,2,-0.0002084678643214377,0,1,0
4057192912,2016-04-13,0.488091207906516,0.0029087920934839917,2,0.08490879209348395,1,0.0029087920934839917,2,-9.120790651601096e-05,0,1,0
4057192912,2016-04-15,0.4163686276659945,-0.07436862766599445,4,-0.11936862766599449,2,-0.07436862766599445,4,-0.00036862766599449204,0,0,0
4057192912,2016-04-15,0.46683785354947155,-0.09683785354947155,4,0.00916214645052843,2,-0.09683785354947155,4,0.00016214645052847754,0,0,0
4319703577,2016-04-13,0.4367443892978779,0.0,0,0.0,0,0.0,0,0.0,0,0,0
4319703577,2016-04-13,0.4831118592574214,0.0,0,0.0,0,0.0,0,0.0,0,0,1
4319703577,2016-04-14,0.38392779815256567,0.03307220184743431,2,-0.06392779815256566,1,0.03307220184743431,2,7.220184743433888e-05,0,1,0
4319703577,2016-04-14,0.5101773230648684,-0.003177323064868398,2,-0.00017732306486839544,0,-0.00017732306486839544,0,-0.00017732306486839544,0,1,1
4319703577,2016-04-14,0.4289583087901372,0.020041691209862822,2,0.09504169120986283,1,0.020041691209862822,2,4.169120986280417e-05,0,1,1
4319703577,2016-04-15,0.4159622556949727,0.09203774430502731,5,-0.11896225569497271,2,0.03703774430502732,4,3.774430502728743e-05,0,2,0
4319703577,2016-04-15,0.5434534746234088,0.028546525376591192,5,0.07654652537659123,1,0.07654652537659123,1,-0.0004534746234087228,0,2,1
4319703577,2016-04-15,0.46193282869090696,0.06906717130909307,5,0.15406717130909303,2,0.01706717130909302,4,6.717130909306146e-05,0,2,0
4319703577,2016-04-16,0.4325302255552652,0.041469774444734764,8,-0.1625302255552652,3,-0.05453022555526521,6,0.0004697744447347829,0,0,0
4319703577,2016-04-16,0.5602284591363885,-0.0372284591363885,8,0.12577154086361153,2,0.12577154086361153,2,-0.00022845913638847026,0,0,1
4319703577,2016-04-16,0.47883063561724715,0.013169364382752846,8,0.0701693643827529,3,-0.07983063561724713,6,0.0001693643827528346,0,0,0
4319703577,2016-04-17,0.36818390219257824,0.05981609780742175,11,-0.16318390219257825,4,-0.07318390219257825,8,-0.0001839021925782447,0,0,0
4319703577,2016-04-17,0.4126045484227385,0.028395451577261477,11,0.038395451577261486,4,-0.09960454842273853,8,0.00039545157726145197,0,0,0
4319703577,2016-04-18,0.4475467251289516,-0.04554672512895158,13,-0.2235467251289516,5,-0.16454672512895163,10,0.0004532748710484036,0,0,0
4319703577,2016-04-18,0.5751846853618389,-0.13718468536183887,13,0.15881531463816112,3,0.15881531463816112,3,-0.00018468536183890993,0,0,1
4319703577,2016-04-18,0.4940550939716093,-0.07905509397160931,13,-0.047055093971609285,5,-0.1960550939716093,10,-5.5093971609299075e-05,0,0,0
4319703577,2016-04-19,0.42926259160110397,-0.04126259160110396,16,-0.23426259160110396,6,-0.18526259160110398,12,-0.0002625916011039786,0,0,0
4319703577,2016-04-19,0.5569429291260068,-0.13894292912600686,16,0.19705707087399316,4,0.19705707087399316,4,5.707087399320354e-05,0,0,1
4319703577,2016-04-19,0.47550631585560027,-0.07650631585560025,16,-0.07750631585560025,6,-0.21750631585560026,12,0.0004936841443997086,0,0,0
4319703577,2016-04-20,0.4367443892978779,-0.05374438929787789,19,-0.2547443892978779,7,-0.2167443892978779,14,0.018255610702122116,2,0,1
4319703577,2016-04-20,0.5644492453508866,-0.1554492453508866,19,0.21755075464911344,5,0.21755075464911344,5,-0.018449245350886545,2,0,1
4319703577,2016-04-20,0.4831118592574214,-0.09111185925742138,19,-0.1151118592574214,7,-0.2511118592574214,14,0.004888140742578595,2,0,0
4319703577,2016-04-21,0.38392779815256567,0.020072201847434357,22,-0.15892779815256566,8,-0.14992779815256566,16,0.10607220184743432,3,0,0
4319703577,2016-04-21,0.4289583087901372,-0.01595830879013721,22,-0.10995830879013718,8,-0.1839583087901372,16,0.08904169120986283,3,0,0
4319703577,2016-04-22,0.4159622556949727,-0.03396225569497269,24,-0.1959622556949727,9,-0.1949622556949727,18,-0.030962255694972685,3,0,0
4319703577,2016-04-22,0.5434534746234088,-0.13945347462340874,24,0.24854652537659128,6,0.24854652537659128,6,-0.07845347462340874,3,0,1
4319703577,2016-04-22,0.46193282869090696,-0.07193282869090695,24,-0.15393282869090696,9,-0.23093282869090695,18,-0.04793282869090698,3,0,0
4319703577,2016-04-23,0.4325302255552652,-0.05253022555526521,27,-0.22153022555526522,10,-0.22553022555526522,20,-0.037530225555265195,3,0,0
4319703577,2016-04-23,0.5602284591363885,-0.1602284591363885,27,0.2567715408636114,7,0.2567715408636114,7,-0.08522845913638855,3,0,1
4319703577,2016-04-23,0.47883063561724715,-0.09183063561724714,27,-0.18583063561724716,10,-0.2628306356172472,20,-0.05483063561724716,3,0,0
4319703577,2016-04-24,0.36818390219257824,-0.0011839021925782456,30,-0.19018390219257825,11,-0.18918390219257825,22,-0.10518390219257823,2,0,0
4319703577,2016-04-24,0.49340257147058175,-0.10840257147058174,30,0.3115974285294183,8,0.3115974285294183,8,-0.14140257147058177,2,0,1
4319703577,2016-04-24,0.4126045484227385,-0.03960454842273853,30,-0.15860454842273852,11,-0.22460454842273853,22,-0.11760454842273854,2,0,0
4319703577,2016-04-25,0.4475467251289516,-0.0725467251289516,33,-0.2575467251289516,12,-0.2665467251289516,24,-0.04254672512895158,3,0,0
4319703577,2016-04-25,0.5751846853618389,-0.18418468536183885,33,0.2728153146381611,9,0.2728153146381611,9,-0.09118468536183888,3,0,1
4319703577,2016-04-25,0.4940550939716093,-0.11305509397160929,33,-0.23105509397160928,12,-0.3050550939716093,24,-0.0600550939716093,3,0,1
4319703577,2016-04-26,0.42926259160110397,-0.035262591601103954,36,-0.254262591601104,13,-0.23126259160110396,26,-0.036262591601103955,3,1,0
4319703577,2016-04-26,0.5569429291260068,-0.14794292912600687,36,0.29505707087399313,10,0.29505707087399313,10,-0.08394292912600687,3,1,1
4319703577,2016-04-26,0.47550631585560027,-0.07650631585560025,36,-0.17650631585560028,13,-0.26950631585560025,26,-0.053506315855600284,3,1,0
4319703577,2016-04-27,0.4367443892978779,-0.045744389297877885,39,-0.2687443892978779,14,-0.2497443892978779,28,0.08125561070212212,5,0,0
4319703577,2016-04-27,0.5644492453508866,-0.15944924535088656,39,0.2995507546491134,11,0.2995507546491134,11,0.017550754649113376,5,0,0
4319703577,2016-04-27,0.4831118592574214,-0.08711185925742138,39,-0.19811185925742142,14,-0.2891118592574214,28,0.05888814074257864,5,0,1
4319703577,2016-04-28,0.38392779815256567,-0.0029277981525656638,42,-0.23792779815256568,15,-0.18592779815256566,30,0.008072201847434346,5,1,1
4319703577,2016-04-28,0.5101773230648684,-0.11517732306486839,42,0.28682267693513164,12,0.28682267693513164,12,-0.05517732306486839,5,1,1
4319703577,2016-04-28,0.4289583087901372,-0.04295830879013718,42,-0.1219583087901372,15,-0.2249583087901372,30,-0.01495830879013721,5,1,1
4319703577,2016-04-29,0.4159622556949727,0.006037744305027293,45,-0.2219622556949727,16,-0.1709622556949727,32,-0.0449622556949727,6,4,0
4319703577,2016-04-29,0.5434534746234088,-0.10945347462340876,45,0.2745465253765912,13,0.2745465253765912,13,-0.11445347462340877,6,4,1
4319703577,2016-04-29,0.46193282869090696,-0.03593282869090697,45,-0.11393282869090698,16,-0.20993282869090696,32,-0.06993282869090695,6,4,1
4319703577,2016-04-30,0.4325302255552652,0.0044697744447347865,48,-0.2435302255552652,17,-0.1715302255552652,34,-0.05453022555526521,6,1,1
4319703577,2016-04-30,0.5602284591363885,-0.11122845913638851,48,0.27177154086361144,14,0.27177154086361144,14,-0.12422845913638852,6,1,1
4319703577,2016-04-30,0.47883063561724715,-0.037830635617247144,48,-0.09683063561724714,17,-0.21183063561724713,34,-0.07983063561724713,6,1,1
4319703577,2016-05-01,0.36818390219257824,0.09281609780742178,51,-0.15818390219257825,18,-0.07918390219257826,36,-0.08418390219257826,5,5,0
4319703577,2016-05-01,0.49340257147058175,-0.020402571470581776,51,0.3295974285294182,15,0.3295974285294182,15,-0.14640257147058178,5,5,1
4319703577,2016-05-01,0.4126045484227385,0.0523954515772615,51,-0.01860454842273851,18,-0.11860454842273854,36,-0.10660454842273853,5,5,0
4319703577,2016-05-02,0.4475467251289516,0.014453274871048416,54,-0.2295467251289516,19,-0.16254672512895163,38,0.028453274871048373,6,0,0
4319703577,2016-05-02,0.5751846853618389,-0.10318468536183889,54,0.2758153146381611,16,0.2758153146381611,16,-0.041184685361838835,6,0,1
4319703577,2016-05-02,0.4940550939716093,-0.02805509397160927,54,-0.09905509397160928,19,-0.2040550939716093,38,0.0029449060283907036,6,0,1
4319703577,2016-05-03,0.42926259160110397,0.040737408398896,57,-0.22326259160110398,20,-0.137262591601104,40,-0.05226259160110397,6,1,0
4319703577,2016-05-03,0.5569429291260068,-0.07694292912600686,57,0.29705707087399313,17,0.29705707087399313,17,-0.12194292912600685,6,1,1
4319703577,2016-05-03,0.47550631585560027,-0.0015063158556002931,57,-0.06050631585560029,20,-0.17850631585560028,40,-0.07750631585560025,6,1,0
4319703577,2016-05-04,0.4367443892978779,0.027255610702122124,60,-0.2377443892978779,21,-0.15574438929787787,42,0.03925561070212208,8,0,1
4319703577,2016-05-04,0.4831118592574214,-0.015111859257421367,60,-0.08211185925742137,21,-0.19811185925742142,42,0.0108881407425786,8,0,1
4319703577,2016-05-05,0.38392779815256567,0.09207220184743431,62,-0.16492779815256567,22,-0.07992779815256568,44,0.14807220184743436,8,2,1
4319703577,2016-05-05,0.4289583087901372,0.051041691209862794,62,-0.01595830879013721,22,-0.11995830879013719,44,0.12104169120986286,8,2,1
4319703577,2016-05-06,0.4159622556949727,0.0780377443050273,64,-0.1629622556949727,23,-0.08096225569497267,46,0.018037744305027303,9,4,1
4319703577,2016-05-06,0.5434534746234088,-0.04045347462340876,64,0.3135465253765912,18,0.3135465253765912,18,-0.06345347462340878,9,4,1
4319703577,2016-05-06,0.46193282869090696,0.03506717130909304,64,-0.021932828690906958,23,-0.12293282869090694,46,-0.010932828690906948,9,4,1
4319703577,2016-05-07,0.4325302255552652,0.0834697744447348,67,-0.15153022555526519,24,-0.07053022555526522,48,0.0794697744447348,9,7,0
4319703577,2016-05-07,0.5602284591363885,-0.0352284591363885,67,0.30677154086361147,19,0.30677154086361147,19,-0.003228459136388473,9,7,1
4319703577,2016-05-07,0.47883063561724715,0.04016936438275287,67,-0.016830635617247125,24,-0.11283063561724715,48,0.04916936438275288,9,7,0
4319703577,2016-05-08,0.36818390219257824,0.13681609780742177,70,-0.10718390219257823,25,-0.02518390219257821,50,-0.07318390219257825,8,0,0
4319703577,2016-05-08,0.49340257147058175,0.01959742852941826,70,0.36559742852941823,20,0.36559742852941823,20,-0.14940257147058178,8,0,1
4319703577,2016-05-08,0.4126045484227385,0.09539545157726148,70,0.02239545157726147,25,-0.06560454842273855,50,-0.09960454842273853,8,0,0
4319703577,2016-05-09,0.4475467251289516,0.0554532748710484,73,-0.1815467251289516,26,-0.10954672512895158,52,0.06945327487104841,9,0,0
4319703577,2016-05-09,0.5751846853618389,-0.06418468536183886,73,0.30481531463816114,21,0.30481531463816114,21,-0.01218468536183892,9,0,1
4319703577,2016-05-09,0.4940550939716093,0.011944906028390712,73,-0.059055093971609296,26,-0.15205509397160927,52,0.039944906028390736,9,0,1
4319703577,2016-05-10,0.42926259160110397,0.07873740839889604,76,-0.17426259160110397,27,-0.08826259160110395,54,-0.06126259160110398,9,1,1
4319703577,2016-05-10,0.5569429291260068,-0.04094292912600683,76,0.32405707087399316,22,0.32405707087399316,22,-0.14394292912600687,9,1,1
4319703577,2016-05-10,0.47550631585560027,0.03549368414439974,76,-0.02650631585560026,27,-0.1305063158556003,54,-0.09150631585560026,9,1,0
4319703577,2016-05-11,0.4367443892978779,0.07725561070212211,79,-0.15874438929787787,28,-0.08974438929787792,56,0.10925561070212214,10,0,0
4319703577,2016-05-11,0.5644492453508866,-0.042449245350886566,79,0.3225507546491134,23,0.3225507546491134,23,0.02355075464911338,10,0,1
4319703577,2016-05-11,0.4831118592574214,0.03388814074257862,79,-0.046111859257421395,28,-0.13211185925742142,56,0.07788814074257866,10,0,1
4319703577,2016-05-12,0.38392779815256567,0.13207220184743435,82,-0.12192779815256566,29,-0.03592779815256569,58,0.2110722018474343,10,1,0
4319703577,2016-05-12,0.5101773230648684,0.013822676935131617,82,0.3708226769351316,24,0.3708226769351316,24,0.1268226769351316,10,1,0
4319703577,2016-05-12,0.4289583087901372,0.09004169120986283,82,0.01604169120986282,29,-0.07695830879013721,58,0.1810416912098628,10,1,0
4388161847,2016-04-13,0.424331022773749,0.0,0,0.0,0,0.0,0,0.0,0,0,0
4388161847,2016-04-13,0.473183408835888,0.0,0,0.0,0,0.0,0,0.0,0,0,0
4388161847,2016-04-14,0.3727885227580038,-0.10678852275800377,2,-0.06178852275800378,1,-0.10678852275800377,2,0.00021147724199621631,0,0,1
4388161847,2016-04-14,0.42003665363501475,-0.12003665363501476,2,-0.07003665363501477,1,-0.12003665363501476,2,-3.66536350147606e-05,0,0,1
4388161847,2016-04-15,0.40917448231890174,0.04082551768109827,4,0.025825517681098253,2,0.04082551768109827,4,-0.00017448231890176968,0,2,0
4388161847,2016-04-15,0.5750371326911816,-0.03303713269118158,4,-3.7132691181662736e-05,0,-3.7132691181662736e-05,0,-3.7132691181662736e-05,0,2,1
4388161847,2016-04-15,0.45766919265461026,0.01833080734538972,4,0.012330807345389716,2,0.01833080734538972,4,0.00033080734538976087,0,2,0
4388161847,2016-04-16,0.42425467052956095,0.0027453294704390396,7,-0.03425467052956094,3,-0.04925467052956095,6,-0.00025467052956096303,0,0,0
4388161847,2016-04-16,0.5901245731263992,-0.09412457312639921,7,0.06787542687360082,1,0.06787542687360082,1,-0.00012457312639924112,0,0,1
4388161847,2016-04-16,0.47310549047992917,-0.02610549047992916,7,-0.052105490479929184,3,-0.07610549047992915,6,-0.00010549047992919336,0,0,0
4388161847,2016-04-17,0.34336807878507486,0.037631921214925146,10,-0.04136807878507487,4,-0.05736807878507488,8,-0.0003680787850748324,0,0,0
4388161847,2016-04-17,0.5053726083288612,-0.07037260832886122,10,0.1416273916711388,2,0.1416273916711388,2,-0.00037260832886121253,0,0,1
4388161847,2016-04-17,0.3892012208791216,0.006798779120878395,10,-0.06220122087912161,4,-0.08520122087912163,8,-0.0002012208791216108,0,0,0
4388161847,2016-04-18,0.4411997084852351,-0.041199708485235076,13,-0.12019970848523509,5,-0.16119970848523507,10,-0.000199708485235095,0,0,0
4388161847,2016-04-18,0.49033995776286204,-0.07633995776286207,13,-0.14533995776286207,5,-0.19333995776286206,10,-0.00033995776286205315,0,0,1
4388161847,2016-04-19,0.4224718279957223,-0.016471827995722277,15,-0.13947182799572233,6,-0.12147182799572231,12,-0.00047182799572231815,0,1,0
4388161847,2016-04-19,0.5883569990831461,-0.14135699908314608,15,0.1546430009168539,3,0.1546430009168539,3,-0.0003569990831461256,0,1,0
4388161847,2016-04-19,0.4712854021288387,-0.0532854021288387,15,-0.07528540212883866,6,-0.15628540212883868,12,-0.00028540212883870764,0,1,1
4388161847,2016-04-20,0.424331022773749,-0.027331022773748992,18,-0.164331022773749,7,-0.102331022773749,14,-0.12133102277374902,2,1,1
4388161847,2016-04-20,0.5902001759151356,-0.15720017591513563,18,0.0707998240848644,4,0.0707998240848644,4,-0.16820017591513564,2,1,1
4388161847,2016-04-20,0.473183408835888,-0.06618340883588802,18,-0.02618340883588799,7,-0.13818340883588798,14,-0.13518340883588797,2,1,1
4388161847,2016-04-21,0.3727885227580038,0.08321147724199623,21,-0.0757885227580038,8,0.0012114772419962172,16,0.17921147724199626,2,4,0
4388161847,2016-04-21,0.5373153436899296,-0.049315343689929625,21,0.13168465631007042,5,0.13168465631007042,5,0.13268465631007043,2,4,0
4388161847,2016-04-21,0.42003665363501475,0.04496334636498528,21,0.04896334636498523,8,-0.034036653635014735,16,0.16596334636498522,2,4,1
4388161847,2016-04-22,0.40917448231890174,0.04082551768109827,24,-0.12017448231890177,9,-0.01617448231890173,18,-0.02817448231890174,3,1,1
4388161847,2016-04-22,0.45766919265461026,0.00033080734538976087,24,0.06333080734538976,9,-0.05366919265461023,18,-0.04666919265461028,3,1,0
4388161847,2016-04-23,0.42425467052956095,0.031745329470439065,26,-0.08325467052956093,10,-0.019254670529560924,20,-0.03425467052956094,3,0,1
4388161847,2016-04-23,0.5901245731263992,-0.10812457312639923,26,0.041875426873600796,6,0.041875426873600796,6,-0.09612457312639922,3,0,0
4388161847,2016-04-23,0.47310549047992917,-0.010105490479929147,26,0.017894509520070823,10,-0.05810549047992919,20,-0.052105490479929184,3,0,1
4388161847,2016-04-24,0.34336807878507486,0.11863192121492516,29,0.013631921214925125,11,0.09063192121492514,22,-0.003368078785074835,3,2,0
4388161847,2016-04-24,0.5053726083288612,-0.01937260832886123,29,0.03862739167113882,7,0.03862739167113882,7,-0.06437260832886121,3,2,1
4388161847,2016-04-24,0.3892012208791216,0.07979877912087835,29,0.10779877912087837,11,0.05279877912087838,22,-0.02120122087912163,3,2,0
4388161847,2016-04-25,0.4411997084852351,0.023800291514764926,32,-0.07619970848523511,12,-0.020199708485235113,24,0.01680029151476492,2,0,1
4388161847,2016-04-25,0.49033995776286204,-0.01833995776286207,32,0.006660042237137953,12,-0.06133995776286205,24,0.0026600422371379495,2,0,1
4388161847,2016-04-26,0.4224718279957223,0.06752817200427769,34,-0.027471827995722287,13,0.03252817200427771,26,-0.03347182799572229,3,2,1
4388161847,2016-04-26,0.5883569990831461,-0.07735699908314608,34,0.022643000916853895,8,0.022643000916853895,8,-0.0953569990831461,3,2,0
4388161847,2016-04-26,0.4712854021288387,0.024714597871161315,34,0.048714597871161336,13,-0.00828540212883866,26,-0.0512854021288387,3,2,0
4388161847,2016-04-27,0.424331022773749,0.05466897722625097,37,0.0026689772262509792,14,0.03366897722625101,28,0.087668977226251,5,0,1
4388161847,2016-04-27,0.5902001759151356,-0.09120017591513563,37,-0.022200175915135678,9,-0.022200175915135678,9,0.004799824084864346,5,0,1
4388161847,2016-04-27,0.473183408835888,0.01181659116411199,37,0.019816591164111996,14,-0.007183408835887972,28,0.06381659116411204,5,0,1
4388161847,2016-04-28,0.3727885227580038,0.13521147724199623,40,0.07021147724199622,15,0.1092114772419962,30,0.1132114772419962,5,3,1
4388161847,2016-04-28,0.5373153436899296,-0.011315343689929591,40,0.041684656310070345,10,0.041684656310070345,10,0.031684656310070336,5,3,0
4388161847,2016-04-28,0.42003665363501475,0.09296334636498527,40,0.08496334636498526,15,0.06896334636498525,30,0.08996334636498526,5,3,1
4388161847,2016-04-29,0.40917448231890174,0.11282551768109828,43,0.06882551768109824,16,0.10582551768109827,32,-0.004174482318901718,5,2,0
4388161847,2016-04-29,0.45766919265461026,0.06933080734538977,43,0.08033080734538978,16,0.06333080734538976,32,-0.028669192654610265,5,2,1
4388161847,2016-04-30,0.42425467052956095,0.09774532947043907,45,0.03574532947043907,17,0.09174532947043906,34,0.041745329470439074,6,1,0
4388161847,2016-04-30,0.5901245731263992,-0.051124573126399175,45,-0.031124573126399158,11,-0.031124573126399158,11,-0.049124573126399174,6,1,0
4388161847,2016-04-30,0.47310549047992917,0.053894509520070855,45,0.08889450952007089,17,0.04889450952007085,34,0.01489450952007082,6,1,1
4388161847,2016-05-01,0.34336807878507486,0.16063192121492514,48,0.07863192121492513,18,0.16163192121492514,36,-0.005368078785074837,6,1,1
4388161847,2016-05-01,0.5053726083288612,0.0136273916711388,48,-0.003372608328861215,12,-0.003372608328861215,12,-0.09337260832886124,6,1,1
4388161847,2016-05-01,0.3892012208791216,0.11879877912087838,48,0.17379877912087832,18,0.12179877912087839,36,-0.030201220879121637,6,1,1
4388161847,2016-05-02,0.4411997084852351,0.09780029151476494,51,0.025800291514764928,19,0.09880029151476494,38,0.13680029151476486,4,4,0
4388161847,2016-05-02,0.6067132703976548,-0.05271327039765472,51,-0.04971327039765472,13,-0.04971327039765472,13,0.06328672960234527,4,4,0
4388161847,2016-05-02,0.49033995776286204,0.053660042237137995,51,0.11166004223713794,19,0.054660042237137996,38,0.11566004223713794,4,4,1
4388161847,2016-05-03,0.4224718279957223,0.10452817200427772,54,0.0215281720042777,20,0.11352817200427773,40,-0.048471827995722305,6,1,1
4388161847,2016-05-03,0.4712854021288387,0.059714597871161346,54,0.1427145978711613,20,0.06971459787116135,40,-0.07528540212883866,6,1,1
4388161847,2016-05-04,0.424331022773749,0.11866897722625103,56,0.041668977226251014,21,0.13166897722625104,42,0.200668977226251,8,3,1
4388161847,2016-05-04,0.5902001759151356,-0.03320017591513558,56,-0.0662001759151356,14,-0.0662001759151356,14,0.09879982408486432,8,3,0
4388161847,2016-05-04,0.473183408835888,0.07381659116411204,56,0.155816591164112,21,0.08781659116411206,42,0.17081659116411202,8,3,1
4388161847,2016-05-05,0.3727885227580038,0.17221147724199626,59,0.1032114772419962,22,0.19621147724199617,44,0.15521147724199624,8,2,1
4388161847,2016-05-05,0.5373153436899296,0.020684656310070437,59,-0.05331534368992963,15,-0.05331534368992963,15,0.053684656310070356,8,2,1
4388161847,2016-05-05,0.42003665363501475,0.1279633463649853,59,0.21296334636498526,22,0.1529633463649852,44,0.1259633463649853,8,2,1
4388161847,2016-05-06,0.40917448231890174,0.1588255176810982,62,0.09282551768109826,23,0.17982551768109822,46,0.01082551768109824,7,4,1
4388161847,2016-05-06,0.45766919265461026,0.1133308073453897,62,0.19533080734538977,23,0.13633080734538972,46,-0.016669192654610254,7,4,1
4388161847,2016-05-07,0.42425467052956095,0.156745329470439,64,0.09674532947043907,24,0.18174532947043903,48,0.012745329470439049,9,6,1
4388161847,2016-05-07,0.5901245731263992,0.0028754268736007615,64,-0.06912457312639919,16,-0.06912457312639919,16,-0.09412457312639921,9,6,0
4388161847,2016-05-07,0.47310549047992917,0.1118945095200708,64,0.19489450952007087,24,0.13789450952007082,48,-0.018105490479929154,9,6,1
4388161847,2016-05-08,0.34336807878507486,0.2356319212149251,67,0.18063192121492516,25,0.26963192121492513,50,0.13663192121492512,9,2,1
4388161847,2016-05-08,0.5053726083288612,0.08562739167113875,67,-0.027372608328861237,17,-0.027372608328861237,17,0.03262739167113882,9,2,1
4388161847,2016-05-08,0.3892012208791216,0.19379877912087834,67,0.2757987791208784,25,0.22779877912087837,50,0.10679877912087837,9,2,1
4388161847,2016-05-09,0.4411997084852351,0.16180029151476488,70,0.11380029151476495,26,0.1938002915147649,52,0.07580029151476492,7,4,1
4388161847,2016-05-09,0.49033995776286204,0.11566004223713794,70,0.2016600422371379,26,0.14966004223713797,52,0.04766004223713799,7,4,0
4388161847,2016-05-10,0.4224718279957223,0.17652817200427767,72,0.14352817200427764,27,0.2065281720042777,54,0.04752817200427767,8,0,0
4388161847,2016-05-10,0.5883569990831461,0.021643000916853894,72,-0.06935699908314608,18,-0.06935699908314608,18,-0.05435699908314606,8,0,0
4388161847,2016-05-10,0.4712854021288387,0.1307145978711613,72,0.19571459787116136,27,0.16171459787116133,54,0.01771459787116131,8,0,0
4388161847,2016-05-11,0.424331022773749,0.15266897722625095,75,0.12466897722625103,28,0.18466897722625097,56,0.208668977226251,11,0,0
4388161847,2016-05-11,0.5902001759151356,-0.0032001759151356612,75,-0.09220017591513563,19,-0.09220017591513563,19,0.09379982408486442,11,0,1
4388161847,2016-05-11,0.473183408835888,0.10681659116411196,75,0.17381659116411202,28,0.139816591164112,56,0.17481659116411202,11,0,1
4388161847,2016-05-12,0.3727885227580038,0.20421147724199618,78,0.15221147724199624,29,0.2282114772419962,58,0.2432114772419962,11,1,0
4388161847,2016-05-12,0.42003665363501475,0.15996334636498521,78,0.22996334636498528,29,0.18496334636498524,58,0.21096334636498526,11,1,0
4445114986,2016-04-12,0.4370325544201731,0.0,0,0.0,0,0.0,0,0.0,0,0,0
4445114986,2016-04-12,0.5866088465418031,0.0,0,0.0,0,0.0,0,0.0,0,0,0
4445114986,2016-04-12,0.48926378735386433,0.0,0,0.0,0,0.0,0,0.0,0,0,0
4445114986,2016-04-13,0.44634189743570246,-0.16734189743570244,3,-0.07434189743570246,1,-0.12734189743570246,2,-0.000341897435702454,0,0,0
4445114986,2016-04-13,0.5957327514644445,-0.2237327514644445,3,-0.09973275146444449,1,-0.09973275146444449,1,0.00026724853555548655,0,0,0
4445114986,2016-04-13,0.4987001416576669,-0.1867001416576669,3,-0.08270014165766693,1,-0.14270014165766692,2,0.0002998583423330925,0,0,0
4445114986,2016-04-14,0.3899929176938208,-0.21299291769382078,6,-0.11099291769382075,2,-0.17299291769382077,4,7.0823061792402164e-06,0,0,0
4445114986,2016-04-14,0.5388803773712729,-0.2938803773712729,6,-0.15388037737127291,2,-0.15388037737127291,2,0.00011962262872711182,0,0,1
4445114986,2016-04-14,0.4410062302137912,-0.2410062302137912,6,-0.1260062302137912,2,-0.1960062302137912,4,-6.230213791202921e-06,0,0,0
4445114986,2016-04-15,0.42193196171982567,-0.19993196171982566,9,-0.15793196171982565,3,-0.22993196171982566,6,6.803828017432068e-05,0,0,0
4445114986,2016-04-15,0.5715873880114981,-0.2955873880114981,9,-0.08958738801149813,3,-0.08958738801149813,3,0.0004126119885018431,0,0,0
4445114986,2016-04-15,0.47387759648098254,-0.23287759648098255,9,-0.17787759648098256,3,-0.2588775964809825,6,0.0001224035190174333,0,0,1
4445114986,2016-04-16,0.4420426173262766,-0.1940426173262766,12,-0.1960426173262766,4,-0.1950426173262766,8,-4.261732627658388e-05,0,1,0
4445114986,2016-04-16,0.5915319063130815,-0.2995319063130815,12,-0.1515319063130815,4,-0.1515319063130815,4,0.0004680936869184693,0,1,1
4445114986,2016-04-16,0.49434683481510505,-0.23134683481510504,12,-0.10834683481510504,4,-0.22734683481510504,8,-0.0003468348151050571,0,1,0
4445114986,2016-04-17,0.3676939626108401,-0.1256939626108401,15,-0.1836939626108401,5,-0.17869396261084008,10,0.00030603738915990775,0,0,0
4445114986,2016-04-17,0.4177881543379413,-0.1637881543379413,15,-0.10878815433794131,5,-0.21178815433794132,10,0.00021184566205867394,0,0,0
4445114986,2016-04-18,0.4549902751099348,-0.2149902751099348,17,-0.2479902751099348,6,-0.2619902751099348,12,9.724890065232472e-06,0,0,1
4445114986,2016-04-18,0.5074332198806037,-0.25543321988060375,17,-0.18543321988060374,6,-0.2994332198806038,12,-0.0004332198806037413,0,0,0
4445114986,2016-04-19,0.4370325544201731,-0.17903255442017307,19,-0.17203255442017307,7,-0.21703255442017308,14,-0.16403255442017306,3,0,0
4445114986,2016-04-19,0.5866088465418031,-0.29760884654180314,19,-0.09360884654180313,5,-0.09360884654180313,5,-0.21960884654180313,3,0,1
4445114986,2016-04-19,0.48926378735386433,-0.22026378735386432,19,-0.20226378735386435,7,-0.25526378735386435,14,-0.18326378735386434,3,0,0
4445114986,2016-04-20,0.44634189743570246,-0.17834189743570245,22,-0.19734189743570246,8,-0.24434189743570245,16,-0.16734189743570244,3,0,0
4445114986,2016-04-20,0.5957327514644445,-0.2997327514644445,22,-0.05173275146444445,6,-0.05173275146444445,6,-0.2237327514644445,3,0,1
4445114986,2016-04-20,0.4987001416576669,-0.22070014165766688,22,-0.2297001416576669,8,-0.2847001416576669,16,-0.1867001416576669,3,0,0
4445114986,2016-04-21,0.3899929176938208,-0.12499291769382076,25,-0.17899291769382078,9,-0.2179929176938208,18,-0.02099291769382078,3,0,0
4445114986,2016-04-21,0.5388803773712729,-0.24888037737127294,25,0.01911962262872713,7,0.01911962262872713,7,-0.0768803773712729,3,0,0
4445114986,2016-04-21,0.4410062302137912,-0.16700623021379118,25,-0.2120062302137912,9,-0.2580062302137912,18,-0.04000623021379118,3,0,0
4445114986,2016-04-22,0.42193196171982567,-0.17593196171982567,28,-0.21493196171982568,10,-0.2579319617198257,20,-0.03293196171982565,3,0,0
4445114986,2016-04-22,0.5715873880114981,-0.3035873880114981,28,-0.043587388011498085,8,-0.043587388011498085,8,-0.08958738801149813,3,0,0
4445114986,2016-04-22,0.47387759648098254,-0.21987759648098254,28,-0.24887759648098254,10,-0.29887759648098255,20,-0.05287759648098256,3,0,1
4445114986,2016-04-23,0.4420426173262766,-0.18604261732627658,31,-0.24104261732627658,11,-0.24904261732627658,22,-0.041042617326276565,3,1,0
4445114986,2016-04-23,0.49434683481510505,-0.23134683481510504,31,-0.21534683481510503,11,-0.29134683481510504,22,-0.060346834815105055,3,1,0
4445114986,2016-04-24,0.3676939626108401,-0.13469396261084007,33,-0.20069396261084008,12,-0.20069396261084008,24,-0.10469396261084007,2,0,0
4445114986,2016-04-24,0.4177881543379413,-0.17878815433794132,33,-0.17678815433794132,12,-0.24278815433794132,24,-0.11978815433794132,2,0,0
4445114986,2016-04-25,0.4549902751099348,-0.22299027510993477,35,-0.2729902751099348,13,-0.2849902751099348,26,0.013009724890065244,2,0,0
4445114986,2016-04-25,0.6041173199900217,-0.3531173199900217,35,-0.10311731999002172,9,-0.10311731999002172,9,-0.030117319990021763,2,0,0
4445114986,2016-04-25,0.5074332198806037,-0.26943321988060376,35,-0.25543321988060375,13,-0.32843321988060376,26,-0.002433219880603743,2,0,0
4445114986,2016-04-26,0.4370325544201731,-0.22303255442017308,38,-0.26903255442017304,14,-0.28003255442017305,28,-0.1470325544201731,6,0,0
4445114986,2016-04-26,0.5866088465418031,-0.35560884654180314,38,-0.1246088465418031,10,-0.1246088465418031,10,-0.22860884654180313,6,0,0
4445114986,2016-04-26,0.48926378735386433,-0.26926378735386436,38,-0.25526378735386435,14,-0.3242637873538643,28,-0.17626378735386433,6,0,0
4445114986,2016-04-27,0.44634189743570246,-0.24534189743570245,41,-0.2843418974357025,15,-0.2973418974357025,30,-0.15234189743570248,6,0,0
4445114986,2016-04-27,0.5957327514644445,-0.3787327514644445,41,-0.1597327514644445,11,-0.1597327514644445,11,-0.2337327514644445,6,0,0
4445114986,2016-04-27,0.4987001416576669,-0.2927001416576669,41,-0.2737001416576669,15,-0.34170014165766693,30,-0.1807001416576669,6,0,0
4445114986,2016-04-28,0.3899929176938208,-0.20699291769382078,44,-0.24999291769382076,16,-0.25599291769382077,32,-0.12199291769382076,6,0,0
4445114986,2016-04-28,0.5388803773712729,-0.3408803773712729,44,-0.1448803773712729,12,-0.1448803773712729,12,-0.2028803773712729,6,0,1
4445114986,2016-04-28,0.4410062302137912,-0.2530062302137912,44,-0.2410062302137912,16,-0.30000623021379125,32,-0.15000623021379123,6,0,0
4445114986,2016-04-29,0.42193196171982567,-0.22793196171982566,47,-0.2809319617198257,17,-0.29093196171982566,34,-0.047931961719825666,6,0,0
4445114986,2016-04-29,0.47387759648098254,-0.27487759648098253,47,-0.27487759648098253,17,-0.33587759648098253,34,-0.07687759648098252,6,0,0
4445114986,2016-04-30,0.4420426173262766,-0.2530426173262766,49,-0.3020426173262766,18,-0.3150426173262766,36,-0.12104261732627658,5,0,0
4445114986,2016-04-30,0.5915319063130815,-0.3885319063130815,49,-0.1495319063130815,13,-0.1495319063130815,13,-0.19553190631308148,5,0,0
4445114986,2016-04-30,0.49434683481510505,-0.30034683481510505,49,-0.30034683481510505,18,-0.36134683481510504,36,-0.14734683481510508,5,0,0
4445114986,2016-05-01,0.3676939626108401,-0.1946939626108401,52,-0.2496939626108401,19,-0.2546939626108401,38,-0.1636939626108401,4,0,0
4445114986,2016-05-01,0.5152591503703995,-0.3292591503703995,52,-0.11625915037039947,14,-0.11625915037039947,14,-0.2292591503703995,4,0,1
4445114986,2016-05-01,0.4177881543379413,-0.24078815433794132,52,-0.2477881543379413,19,-0.2997881543379413,38,-0.1857881543379413,4,0,0
4445114986,2016-05-02,0.4549902751099348,-0.2669902751099348,55,-0.3239902751099348,20,-0.3379902751099348,40,-0.12799027510993477,5,0,0
4445114986,2016-05-02,0.6041173199900217,-0.4041173199900217,55,-0.1531173199900217,15,-0.1531173199900217,15,-0.2021173199900217,5,0,1
4445114986,2016-05-02,0.5074332198806037,-0.31543321988060374,55,-0.32643321988060375,20,-0.38443321988060375,40,-0.15343321988060377,5,0,0
4445114986,2016-05-03,0.4370325544201731,-0.24403255442017308,58,-0.3140325544201731,21,-0.3270325544201731,42,-0.20903255442017307,9,0,0
4445114986,2016-05-03,0.5866088465418031,-0.38160884654180316,58,-0.11360884654180314,16,-0.11360884654180314,16,-0.3056088465418031,9,0,1
4445114986,2016-05-03,0.48926378735386433,-0.2912637873538643,58,-0.3182637873538643,21,-0.37326378735386434,42,-0.24326378735386434,9,0,0
4445114986,2016-05-04,0.44634189743570246,-0.24634189743570245,61,-0.32634189743570247,22,-0.3393418974357025,44,-0.21534189743570245,9,0,0
4445114986,2016-05-04,0.5957327514644445,-0.3837327514644445,61,-0.09673275146444449,17,-0.09673275146444449,17,-0.3117327514644445,9,0,0
4445114986,2016-05-04,0.4987001416576669,-0.2947001416576669,61,-0.3327001416576669,22,-0.3867001416576669,44,-0.2487001416576669,9,0,0
4445114986,2016-05-05,0.3899929176938208,-0.20199291769382077,64,-0.2849929176938208,23,-0.29299291769382074,46,-0.1079929176938208,9,0,0
4445114986,2016-05-05,0.5388803773712729,-0.3408803773712729,64,-0.0738803773712729,18,-0.0738803773712729,18,-0.2038803773712729,9,0,1
4445114986,2016-05-05,0.4410062302137912,-0.2500062302137912,64,-0.29100623021379124,23,-0.3390062302137912,46,-0.14100623021379122,9,0,0
4445114986,2016-05-06,0.42193196171982567,-0.22593196171982566,67,-0.3149319617198257,24,-0.32593196171982564,48,-0.10593196171982566,8,0,0
4445114986,2016-05-06,0.5715873880114981,-0.36558738801149815,67,-0.07758738801149812,19,-0.07758738801149812,19,-0.1975873880114981,8,0,1
4445114986,2016-05-06,0.47387759648098254,-0.27387759648098253,67,-0.3228775964809826,24,-0.3728775964809825,48,-0.13787759648098252,8,0,0
4445114986,2016-05-07,0.4420426173262766,-0.23904261732627657,70,-0.3350426173262766,25,-0.3470426173262766,50,-0.1950426173262766,8,0,0
4445114986,2016-05-07,0.5915319063130815,-0.37853190631308153,70,-0.07353190631308149,20,-0.07353190631308149,20,-0.2875319063130815,8,0,0
4445114986,2016-05-07,0.49434683481510505,-0.28834683481510504,70,-0.3453468348151051,25,-0.395346834815105,50,-0.22734683481510504,8,0,0
4445114986,2016-05-08,0.3676939626108401,-0.17769396261084008,73,-0.2756939626108401,26,-0.28269396261084007,52,-0.1306939626108401,7,0,0
4445114986,2016-05-08,0.5152591503703995,-0.3152591503703995,73,-0.0312591503703995,21,-0.0312591503703995,21,-0.2172591503703995,7,0,0
4445114986,2016-05-08,0.4177881543379413,-0.2247881543379413,73,-0.2857881543379413,26,-0.3287881543379413,52,-0.1607881543379413,7,0,0
4445114986,2016-05-09,0.4549902751099348,-0.2659902751099348,76,-0.3529902751099348,27,-0.36599027510993476,54,-0.12599027510993477,8,0,0
4445114986,2016-05-09,0.6041173199900217,-0.4061173199900217,76,-0.12211731999002173,22,-0.12211731999002173,22,-0.2181173199900217,8,0,1
4445114986,2016-05-09,0.5074332198806037,-0.31543321988060374,76,-0.36543321988060373,27,-0.4134332198806038,54,-0.15843321988060377,8,0,0
4445114986,2016-05-10,0.4370325544201731,-0.24403255442017308,79,-0.3400325544201731,28,-0.35203255442017306,56,-0.19103255442017308,12,0,0
4445114986,2016-05-10,0.5866088465418031,-0.3846088465418031,79,-0.08860884654180312,23,-0.08860884654180312,23,-0.29660884654180314,12,0,0
4445114986,2016-05-10,0.48926378735386433,-0.2932637873538643,79,-0.3542637873538643,28,-0.40026378735386436,56,-0.22726378735386432,12,0,0
4445114986,2016-05-11,0.44634189743570246,-0.25934189743570246,82,-0.35134189743570243,29,-0.36334189743570244,58,-0.25634189743570246,12,0,1
4445114986,2016-05-11,0.5957327514644445,-0.4007327514644445,82,-0.1137327514644445,24,-0.1137327514644445,24,-0.3617327514644445,12,0,1
4445114986,2016-05-11,0.4987001416576669,-0.3087001416576669,82,-0.3667001416576669,29,-0.4117001416576669,58,-0.2927001416576669,12,0,1
4445114986,2016-05-12,0.3899929176938208,-0.17899291769382078,85,-0.2769929176938208,30,-0.2829929176938208,60,-0.09899291769382079,12,3,0
4445114986,2016-05-12,0.5388803773712729,-0.31988037737127295,85,-0.04888037737127293,25,-0.04888037737127293,25,-0.2038803773712729,12,3,1
4445114986,2016-05-12,0.4410062302137912,-0.2280062302137912,85,-0.29200623021379124,30,-0.3300062302137912,60,-0.1350062302137912,12,3,0
4558609924,2016-04-12,0.42452984097154167,0.0,0,0.0,0,0.0,0,0.0,0,0,0
4558609924,2016-04-12,0.47310337969495125,0.0,0,0.0,0,0.0,0,0.0,0,0,0
4558609924,2016-04-13,0.43980741384679845,-0.12580741384679844,2,-0.07280741384679845,1,-0.12580741384679844,2,0.00019258615320155714,0,0,1
4558609924,2016-04-13,0.48864468905886377,-0.1396446890588638,2,-0.0816446890588638,1,-0.1396446890588638,2,0.0003553109411362221,0,0,0
4558609924,2016-04-14,0.392300528153402,-0.06330052815340198,4,0.030699471846597992,2,-0.06330052815340198,4,-0.0003005281534019799,0,0,0
4558609924,2016-04-14,0.4400060181473079,-0.0840060181473079,4,-0.12600601814730789,2,-0.0840060181473079,4,-6.018147307884636e-06,0,0,0
4558609924,2016-04-15,0.4073069896557928,-0.1313069896557928,6,-0.027306989655792813,3,-0.1313069896557928,6,-0.0003069896557928442,0,0,1
4558609924,2016-04-15,0.4554696086404578,-0.15746960864045784,6,-0.17046960864045785,3,-0.15746960864045784,6,-0.00046960864045780815,0,0,1
4558609924,2016-04-16,0.4282342065451848,-0.033234206545184775,8,0.03176579345481523,4,-0.033234206545184775,8,-0.00023420654518480077,0,2,0
4558609924,2016-04-16,0.476880358295567,-0.06288035829556704,8,-0.10088035829556702,4,-0.06288035829556704,8,0.00011964170443296007,0,2,0
4558609924,2016-04-17,0.3614625498949755,-0.0414625498949755,10,0.0195374501050245,5,-0.0414625498949755,10,-0.0004625498949755169,0,0,0
4558609924,2016-04-17,0.407935320971544,-0.07193532097154398,10,-0.10393532097154401,5,-0.07193532097154398,10,6.467902845597173e-05,0,0,0
4558609924,2016-04-18,0.43636556517837966,-0.13136556517837966,12,-0.05636556517837965,6,-0.13136556517837966,12,-0.0003655651783796565,0,0,1
4558609924,2016-04-18,0.4851516437370285,-0.1661516437370285,12,-0.17415164373702852,6,-0.1661516437370285,12,-0.0001516437370285284,0,0,1
4558609924,2016-04-19,0.42452984097154167,-0.04952984097154167,14,0.0024701590284583186,7,-0.04952984097154167,14,-0.12152984097154168,2,2,0
4558609924,2016-04-19,0.47310337969495125,-0.08510337969495124,14,-0.10910337969495126,7,-0.08510337969495124,14,-0.13510337969495123,2,2,0
4558609924,2016-04-20,0.43980741384679845,-0.09680741384679842,16,-0.03980741384679842,8,-0.09680741384679842,16,0.017192586153201572,2,0,0
4558609924,2016-04-20,0.48864468905886377,-0.1346446890588638,16,-0.14664468905886374,8,-0.1346446890588638,16,0.0033553109411362247,2,0,0
4558609924,2016-04-21,0.392300528153402,-0.089300528153402,18,-0.038300528153402014,9,-0.089300528153402,18,-0.11230052815340197,2,0,0
4558609924,2016-04-21,0.5499345514382022,-0.21293455143820222,18,6.544856179779845e-05,0,6.544856179779845e-05,0,-0.15693455143820223,2,0,0
4558609924,2016-04-21,0.4400060181473079,-0.1270060181473079,18,-0.1400060181473079,9,-0.1270060181473079,18,-0.12600601814730789,2,0,1
4558609924,2016-04-22,0.4073069896557928,-0.09830698965579282,21,-0.0713069896557928,10,-0.08630698965579281,20,0.16969301034420714,2,1,1
4558609924,2016-04-22,0.4554696086404578,-0.13746960864045782,21,-0.10346960864045784,10,-0.12446960864045781,20,0.15553039135954216,2,1,1
4558609924,2016-04-23,0.4282342065451848,-0.0662342065451848,23,-0.044234206545184784,11,-0.05223420654518479,22,-0.1222342065451848,2,3,0
4558609924,2016-04-23,0.476880358295567,-0.10588035829556702,23,-0.077880358295567,11,-0.09188035829556701,22,-0.135880358295567,2,3,1
4558609924,2016-04-24,0.3614625498949755,-0.0014625498949755178,25,-0.01946254989497548,12,0.011537450105024494,24,-0.1034625498949755,2,1,0
4558609924,2016-04-24,0.407935320971544,-0.03993532097154401,25,0.006064679028455977,12,-0.026935320971543997,24,-0.11693532097154402,2,1,0
4558609924,2016-04-25,0.43636556517837966,-0.08736556517837968,27,-0.09336556517837963,13,-0.07536556517837967,26,0.16063443482162032,2,0,0
4558609924,2016-04-25,0.4851516437370285,-0.12815164373702853,27,-0.07215164373702854,13,-0.11615164373702852,26,0.1468483562629715,2,0,1
4558609924,2016-04-26,0.42452984097154167,-0.06752984097154169,29,-0.10252984097154166,14,-0.05752984097154168,28,-0.18852984097154168,4,1,1
4558609924,2016-04-26,0.47310337969495125,-0.10910337969495126,29,-0.03310337969495125,14,-0.09810337969495125,28,-0.21010337969495124,4,1,1
4558609924,2016-04-27,0.43980741384679845,-0.04580741384679843,31,-0.07980741384679846,15,-0.03380741384679842,30,-0.08480741384679846,4,3,0
4558609924,2016-04-27,0.48864468905886377,-0.08764468905886375,31,-0.016644689058863793,15,-0.07564468905886379,30,-0.10564468905886376,4,3,1
4558609924,2016-04-28,0.392300528153402,0.0016994718465980219,33,-0.06030052815340198,16,0.01169947184659803,32,-0.09630052815340201,5,1,0
4558609924,2016-04-28,0.4400060181473079,-0.040006018147307865,33,0.0459939818526921,16,-0.02900601814730791,32,-0.12000601814730788,5,1,0
4558609924,2016-04-29,0.4073069896557928,-0.031306989655792816,35,-0.08730698965579281,17,-0.021306989655792807,34,0.2636930103442072,4,0,1
4558609924,2016-04-29,0.5653611147082299,-0.1693611147082299,35,-0.09436111470822994,1,-0.09436111470822994,1,0.1936388852917701,4,0,0
4558609924,2016-04-29,0.4554696086404578,-0.07346960864045782,35,0.011530391359542203,17,-0.06346960864045781,34,0.24153039135954213,4,0,1
4558609924,2016-04-30,0.4282342065451848,-0.02923420654518477,38,-0.07423420654518481,18,-0.01023420654518481,36,-0.07923420654518482,4,2,0
4558609924,2016-04-30,0.476880358295567,-0.072880358295567,38,0.018119641704432976,18,-0.05288035829556703,36,-0.10088035829556702,4,2,1
4558609924,2016-05-01,0.3614625498949755,0.034537450105024514,40,-0.03646254989497549,19,0.052537450105024475,38,-0.1604625498949755,4,1,0
4558609924,2016-05-01,0.407935320971544,-0.006935320971543979,40,0.094064679028456,19,0.012064679028455982,38,-0.180935320971544,4,1,0
4558609924,2016-05-02,0.43636556517837966,-0.049365565178379645,42,-0.10936556517837964,20,-0.03236556517837963,40,0.1396344348216203,4,0,0
4558609924,2016-05-02,0.4851516437370285,-0.0931516437370285,42,0.011848356262971482,20,-0.07615164373702854,40,0.11784835626297147,4,0,1
4558609924,2016-05-03,0.42452984097154167,-0.03452984097154166,44,-0.11252984097154167,21,-0.0175298409715417,42,-0.04952984097154167,6,1,1
4558609924,2016-05-03,0.47310337969495125,-0.07810337969495124,44,0.04089662030504876,21,-0.061103379694951276,42,-0.07610337969495123,6,1,0
4558609924,2016-05-04,0.43980741384679845,-0.043807413846798426,46,-0.09880741384679842,22,-0.027807413846798468,44,-0.05780741384679844,6,0,0
4558609924,2016-05-04,0.48864468905886377,-0.08764468905886375,46,0.00935531094113623,22,-0.07164468905886379,44,-0.08464468905886374,6,0,0
4558609924,2016-05-05,0.392300528153402,-0.015300528153401993,48,-0.07230052815340199,23,-0.0013005281534019808,46,-0.145300528153402,7,0,0
4558609924,2016-05-05,0.4400060181473079,-0.05900601814730788,48,0.030993981852692087,23,-0.04400601814730787,46,-0.17300601814730787,7,0,0
4558609924,2016-05-06,0.4073069896557928,-0.04330698965579283,50,-0.09530698965579282,24,-0.029306989655792814,48,0.2626930103442072,7,0,0
4558609924,2016-05-06,0.4554696086404578,-0.08646960864045783,50,0.0025303913595421945,24,-0.07246960864045782,48,0.23453039135954212,7,0,0
4558609924,2016-05-07,0.4282342065451848,-0.07523420654518481,52,-0.1232342065451848,25,-0.0622342065451848,50,-0.05223420654518479,6,0,0
4558609924,2016-05-07,0.476880358295567,-0.11888035829556703,52,-0.030880358295567012,25,-0.10588035829556702,50,-0.077880358295567,6,0,1
4558609924,2016-05-08,0.3614625498949755,-0.008462549894975524,54,-0.07746254989497553,26,0.0035374501050244866,52,-0.1974625498949755,6,1,1
4558609924,2016-05-08,0.5172523093314484,-0.1512523093314484,54,-0.1482523093314484,2,-0.1482523093314484,2,-0.2822523093314484,6,1,0
4558609924,2016-05-08,0.407935320971544,-0.05093532097154402,54,0.04506467902845601,26,-0.03893532097154401,52,-0.222935320971544,6,1,1
4558609924,2016-05-09,0.43636556517837966,-0.062365565178379656,57,-0.11836556517837965,27,-0.04336556517837964,54,0.1256344348216204,6,2,1
4558609924,2016-05-09,0.4851516437370285,-0.10715164373702851,57,-0.003151643737028531,27,-0.0881516437370285,54,0.09884835626297145,6,2,1
4558609924,2016-05-10,0.42452984097154167,-0.031529840971541656,59,-0.08752984097154165,28,-0.012529840971541695,56,-0.030529840971541655,8,3,0
4558609924,2016-05-10,0.47310337969495125,-0.07710337969495124,59,0.022896620305048743,28,-0.05710337969495127,56,-0.060103379694951276,8,3,0
4558609924,2016-05-11,0.43980741384679845,-0.05780741384679844,61,-0.11080741384679843,29,-0.03980741384679842,58,-0.11680741384679844,8,0,1
4558609924,2016-05-11,0.48864468905886377,-0.10264468905886376,61,-0.004644689058863782,29,-0.08464468905886374,58,-0.14664468905886374,8,0,0
4558609924,2016-05-12,0.392300528153402,-0.010300528153401989,63,-0.05030052815340197,30,0.006699471846598026,60,-0.180300528153402,9,0,0
4558609924,2016-05-12,0.4400060181473079,-0.05500601814730788,63,0.022993981852692136,30,-0.03700601814730786,60,-0.21100601814730788,9,0,0
4702921684,2016-04-12,0.4352055762243997,0.0,0,0.0,0,0.0,0,0.0,0,0,0
4702921684,2016-04-12,0.6011999692275892,0.0,0,0.0,0,0.0,0,0.0,0,0,0
4702921684,2016-04-12,0.4840382966824291,0.0,0,0.0,0,0.0,0,0.0,0,0,0
4702921684,2016-04-13,0.4413482832259632,-0.16534828322596318,3,-0.0733482832259632,1,-0.1263482832259632,2,-0.0003482832259631974,0,0,0
4702921684,2016-04-13,0.6071669031967872,-0.22816690319678723,3,-0.10116690319678723,1,-0.10116690319678723,1,-0.00016690319678724919,0,0,1
4702921684,2016-04-13,0.4902719474942702,-0.18427194749427023,3,-0.08127194749427025,1,-0.14027194749427024,2,-0.00027194749427023046,0,0,0
4702921684,2016-04-14,0.388592799300684,-0.120592799300684,6,-0.110592799300684,2,-0.17259279930068402,4,0.00040720069931599046,0,0,0
4702921684,2016-04-14,0.5542554413156234,-0.2112554413156234,6,-0.015255441315623397,2,-0.015255441315623397,2,-0.0002554413156233837,0,0,1
4702921684,2016-04-14,0.4362350045546927,-0.14723500455469274,6,-0.12423500455469272,2,-0.19423500455469273,4,-0.0002350045546927193,0,0,0
4702921684,2016-04-15,0.42369884009943654,-0.12969884009943655,9,-0.15869884009943652,3,-0.23069884009943653,6,0.00030115990056345243,0,0,0
4702921684,2016-04-15,0.5898882298007362,-0.2358882298007362,9,0.02911177019926381,3,0.02911177019926381,3,0.00011177019926378318,0,0,0
4702921684,2016-04-15,0.4723201634269061,-0.16032016342690608,9,-0.1773201634269061,3,-0.2573201634269061,6,-0.000320163426906106,0,0,0
4702921684,2016-04-16,0.4168372609832326,-0.1768372609832326,12,-0.18483726098323258,4,-0.25683726098323256,8,0.0001627390167673881,0,0,0
4702921684,2016-04-16,0.583058206361718,-0.29405820636171803,12,-0.03705820636171797,4,-0.03705820636171797,4,-5.820636171804949e-05,0,0,0
4702921684,2016-04-16,0.46530693359312836,-0.21030693359312835,12,-0.20630693359312835,4,-0.28630693359312837,8,-0.00030693359312833346,0,0,1
4702921684,2016-04-17,0.33705000922025347,-0.10305000922025345,15,-0.16805000922025345,5,-0.15805000922025347,10,-5.000922025344412e-05,0,1,1
4702921684,2016-04-17,0.49866064124917187,-0.22366064124917184,15,-0.049660641249171855,5,-0.049660641249171855,5,0.0003393587508281337,0,1,1
4702921684,2016-04-17,0.38232451406395307,-0.13632451406395307,15,-0.09132451406395309,5,-0.18832451406395306,10,-0.00032451406395306304,0,1,1
4702921684,2016-04-18,0.4501215807288003,-0.09112158072880033,18,-0.15412158072880033,6,-0.14112158072880032,12,-0.0001215807288003079,0,4,0
4702921684,2016-04-18,0.6156041645743843,-0.22060416457438425,18,-0.06260416457438422,6,-0.06260416457438422,6,0.0003958354256157204,0,4,0
4702921684,2016-04-18,0.49914883009712774,-0.13014883009712774,18,-0.09014883009712776,6,-0.17614883009712773,12,-0.00014883009712773898,0,4,1
4702921684,2016-04-19,0.4352055762243997,-0.08220557622439972,21,-0.1702055762243997,7,-0.11020557622439969,14,-0.16320557622439968,3,1,0
4702921684,2016-04-19,0.6011999692275892,-0.21619996922758922,21,-0.10119996922758923,7,-0.10119996922758923,7,-0.22519996922758923,3,1,1
4702921684,2016-04-19,0.4840382966824291,-0.1220382966824291,21,-0.03203829668242908,7,-0.14603829668242907,14,-0.1810382966824291,3,1,0
4702921684,2016-04-20,0.4413482832259632,-0.08934828322596322,24,-0.1943482832259632,8,-0.14534828322596322,16,-0.04034828322596318,3,0,0
4702921684,2016-04-20,0.6071669031967872,-0.22616690319678723,24,-0.0661669031967872,8,-0.0661669031967872,8,-0.10316690319678723,3,0,1
4702921684,2016-04-20,0.4902719474942702,-0.13027194749427023,24,-0.07127194749427024,8,-0.18327194749427023,16,-0.05927194749427023,3,0,0
4702921684,2016-04-21,0.388592799300684,-0.046592799300683996,27,-0.17859279930068403,9,-0.13059279930068401,18,-0.020592799300684028,3,0,1
4702921684,2016-04-21,0.5542554413156234,-0.18625544131562344,27,0.0007445586843766172,9,0.0007445586843766172,9,-0.08325544131562346,3,0,0
4702921684,2016-04-21,0.4362350045546927,-0.08723500455469274,27,-0.06623500455469272,9,-0.1672350045546927,18,-0.0382350045546927,3,0,0
4702921684,2016-04-22,0.42369884009943654,-0.07769884009943656,30,-0.1486988400994365,10,-0.13869884009943656,20,-0.15869884009943652,3,0,0
4702921684,2016-04-22,0.4723201634269061,-0.1193201634269061,30,-0.1153201634269061,10,-0.1783201634269061,20,-0.1773201634269061,3,0,0
4702921684,2016-04-23,0.4168372609832326,-0.08983726098323258,32,-0.1618372609832326,11,-0.15483726098323258,22,-0.030837260983232584,3,0,1
4702921684,2016-04-23,0.583058206361718,-0.23405820636171804,32,-0.05505820636171799,10,-0.05505820636171799,10,-0.09405820636171802,3,0,1
4702921684,2016-04-23,0.46530693359312836,-0.13230693359312834,32,-0.13230693359312834,11,-0.19430693359312834,22,-0.04930693359312838,3,0,1
4702921684,2016-04-24,0.33705000922025347,0.029949990779746527,35,-0.06105000922025344,12,-0.03805000922025348,24,0.2489499907797465,3,3,1
4702921684,2016-04-24,0.49866064124917187,-0.11166064124917185,35,0.03233935875082816,11,0.03233935875082816,11,0.1883393587508282,3,3,1
4702921684,2016-04-24,0.38232451406395307,-0.009324514063953071,35,-0.03432451406395309,12,-0.07532451406395307,24,0.23167548593604692,3,3,1
4702921684,2016-04-25,0.4501215807288003,-0.02612158072880033,38,-0.10312158072880034,13,-0.08712158072880033,26,-0.04412158072880029,3,6,0
4702921684,2016-04-25,0.6156041645743843,-0.17160416457438427,38,-0.0226041645743843,12,-0.0226041645743843,12,-0.10560416457438426,3,6,0
4702921684,2016-04-25,0.49914883009712774,-0.06914883009712774,38,-0.08314883009712776,13,-0.12814883009712774,26,-0.06214883009712774,3,6,0
4702921684,2016-04-26,0.4352055762243997,-0.040205576224399686,41,-0.11020557622439969,14,-0.09620557622439968,28,-0.14620557622439972,6,0,0
4702921684,2016-04-26,0.6011999692275892,-0.18819996922758925,41,-0.045199969227589176,13,-0.045199969227589176,13,-0.23719996922758924,6,0,0
4702921684,2016-04-26,0.4840382966824291,-0.08403829668242907,41,-0.09303829668242908,14,-0.13803829668242912,28,-0.1730382966824291,6,0,0
4702921684,2016-04-27,0.4413482832259632,-0.0693482832259632,44,-0.1313482832259632,15,-0.1213482832259632,30,-0.059348283225963194,6,0,0
4702921684,2016-04-27,0.6071669031967872,-0.21916690319678722,44,-0.07916690319678721,14,-0.07916690319678721,14,-0.14916690319678721,6,0,1
4702921684,2016-04-27,0.4902719474942702,-0.11327194749427022,44,-0.11727194749427022,15,-0.1632719474942702,30,-0.0852719474942702,6,0,1
4702921684,2016-04-28,0.388592799300684,-0.004592799300684014,47,-0.10559279930068405,16,-0.06559279930068401,32,-0.030592799300684037,6,1,1
4702921684,2016-04-28,0.5542554413156234,-0.1552554413156234,47,-0.015255441315623397,15,-0.015255441315623397,15,-0.12025544131562343,6,1,1
4702921684,2016-04-28,0.4362350045546927,-0.048235004554692706,47,-0.046235004554692705,16,-0.1072350045546927,32,-0.056235004554692714,6,1,0
4702921684,2016-04-29,0.42369884009943654,-0.02169884009943651,50,-0.09969884009943653,17,-0.08769884009943651,34,-0.21169884009943654,5,0,1
4702921684,2016-04-29,0.5898882298007362,-0.1728882298007362,50,-0.020888229800736235,16,-0.020888229800736235,16,-0.2948882298007362,5,0,0
4702921684,2016-04-29,0.4723201634269061,-0.06532016342690611,50,-0.09232016342690608,17,-0.12932016342690605,34,-0.2363201634269061,5,0,0
4702921684,2016-04-30,0.4168372609832326,-0.018837260983232573,53,-0.06583726098323261,18,-0.07283726098323262,36,0.13616273901676745,6,0,0
4702921684,2016-04-30,0.583058206361718,-0.17105820636171803,53,-0.041058206361717975,17,-0.041058206361717975,17,0.04594179363828199,6,0,0
4702921684,2016-04-30,0.46530693359312836,-0.06330693359312833,53,-0.10330693359312837,18,-0.11630693359312838,36,0.1096930664068716,6,0,1
4702921684,2016-05-02,0.4501215807288003,-0.0521215807288003,56,-0.10612158072880035,19,-0.09512158072880034,38,-0.15412158072880033,6,1,1
4702921684,2016-05-02,0.49914883009712774,-0.09714883009712771,56,-0.10314883009712772,19,-0.13914883009712775,38,-0.18114883009712773,6,1,0
4702921684,2016-05-03,0.4352055762243997,-0.03520557622439968,58,-0.06820557622439971,20,-0.07620557622439972,40,-0.2082055762243997,9,0,0
4702921684,2016-05-03,0.6011999692275892,-0.18819996922758925,58,-0.0791999692275892,18,-0.0791999692275892,18,-0.31519996922758925,9,0,0
4702921684,2016-05-03,0.4840382966824291,-0.08103829668242907,58,-0.10703829668242909,20,-0.1190382966824291,40,-0.2400382966824291,9,0,0
4702921684,2016-05-04,0.4413482832259632,-0.059348283225963194,61,-0.08734828322596322,21,-0.09634828322596323,42,0.0016517167740368044,9,0,0
4702921684,2016-05-04,0.6071669031967872,-0.21316690319678722,61,-0.10616690319678723,19,-0.10616690319678723,19,-0.10416690319678723,9,0,0
4702921684,2016-05-04,0.4902719474942702,-0.10427194749427021,61,-0.12627194749427023,21,-0.14027194749427024,42,-0.0292719474942702,9,0,0
4702921684,2016-05-05,0.388592799300684,-0.027592799300684034,64,-0.057592799300684006,22,-0.06359279930068401,44,0.035407200699315966,9,0,0
4702921684,2016-05-05,0.5542554413156234,-0.18125544131562343,64,-0.08325544131562346,20,-0.08325544131562346,20,-0.07025544131562345,9,0,0
4702921684,2016-05-05,0.4362350045546927,-0.07123500455469273,64,-0.0962350045546927,22,-0.1062350045546927,44,0.005764995445307286,9,0,0
4702921684,2016-05-06,0.42369884009943654,-0.07469884009943656,67,-0.09769884009943652,23,-0.10769884009943653,46,-0.18369884009943654,8,0,0
4702921684,2016-05-06,0.5898882298007362,-0.2298882298007362,67,-0.12988822980073617,21,-0.12988822980073617,21,-0.2858882298007362,8,0,0
4702921684,2016-05-06,0.4723201634269061,-0.1203201634269061,67,-0.13832016342690606,23,-0.15132016342690607,46,-0.21332016342690607,8,0,1
4702921684,2016-05-07,0.4168372609832326,-0.06883726098323262,70,-0.1038372609832326,24,-0.09483726098323259,48,0.08916273901676741,9,1,1
4702921684,2016-05-07,0.583058206361718,-0.22405820636171803,70,-0.142058206361718,22,-0.142058206361718,22,-0.018058206361718065,9,1,1
4702921684,2016-05-07,0.46530693359312836,-0.11430693359312838,70,-0.10930693359312837,24,-0.13830693359312835,48,0.05769306640687166,9,1,1
4702921684,2016-05-08,0.33705000922025347,0.030949990779746528,73,-0.014050009220253457,25,0.0029499907797465585,50,0.3619499907797465,6,4,1
4702921684,2016-05-08,0.38232451406395307,-0.011324514063953073,73,-0.01832451406395308,25,-0.0383245140639531,50,0.3366754859360469,6,4,1
4702921684,2016-05-09,0.4501215807288003,-0.059121580728800305,75,-0.08712158072880033,26,-0.07712158072880032,52,-0.1231215807288003,8,6,0
4702921684,2016-05-09,0.6156041645743843,-0.21460416457438425,75,-0.14860416457438425,23,-0.14860416457438425,23,-0.22460416457438426,8,6,1
4702921684,2016-05-09,0.49914883009712774,-0.10514883009712772,75,-0.09614883009712771,26,-0.12214883009712774,52,-0.15314883009712776,8,6,1
4702921684,2016-05-10,0.4352055762243997,-0.03520557622439968,78,-0.08620557622439973,27,-0.0592055762243997,54,-0.2482055762243997,12,1,0
4702921684,2016-05-10,0.6011999692275892,-0.19119996922758925,78,-0.11819996922758924,24,-0.11819996922758924,24,-0.36519996922758924,12,1,0
4702921684,2016-05-10,0.4840382966824291,-0.08103829668242907,78,-0.06503829668242911,27,-0.10403829668242909,54,-0.2830382966824291,12,1,1
4702921684,2016-05-11,0.4413482832259632,-0.04334828322596318,81,-0.10134828322596318,28,-0.061348283225963196,56,-0.07634828322596321,12,1,0
4702921684,2016-05-11,0.6071669031967872,-0.20016690319678726,81,-0.1391669031967872,25,-0.1391669031967872,25,-0.19316690319678725,12,1,0
4702921684,2016-05-11,0.4902719474942702,-0.0892719474942702,81,-0.05227194749427022,28,-0.10627194749427021,56,-0.11127194749427022,12,1,1
4702921684,2016-05-12,0.388592799300684,0.004407200699315994,84,-0.06659279930068401,29,-0.008592799300684018,58,-0.038592799300684044,12,1,0
4702921684,2016-05-12,0.5542554413156234,-0.1522554413156234,84,-0.11025544131562343,26,-0.11025544131562343,26,-0.1562554413156234,12,1,0
4702921684,2016-05-12,0.4362350045546927,-0.0412350045546927,84,0.01076499544530729,29,-0.05223500455469271,58,-0.07223500455469273,12,1,0
5553957443,2016-04-12,0.414134261561043,0.0,0,0.0,0,0.0,0,0.0,0,0,0
5553957443,2016-04-12,0.5738585041008658,0.0,0,0.0,0,0.0,0,0.0,0,0,1
5553957443,2016-04-12,0.46391605943926995,0.0,0,0.0,0,0.0,0,0.0,0,0,1
5553957443,2016-04-13,0.4417884917138303,0.08421150828616975,3,-0.07378849171383028,1,0.01621150828616974,2,0.00021150828616972595,0,2,0
5553957443,2016-04-13,0.6012329721759653,0.024767027824034726,3,0.06676702782403476,1,0.06676702782403476,1,-0.00023297217596529585,0,2,0
5553957443,2016-04-13,0.4921023076546359,0.06589769234536413,3,0.08489769234536404,1,0.001897692345364077,2,-0.00010230765463592473,0,2,0
5553957443,2016-04-14,0.3705767699795087,-0.020576769979508747,6,-0.10557676997950871,2,-0.05357676997950872,4,0.000423230020491272,0,0,1
5553957443,2016-04-14,0.5286606917631285,-0.10666069176312848,6,-0.008660691763128447,2,-0.008660691763128447,2,0.00033930823687156053,0,0,0
5553957443,2016-04-14,0.4188660836328771,-0.04686608363287709,6,0.02313391636712292,2,-0.07486608363287711,4,0.00013391636712289934,0,0,1
5553957443,2016-04-15,0.4019269670411073,0.027073032958892684,9,-0.025926967041107307,3,0.05307303295889271,6,7.303295889271588e-05,0,1,1
5553957443,2016-04-15,0.561455040210024,-0.07545504021002403,9,-0.08545504021002404,3,-0.08545504021002404,3,-0.00045504021002396033,0,1,0
5553957443,2016-04-15,0.4513719020689198,-0.004371902068919797,9,0.08062809793108022,3,0.026628097931080175,6,-0.0003719020689197938,0,1,1
5553957443,2016-04-16,0.4361665718211033,0.044833428178896684,12,0.028833428178896725,4,0.11583342817889675,8,-0.0001665718211033007,0,1,0
5553957443,2016-04-16,0.5957474882009285,-0.06774748820092846,12,-0.15374748820092848,4,-0.15374748820092848,4,0.00025251179907148646,0,1,1
5553957443,2016-04-16,0.48639801857923337,0.009601981420766625,12,0.11760198142076661,4,0.08560198142076658,8,-0.00039801857923338346,0,1,0
5553957443,2016-04-17,0.3626659555894688,0.07833404441053121,15,0.018334044410531214,5,0.09133404441053122,10,0.00033404441053119793,0,0,0
5553957443,2016-04-17,0.520164082257676,-0.04016408225767598,15,-0.060164082257675944,5,-0.060164082257675944,5,-0.00016408225767594597,0,0,0
5553957443,2016-04-17,0.410596883372873,0.042403116627127035,15,0.09440311662712703,5,0.059403116627126995,10,0.00040311662712699814,0,0,0
5553957443,2016-04-18,0.44088784804204695,-0.040887848042046926,18,-0.05888784804204694,6,-0.01688784804204696,12,0.00011215195795305499,0,0,0
5553957443,2016-04-18,0.6003568698904802,-0.1653568698904802,18,-0.1453568698904802,6,-0.1453568698904802,6,-0.000356869890480227,0,0,1
5553957443,2016-04-18,0.49118934866878217,-0.08018934866878219,18,0.00481065133121783,6,-0.052189348668782165,12,-0.00018934866878217438,0,0,0
5553957443,2016-04-19,0.414134261561043,-0.027134261561042983,21,-0.07513426156104297,7,-0.042134261561042996,14,0.09486573843895701,3,0,1
5553957443,2016-04-19,0.5738585041008658,-0.15585850410086582,21,-0.08485850410086582,7,-0.08485850410086582,7,0.03514149589913418,3,0,0
5553957443,2016-04-19,0.46391605943926995,-0.06691605943926993,21,-0.02091605943926994,7,-0.07891605943926994,14,0.07608394056073009,3,0,1
5553957443,2016-04-20,0.4417884917138303,-0.020788491713830293,24,-0.040788491713830255,8,-0.0027884917138302767,16,-0.16578849171383025,3,2,0
5553957443,2016-04-20,0.6012329721759653,-0.15323297217596527,24,-0.13923297217596525,8,-0.13923297217596525,8,-0.22523297217596527,3,2,1
5553957443,2016-04-20,0.4921023076546359,-0.062102307654635924,24,0.00489769234536408,8,-0.041102307654635906,16,-0.18410230765463592,3,2,0
5553957443,2016-04-21,0.3705767699795087,0.0314232300204913,27,-0.02357676997950875,9,0.014423230020491284,18,0.11142323002049126,3,0,1
5553957443,2016-04-21,0.5286606917631285,-0.10266069176312848,27,-0.05366069176312849,9,-0.05366069176312849,9,0.051339308236871495,3,0,0
5553957443,2016-04-21,0.4188660836328771,-0.00986608363287711,27,0.016133916367122914,9,-0.023866083632877066,18,0.09313391636712293,3,0,1
5553957443,2016-04-22,0.4019269670411073,0.027073032958892684,30,-0.000926967041107285,10,0.038073032958892694,20,0.09907303295889269,3,2,0
5553957443,2016-04-22,0.561455040210024,-0.109455040210024,30,-0.107455040210024,10,-0.107455040210024,10,0.039544959789975964,3,2,0
5553957443,2016-04-22,0.4513719020689198,-0.015371902068919807,30,0.03262809793108018,10,-0.0013719020689197947,20,0.08062809793108022,3,2,1
5553957443,2016-04-23,0.4361665718211033,-0.01016657182110331,33,-0.05016657182110329,11,0.014833428178896713,22,-0.03816657182110328,3,1,0
5553957443,2016-04-23,0.5957474882009285,-0.14874748820092848,33,-0.1597474882009285,11,-0.1597474882009285,11,-0.09874748820092849,3,1,1
5553957443,2016-04-23,0.48639801857923337,-0.054398018579233376,33,0.04060198142076665,11,-0.02639801857923335,22,-0.05739801857923338,3,1,0
5553957443,2016-04-24,0.3626659555894688,0.047334044410531184,36,-0.020665955589468765,12,0.04433404441053118,24,-0.13566595558946878,3,0,0
5553957443,2016-04-24,0.520164082257676,-0.09116408225767597,36,-0.07316408225767596,12,-0.07316408225767596,12,-0.19516408225767595,3,0,1
5553957443,2016-04-24,0.410596883372873,0.005403116627127003,36,0.063403116627127,12,0.005403116627127003,24,-0.15359688337287297,3,0,0
5553957443,2016-04-25,0.44088784804204695,-0.02688784804204697,39,-0.09588784804204697,13,-0.04688784804204693,26,-0.039887848042046925,3,0,1
5553957443,2016-04-25,0.6003568698904802,-0.1683568698904802,39,-0.1003568698904802,13,-0.1003568698904802,13,-0.1003568698904802,3,0,1
5553957443,2016-04-25,0.49118934866878217,-0.07218934866878218,39,-0.021189348668782193,13,-0.08918934866878214,26,-0.05918934866878217,3,0,1
5553957443,2016-04-26,0.414134261561043,0.033865738438957016,42,-0.042134261561042996,14,0.011865738438956996,28,0.13786573843895705,6,3,1
5553957443,2016-04-26,0.5738585041008658,-0.10885850410086578,42,-0.05485850410086579,14,-0.05485850410086579,14,0.05014149589913419,6,3,0
5553957443,2016-04-26,0.46391605943926995,-0.00991605943926993,42,0.027083940560730047,14,-0.02991605943926995,28,0.11108394056073001,6,3,1
5553957443,2016-04-27,0.4417884917138303,0.022211508286169745,45,-0.0317884917138303,15,0.021211508286169745,30,-0.1497884917138303,6,2,1
5553957443,2016-04-27,0.6012329721759653,-0.12123297217596529,45,-0.10123297217596527,15,-0.10123297217596527,15,-0.23723297217596528,6,2,0
5553957443,2016-04-27,0.4921023076546359,-0.023102307654635945,45,0.030897692345364103,15,-0.022102307654635944,30,-0.17710230765463592,6,2,1
5553957443,2016-04-28,0.3705767699795087,0.09842323002049125,48,0.05142323002049126,16,0.11242323002049126,32,0.1614232300204913,6,2,1
5553957443,2016-04-28,0.5286606917631285,-0.04466069176312848,48,-0.06966069176312845,16,-0.06966069176312845,16,0.07533930823687152,6,2,0
5553957443,2016-04-28,0.4188660836328771,0.05413391636712289,48,0.10913391636712294,16,0.0701339163671229,32,0.13513391636712296,6,2,1
5553957443,2016-04-29,0.4019269670411073,0.08007303295889268,51,0.05307303295889271,17,0.1110730329588927,34,0.05307303295889271,6,2,1
5553957443,2016-04-29,0.561455040210024,-0.06445504021002402,51,-0.11545504021002401,17,-0.11545504021002401,17,-0.03345504021002399,6,2,1
5553957443,2016-04-29,0.4513719020689198,0.03562809793108018,51,0.10562809793108024,17,0.06762809793108021,34,0.026628097931080175,6,2,1
5553957443,2016-04-30,0.4361665718211033,0.07583342817889671,54,0.04983342817889669,18,0.10483342817889674,36,-0.056166571821103295,6,5,0
5553957443,2016-04-30,0.5957474882009285,-0.07074748820092847,54,-0.11874748820092851,18,-0.11874748820092851,18,-0.14274748820092847,6,5,1
5553957443,2016-04-30,0.48639801857923337,0.029601981420766643,54,0.09760198142076659,18,0.06060198142076667,36,-0.08339801857923335,6,5,0
5553957443,2016-05-01,0.3626659555894688,0.1343340444105312,57,0.08833404441053122,19,0.14433404441053121,38,-0.10666595558946879,6,0,0
5553957443,2016-05-01,0.520164082257676,-0.010164082257675955,57,-0.03716408225767598,19,-0.03716408225767598,19,-0.19316408225767595,6,0,1
5553957443,2016-05-01,0.410596883372873,0.09040311662712702,57,0.13340311662712706,19,0.10240311662712703,38,-0.13259688337287295,6,0,0
5553957443,2016-05-02,0.44088784804204695,0.05411215195795305,60,0.007112151957953061,20,0.052112151957953046,40,0.123112151957953,6,0,0
5553957443,2016-05-02,0.6003568698904802,-0.0923568698904802,60,-0.08035686989048019,20,-0.08035686989048019,20,0.036643130109519806,6,0,0
5553957443,2016-05-02,0.49118934866878217,0.007810651331217833,60,0.04681065133121787,20,0.007810651331217833,40,0.0958106513312178,6,0,0
5553957443,2016-05-03,0.414134261561043,0.05786573843895698,63,0.011865738438956996,21,0.05586573843895698,42,0.16186573843895696,9,0,0
5553957443,2016-05-03,0.5738585041008658,-0.09085850410086582,63,-0.07885850410086581,21,-0.07885850410086581,21,0.0601414958991342,9,0,0
5553957443,2016-05-03,0.46391605943926995,0.011083940560730032,63,0.048083940560730065,21,0.011083940560730032,42,0.13008394056073003,9,0,1
5553957443,2016-05-04,0.4417884917138303,0.02621150828616975,66,-0.026788491713830298,22,0.0322115082861697,44,-0.06978849171383028,9,1,0
5553957443,2016-05-04,0.6012329721759653,-0.1222329721759653,66,-0.11923297217596529,22,-0.11923297217596529,22,-0.17223297217596528,9,1,1
5553957443,2016-05-04,0.4921023076546359,-0.021102307654635943,66,0.043897692345364114,22,-0.013102307654635936,44,-0.1021023076546359,9,1,0
5553957443,2016-05-05,0.3705767699795087,0.08642323002049129,69,0.017423230020491287,23,0.07742323002049128,46,0.19042323002049133,9,0,1
5553957443,2016-05-05,0.5286606917631285,-0.06066069176312844,69,-0.04166069176312848,23,-0.04166069176312848,23,0.08833930823687153,9,0,1
5553957443,2016-05-05,0.4188660836328771,0.04213391636712294,69,0.08413391636712292,23,0.03413391636712293,46,0.15913391636712287,9,0,1
5553957443,2016-05-06,0.4019269670411073,0.07907303295889268,72,0.012073032958892671,24,0.07007303295889267,48,0.17007303295889264,9,3,1
5553957443,2016-05-06,0.561455040210024,-0.07045504021002402,72,-0.050455040210024005,24,-0.050455040210024005,24,0.06754495978997599,9,3,1
5553957443,2016-05-06,0.4513719020689198,0.03262809793108018,72,0.07462809793108022,24,0.025628097931080174,48,0.13862809793108016,9,3,1
5553957443,2016-05-07,0.4361665718211033,0.0658334281788967,75,0.002833428178896702,25,0.057833428178896695,50,-0.0661665718211033,9,6,0
5553957443,2016-05-07,0.5957474882009285,-0.08374748820092848,75,-0.06274748820092846,25,-0.06274748820092846,25,-0.1687474882009285,9,6,0
5553957443,2016-05-07,0.48639801857923337,0.018601981420766633,75,0.06160198142076667,25,0.012601981420766628,50,-0.09839801857923336,9,6,0
5553957443,2016-05-08,0.3626659555894688,0.11733404441053119,78,0.05033404441053119,26,0.10733404441053118,52,-0.09066595558946877,9,0,0
5553957443,2016-05-08,0.520164082257676,-0.031164082257675974,78,-0.01716408225767596,26,-0.01716408225767596,26,-0.19116408225767595,9,0,1
5553957443,2016-05-08,0.410596883372873,0.072403116627127,78,0.10740311662712704,26,0.064403116627127,52,-0.121596883372873,9,0,0
5553957443,2016-05-09,0.44088784804204695,0.03811215195795303,81,-0.02788784804204697,27,0.020112151957953073,54,0.0021121519579530568,9,0,1
5553957443,2016-05-09,0.6003568698904802,-0.11235686989048022,81,-0.06935686989048018,27,-0.06935686989048018,27,-0.1003568698904802,9,0,1
5553957443,2016-05-09,0.49118934866878217,-0.009189348668782182,81,0.022810651331217846,27,-0.026189348668782142,54,-0.030189348668782146,9,0,1
5553957443,2016-05-10,0.414134261561043,0.080865738438957,84,0.011865738438956996,28,0.06286573843895699,56,0.11986573843895704,12,3,1
5553957443,2016-05-10,0.5738585041008658,-0.0698585041008658,84,-0.03285850410086577,28,-0.03285850410086577,28,0.007141495899134154,12,3,0
5553957443,2016-05-10,0.46391605943926995,0.03408394056073005,84,0.06108394056073008,28,0.017083940560730038,56,0.0840839405607301,12,3,1
5553957443,2016-05-11,0.4417884917138303,0.060211508286169724,87,0.00521150828616973,29,0.05321150828616972,58,-0.07678849171383029,12,2,0
5553957443,2016-05-11,0.6012329721759653,-0.09023297217596526,87,-0.07123297217596525,29,-0.07123297217596525,29,-0.1892329721759653,12,2,1
5553957443,2016-05-11,0.4921023076546359,0.012897692345364087,87,0.05089769234536412,29,0.0068976923453640815,58,-0.11210230765463591,12,2,0
5553957443,2016-05-12,0.3705767699795087,0.12242323002049127,90,0.053423230020491264,30,0.10442323002049125,60,0.2674232300204913,12,0,0
5553957443,2016-05-12,0.5286606917631285,-0.026660691763128463,90,0.004339308236871564,30,0.004339308236871564,30,0.1563393082368716,12,0,1
5553957443,2016-05-12,0.4188660836328771,0.07713391636712291,90,0.09813391636712293,30,0.059133916367122896,60,0.23413391636712294,12,0,0
5577150313,2016-04-12,0.40232518534803197,0.0,0,0.0,0,0.0,0,0.0,0,0,1
5577150313,2016-04-12,0.5624489452090791,0.0,0,0.0,0,0.0,0,0.0,0,0,0
5577150313,2016-04-12,0.4654700849939877,0.0,0,0.0,0,0.0,0,0.0,0,0,1
5577150313,2016-04-13,0.42395904236303644,0.09104095763696357,3,0.09604095763696358,1,0.16504095763696353,2,4.0957636963545596e-05,0,1,0
5577150313,2016-04-13,0.5842758298429492,0.030724170157050756,3,-0.09727582984294925,1,-0.09727582984294925,1,-0.00027582984294927115,0,1,1
5577150313,2016-04-13,0.48772855428993594,0.0672714457100641,3,0.08527144571006401,1,0.14627144571006406,2,0.0002714457100640444,0,1,0
5577150313,2016-04-14,0.36254834991900053,0.07545165008099947,6,0.03945165008099949,2,0.061451650080999454,4,0.00045165008099945503,0,0,1
5577150313,2016-04-14,0.5206314091260152,-0.011631409126015235,6,-0.00563140912601523,2,-0.00563140912601523,2,0.0003685908739847754,0,0,1
5577150313,2016-04-14,0.4238778656695576,0.04112213433044243,6,0.02212213433044241,2,0.03412213433044242,4,0.00012213433044239164,0,0,1
5577150313,2016-04-15,0.39431968104885334,0.1746803189511466,9,0.10168031895114665,3,0.1486803189511467,6,-0.0003196810488533264,0,3,1
5577150313,2016-04-15,0.5542117426790245,0.07278825732097549,9,0.041788257320975464,3,0.041788257320975464,3,-0.00021174267902446253,0,3,1
5577150313,2016-04-15,0.4571692024752463,0.1348307975247537,9,0.07883079752475375,3,0.11383079752475367,6,-0.0001692024752462662,0,3,1
5577150313,2016-04-16,0.40268883699289154,0.24531116300710848,12,0.1543111630071085,4,0.21331116300710845,8,0.00031116300710848366,0,6,1
5577150313,2016-04-16,0.5628210369816169,0.13217896301838306,12,0.08317896301838312,4,0.08317896301838312,4,0.0001789630183830493,0,6,1
5577150313,2016-04-16,0.4658463256301198,0.20015367436988024,12,0.12615367436988018,4,0.17515367436988022,8,0.0001536743698802301,0,6,1
5577150313,2016-04-17,0.3307813885514193,0.35221861144858074,15,0.23421861144858064,5,0.3132186114485807,10,0.0002186114485807078,0,9,1
5577150313,2016-04-17,0.4855640200092038,0.23543597999079618,15,0.15743597999079623,5,0.15743597999079623,5,0.0004359799907961981,0,9,1
5577150313,2016-04-17,0.3900250769018219,0.30797492309817803,15,0.20497492309817805,5,0.2729749230981781,10,-2.5076901821907693e-05,0,9,1
5577150313,2016-04-18,0.42862429281609427,0.31637570718390573,18,0.22037570718390576,6,0.2853757071839057,12,0.0003757071839057269,0,12,1
5577150313,2016-04-18,0.588901694235599,0.191098305764401,18,0.13309830576440096,6,0.13309830576440096,6,9.830576440095218e-05,0,12,1
5577150313,2016-04-18,0.49249557789563475,0.26650442210436526,18,0.1855044221043653,6,0.24050442210436523,12,-0.0004955778956347578,0,12,1
5577150313,2016-04-19,0.40232518534803197,0.36767481465196805,21,0.26567481465196807,7,0.334674814651968,14,0.09867481465196803,3,15,1
5577150313,2016-04-19,0.5624489452090791,0.23755105479092098,21,0.17155105479092092,7,0.17155105479092092,7,0.039551054790920914,3,15,1
5577150313,2016-04-19,0.4654700849939877,0.31652991500601235,21,0.22852991500601227,7,0.2885299150060123,14,0.07552991500601236,3,15,1
5577150313,2016-04-20,0.42395904236303644,0.3730409576369636,24,0.2780409576369635,8,0.3440409576369636,16,-0.03395904236303643,3,18,1
5577150313,2016-04-20,0.5842758298429492,0.24072417015705072,24,0.17872417015705078,8,0.17872417015705078,8,-0.09427582984294924,3,18,1
5577150313,2016-04-20,0.48772855428993594,0.3202714457100641,24,0.23827144571006403,8,0.2952714457100641,16,-0.05772855428993595,3,18,0
5577150313,2016-04-21,0.36254834991900053,0.4124516500809995,27,0.3384516500809994,9,0.36845165008099945,18,0.23945165008099945,3,0,1
5577150313,2016-04-21,0.5206314091260152,0.2793685908739848,27,0.23636859087398476,9,0.23636859087398476,9,0.1793685908739847,3,0,1
5577150313,2016-04-21,0.4238778656695576,0.36112213433044243,27,0.22712213433044243,9,0.3201221343304424,18,0.21612213433044242,3,0,1
5577150313,2016-04-22,0.39431968104885334,0.4046803189511467,30,0.33668031895114664,10,0.36468031895114666,20,0.22668031895114665,3,3,1
5577150313,2016-04-22,0.5542117426790245,0.26778825732097544,30,0.23078825732097552,10,0.23078825732097552,10,0.16678825732097546,3,3,0
5577150313,2016-04-22,0.4571692024752463,0.35083079752475377,30,0.22883079752475377,10,0.31383079752475374,20,0.20383079752475375,3,3,1
5577150313,2016-04-23,0.40268883699289154,0.3873111630071085,33,0.34831116300710846,11,0.3753111630071085,22,0.22431116300710846,3,1,1
5577150313,2016-04-23,0.5628210369816169,0.24817896301838316,33,0.1751789630183831,11,0.1751789630183831,11,0.16417896301838308,3,1,1
5577150313,2016-04-23,0.4658463256301198,0.33215367436988025,33,0.24215367436988017,11,0.32415367436988024,22,0.20015367436988024,3,1,1
5577150313,2016-04-24,0.3307813885514193,0.46521861144858073,36,0.4132186114485807,12,0.4502186114485807,24,0.25121861144858065,3,4,1
5577150313,2016-04-24,0.4855640200092038,0.32943597999079616,36,0.2454359799907962,12,0.2454359799907962,12,0.19243597999079626,3,4,1
5577150313,2016-04-24,0.3900250769018219,0.4139749230981781,36,0.31297492309817804,12,0.4009749230981781,24,0.22897492309817807,3,4,1
5577150313,2016-04-25,0.42862429281609427,0.3923757071839057,39,0.35737570718390577,13,0.3823757071839058,26,0.21437570718390575,3,7,1
5577150313,2016-04-25,0.588901694235599,0.25109830576440095,39,0.186098305764401,13,0.186098305764401,13,0.15409830576440098,3,7,1
5577150313,2016-04-25,0.49249557789563475,0.3365044221043652,39,0.25550442210436525,13,0.3285044221043652,26,0.1905044221043653,3,7,0
5577150313,2016-04-26,0.40232518534803197,0.4066748146519681,42,0.38767481465196807,14,0.38567481465196807,28,0.23467481465196804,6,0,1
5577150313,2016-04-26,0.5624489452090791,0.2635510547909209,42,0.21755105479092096,14,0.21755105479092096,14,0.1475510547909209,6,0,0
5577150313,2016-04-26,0.4654700849939877,0.34952991500601227,42,0.23552991500601228,14,0.33252991500601237,28,0.20052991500601236,6,0,0
5577150313,2016-04-27,0.42395904236303644,0.3580409576369636,45,0.3820409576369636,15,0.3510409576369636,30,0.04104095763696358,6,0,1
5577150313,2016-04-27,0.5842758298429492,0.2137241701570508,45,0.16172417015705076,15,0.16172417015705076,15,-0.0462758298429492,6,0,1
5577150313,2016-04-27,0.48772855428993594,0.3012714457100641,45,0.1842714457100641,15,0.2962714457100641,30,0.00627144571006405,6,0,0
5577150313,2016-04-28,0.36254834991900053,0.4074516500809995,48,0.4384516500809995,16,0.38945165008099947,32,0.34745165008099943,6,0,1
5577150313,2016-04-28,0.5206314091260152,0.2643685908739848,48,0.22236859087398475,16,0.22236859087398475,16,0.2613685908739848,6,0,0
5577150313,2016-04-28,0.4238778656695576,0.3521221343304424,48,0.2011221343304424,16,0.3361221343304424,32,0.3141221343304424,6,0,0
5577150313,2016-04-29,0.39431968104885334,0.35468031895114666,51,0.4226803189511466,17,0.34868031895114665,34,0.23968031895114666,6,0,1
5577150313,2016-04-29,0.5542117426790245,0.2097882573209755,51,0.16278825732097546,17,0.16278825732097546,17,0.15178825732097545,6,0,1
5577150313,2016-04-29,0.4571692024752463,0.2978307975247537,51,0.1468307975247537,17,0.2938307975247537,34,0.20483079752475375,6,0,1
5577150313,2016-04-30,0.40268883699289154,0.36031116300710847,54,0.4243111630071084,18,0.35331116300710846,36,0.32531116300710844,6,3,1
5577150313,2016-04-30,0.5628210369816169,0.21417896301838313,54,0.1681789630183831,18,0.1681789630183831,18,0.23817896301838315,6,3,1
5577150313,2016-04-30,0.4658463256301198,0.3021536743698802,54,0.1571536743698802,18,0.2981536743698802,36,0.2911536743698802,6,3,1
5577150313,2016-05-01,0.3307813885514193,0.4382186114485807,57,0.48821861144858064,19,0.4282186114485807,38,0.36521861144858064,6,6,1
5577150313,2016-05-01,0.4855640200092038,0.29543597999079624,57,0.2404359799907962,19,0.2404359799907962,19,0.2804359799907962,6,6,1
5577150313,2016-05-01,0.3900250769018219,0.3829749230981781,57,0.23297492309817808,19,0.3759749230981781,38,0.33297492309817806,6,6,1
5577150313,2016-05-02,0.42862429281609427,0.35837570718390577,60,0.4173757071839057,20,0.35237570718390576,40,0.22037570718390576,6,9,0
5577150313,2016-05-02,0.588901694235599,0.21009830576440103,60,0.169098305764401,20,0.169098305764401,20,0.13309830576440096,6,9,1
5577150313,2016-05-02,0.49249557789563475,0.2995044221043653,60,0.16550442210436528,20,0.2955044221043653,40,0.1855044221043653,6,9,1
5577150313,2016-05-03,0.40232518534803197,0.37767481465196806,63,0.4056748146519681,21,0.36367481465196805,42,0.169674814651968,9,1,1
5577150313,2016-05-03,0.5624489452090791,0.22855105479092097,63,0.19955105479092095,21,0.19955105479092095,21,0.06655105479092094,9,1,1
5577150313,2016-05-03,0.4654700849939877,0.31852991500601235,63,0.20052991500601236,21,0.30752991500601234,42,0.1295299150060123,9,1,0
5577150313,2016-05-04,0.42395904236303644,0.3520409576369636,66,0.3950409576369635,22,0.33404095763696356,44,0.08504095763696357,9,0,1
5577150313,2016-05-04,0.5842758298429492,0.2037241701570508,66,0.1907241701570508,22,0.1907241701570508,22,-0.018275829842949287,9,0,1
5577150313,2016-05-04,0.48772855428993594,0.2932714457100641,66,0.15827144571006407,22,0.27627144571006407,44,0.04327144571006408,9,0,1
5577150313,2016-05-05,0.36254834991900053,0.4184516500809995,69,0.4524516500809994,23,0.3984516500809995,46,0.26645165008099947,9,3,1
5577150313,2016-05-05,0.4238778656695576,0.36112213433044243,69,0.22312213433044242,23,0.3431221343304424,46,0.22712213433044243,9,3,1
5577150313,2016-05-06,0.39431968104885334,0.3946803189511467,71,0.4326803189511466,24,0.3786803189511467,48,0.3176803189511466,9,5,1
5577150313,2016-05-06,0.4571692024752463,0.33583079752475375,71,0.20783079752475375,24,0.32183079752475374,48,0.2778307975247537,9,5,0
5577150313,2016-05-09,0.42862429281609427,0.35537570718390576,73,0.4093757071839057,25,0.33737570718390575,50,0.22437570718390576,9,0,1
5577150313,2016-05-09,0.49249557789563475,0.2955044221043653,73,0.15650442210436527,25,0.27950442210436527,50,0.1835044221043653,9,0,0
5577150313,2016-05-10,0.40232518534803197,0.37267481465196806,75,0.436674814651968,26,0.35267481465196804,52,0.186674814651968,12,0,1
5577150313,2016-05-10,0.5624489452090791,0.22255105479092097,75,0.21655105479092096,23,0.21655105479092096,23,0.07355105479092094,12,0,1
5577150313,2016-05-10,0.4654700849939877,0.31352991500601235,75,0.15752991500601232,26,0.29452991500601233,52,0.1415299150060123,12,0,1
5577150313,2016-05-11,0.42395904236303644,0.3610409576369636,78,0.42304095763696353,27,0.34104095763696357,54,0.17104095763696353,12,3,1
5577150313,2016-05-11,0.5842758298429492,0.2097241701570508,78,0.2057241701570508,24,0.2057241701570508,24,0.05772417015705078,12,3,0
5577150313,2016-05-11,0.48772855428993594,0.3002714457100641,78,0.15127144571006407,27,0.2822714457100641,54,0.12627144571006405,12,3,0
6117666160,2016-04-15,0.4183676588218849,0.0,0,0.0,0,0.0,0,0.0,0,0,0
6117666160,2016-04-15,0.4566601209878737,0.0,0,0.0,0,0.0,0,0.0,0,0,1
6117666160,2016-04-16,0.4383749579970849,0.017625042002915092,2,-0.07337495799708493,1,0.017625042002915092,2,-0.0003749579970849237,0,1,0
6117666160,2016-04-16,0.5798289309297395,-0.022828930929739477,2,0.00017106907026043228,0,0.00017106907026043228,0,0.00017106907026043228,0,1,0
6117666160,2016-04-16,0.4769968584633483,0.007003141536651658,2,0.08700314153665162,1,0.007003141536651658,2,3.141536651651844e-06,0,1,1
6117666160,2016-04-17,0.366688595707871,0.016311404292129017,5,-0.10468859570787098,2,0.059311404292129,4,0.0003114042921290028,0,1,0
6117666160,2016-04-17,0.5058451664427798,-0.052845166442779756,5,-0.08384516644277978,1,-0.08384516644277978,1,0.00015483355722023529,0,1,0
6117666160,2016-04-17,0.4035326716500107,-0.0015326716500106974,5,0.17046732834998923,2,0.042467328349989286,4,0.0004673283499893044,0,1,1
6117666160,2016-04-18,0.4561425560389818,-0.05014255603898177,8,-0.17114255603898182,3,0.023857443961018188,6,-0.00014255603898177815,0,1,0
6117666160,2016-04-18,0.5972330333826453,-0.1372330333826453,8,-0.17023303338264534,2,-0.17023303338264534,2,-0.00023303338264535345,0,1,1
6117666160,2016-04-18,0.4949502932320207,-0.07395029323202074,8,0.18904970676797933,3,0.0030497067679792766,6,4.970676797927398e-05,0,1,1
6117666160,2016-04-19,0.42553451713466806,0.01946548286533195,11,-0.18953451713466807,4,0.04546548286533192,8,0.0004654828653319343,0,2,0
6117666160,2016-04-19,0.5670283524083873,-0.07702835240838735,11,-0.08802835240838736,3,-0.08802835240838736,3,-2.8352408387388728e-05,0,2,1
6117666160,2016-04-19,0.4639596915442431,-0.006959691544243085,11,0.23804030845575685,4,0.022040308455756885,8,4.03084557569211e-05,0,2,1
6117666160,2016-04-20,0.44806065952978946,0.037939340470210525,14,-0.22406065952978946,5,0.03493934047021052,10,-6.065952978945299e-05,0,2,0
6117666160,2016-04-20,0.5893602897670868,-0.06536028976708674,14,-0.03936028976708672,4,-0.03936028976708672,4,-0.0003602897670867966,0,2,0
6117666160,2016-04-20,0.48679625495950973,0.010203745040490264,14,0.25620374504049026,5,0.009203745040490263,10,0.00020374504049025521,0,2,1
6117666160,2016-04-21,0.39479463206781734,0.05820536793218267,17,-0.21579463206781735,6,0.07420536793218263,12,0.00020536793218267624,0,1,0
6117666160,2016-04-21,0.5355968914785283,-0.050596891478528305,17,-0.06759689147852826,5,-0.06759689147852826,5,0.00040310852147174003,0,1,1
6117666160,2016-04-21,0.4325340055349909,0.029465994465009138,17,0.3094659944650091,6,0.0474659944650091,12,0.0004659944650091119,0,1,1
6117666160,2016-04-22,0.4183676588218849,0.06563234117811506,20,-0.24436765882188494,7,0.06063234117811506,14,0.02363234117811508,2,2,0
6117666160,2016-04-22,0.5598006603698884,-0.04780066036988839,20,-0.03280066036988838,6,-0.03280066036988838,6,-0.016800660369888365,2,2,1
6117666160,2016-04-22,0.4566601209878737,0.03433987901212632,20,0.31733987901212635,7,0.032339879012126316,14,0.012339879012126298,2,2,1
6117666160,2016-04-23,0.4383749579970849,0.06862504200291508,23,-0.2693749579970849,8,0.04662504200291506,16,-0.0393749579970849,3,1,0
6117666160,2016-04-23,0.5798289309297395,-0.0478289309297395,23,-0.004828930929739572,7,-0.004828930929739572,7,-0.09282893092973954,3,1,1
6117666160,2016-04-23,0.4769968584633483,0.037003141536651685,23,0.3220031415366517,8,0.018003141536651668,16,-0.05399685846334834,3,1,1
6117666160,2016-04-24,0.366688595707871,0.14431140429212902,26,-0.23568859570787098,9,0.10431140429212898,18,-0.012688595707871009,3,2,0
6117666160,2016-04-24,0.5058451664427798,0.02715483355722026,26,0.07315483355722019,8,0.07315483355722019,8,-0.06484516644277977,3,2,0
6117666160,2016-04-24,0.4035326716500107,0.1134673283499893,26,0.3834673283499893,9,0.07546732834998926,18,-0.02653267165001072,3,2,0
6117666160,2016-04-26,0.42553451713466806,0.04846548286533192,29,-0.28353451713466804,10,0.01946548286533195,20,0.09046548286533196,3,0,0
6117666160,2016-04-26,0.4639596915442431,0.01604030845575688,29,0.2910403084557569,10,-0.010959691544243089,20,0.07604030845575693,3,0,1
6117666160,2016-04-27,0.44806065952978946,0.03093934047021052,31,-0.30806065952978945,11,0.0049393404702105514,22,-0.043060659529789436,3,1,0
6117666160,2016-04-27,0.5893602897670868,-0.09036028976708677,31,-0.021360289767086815,9,-0.021360289767086815,9,-0.09636028976708677,3,1,1
6117666160,2016-04-27,0.48679625495950973,-0.0027962549595097475,31,0.2902037450404903,11,-0.025796254959509712,22,-0.05779625495950974,3,1,0
6117666160,2016-04-28,0.39479463206781734,0.06620536793218268,34,-0.27879463206781735,12,0.018205367932182637,24,0.10220536793218266,3,0,0
6117666160,2016-04-28,0.5355968914785283,-0.05659689147852831,34,0.04340310852147167,10,0.04340310852147167,10,0.04940310852147167,3,0,0
6117666160,2016-04-28,0.4325340055349909,0.03346599446500914,34,0.2824659944650091,12,-0.0135340055349909,24,0.08746599446500913,3,0,0
6117666160,2016-04-29,0.4183676588218849,0.01263234117811507,37,-0.30236765882188493,13,-0.02836765882188491,26,0.09063234117811508,5,0,0
6117666160,2016-04-29,0.5598006603698884,-0.1118006603698884,37,-0.009800660369888359,11,-0.009800660369888359,11,0.020199339630111557,5,0,1
6117666160,2016-04-29,0.4566601209878737,-0.021660120987873677,37,0.22533987901212638,13,-0.060660120987873656,26,0.07133987901212635,5,0,1
6117666160,2016-04-30,0.4383749579970849,0.010625042002915086,40,-0.32337495799708493,14,-0.0383749579970849,28,0.03362504200291505,6,1,0
6117666160,2016-04-30,0.4769968584633483,-0.023996858463348314,40,0.22700314153665163,14,-0.0709968584633483,28,0.013003141536651663,6,1,0
6117666160,2016-05-01,0.366688595707871,0.055311404292128996,42,-0.27468859570787096,15,0.0003114042921290028,30,-0.10868859570787098,6,0,0
6117666160,2016-05-01,0.5058451664427798,-0.06884516644277977,42,0.055154833557220284,12,0.055154833557220284,12,-0.18484516644277976,6,0,1
6117666160,2016-05-01,0.4035326716500107,0.02246732834998927,42,0.2474673283499893,15,-0.031532671650010724,30,-0.1295326716500107,6,0,1
6117666160,2016-05-02,0.4561425560389818,-0.010142556038981787,45,-0.3471425560389818,16,-0.07014255603898178,32,0.07885744396101824,3,1,0
6117666160,2016-05-02,0.4949502932320207,-0.04595029323202071,45,0.19404970676797922,16,-0.10395029323202071,32,0.06404970676797933,3,1,0
6117666160,2016-05-04,0.44806065952978946,-0.02006065952978947,47,-0.3460606595297895,17,-0.08306065952978947,34,-0.06306065952978945,6,0,0
6117666160,2016-05-04,0.48679625495950973,-0.05579625495950974,47,0.1692037450404903,17,-0.11679625495950974,34,-0.08379625495950971,6,0,0
6117666160,2016-05-05,0.39479463206781734,0.012205367932182631,49,-0.3087946320678173,18,-0.053794632067817316,36,-0.033794632067817354,6,0,0
6117666160,2016-05-05,0.5355968914785283,-0.11559689147852831,49,0.05740310852147168,13,0.05740310852147168,13,-0.1105968914785283,6,0,0
6117666160,2016-05-05,0.4325340055349909,-0.02253400553499091,49,0.1834659944650091,18,-0.08753400553499091,36,-0.05453400553499088,6,0,0
6117666160,2016-05-06,0.4183676588218849,-0.030367658821884913,52,-0.3313676588218849,19,-0.09036765882188491,38,0.12763234117811512,8,0,0
6117666160,2016-05-06,0.5598006603698884,-0.15980066036988838,52,0.008199339630111546,14,0.008199339630111546,14,0.040199339630111575,8,0,1
6117666160,2016-05-06,0.4566601209878737,-0.06566012098787366,52,0.1383398790121263,19,-0.12466012098787366,38,0.10333987901212638,8,0,0
6117666160,2016-05-07,0.4383749579970849,-0.051374957997084914,55,-0.35037495799708496,20,-0.12337495799708492,40,-0.0393749579970849,8,0,0
6117666160,2016-05-07,0.5798289309297395,-0.1818289309297395,55,0.015171069070260446,15,0.015171069070260446,15,-0.1258289309297395,8,0,1
6117666160,2016-05-07,0.4769968584633483,-0.08699685846334831,55,0.09800314153665163,20,-0.15699685846334832,40,-0.06299685846334835,8,0,0
6117666160,2016-05-08,0.366688595707871,0.011311404292129013,58,-0.295688595707871,21,-0.072688595707871,42,-0.021688595707871017,9,0,0
6117666160,2016-05-08,0.5058451664427798,-0.11684516644277976,58,0.0911548335572202,16,0.0911548335572202,16,-0.11084516644277975,9,0,1
6117666160,2016-05-08,0.4035326716500107,-0.022532671650010716,58,0.1354673283499893,21,-0.10553267165001073,42,-0.045532671650010736,9,0,0
6117666160,2016-05-09,0.4561425560389818,-0.07314255603898179,61,-0.3721425560389818,22,-0.1651425560389818,44,-0.028142556038981803,5,0,0
6117666160,2016-05-09,0.5972330333826453,-0.2032330333826453,61,0.03876696661735468,17,0.03876696661735468,17,-0.09823303338264533,5,0,1
6117666160,2016-05-09,0.4949502932320207,-0.10895029323202071,61,0.04104970676797931,22,-0.19995029323202074,44,-0.04795029323202071,5,0,0
6290855005,2016-04-12,0.4277353351572853,0.0,0,0.0,0,0.0,0,0.0,0,0,0
6290855005,2016-04-12,0.474703681086802,0.0,0,0.0,0,0.0,0,0.0,0,0,0
6290855005,2016-04-13,0.4455394208102156,-0.12753942081021558,2,-0.07453942081021558,1,-0.12753942081021558,2,0.0004605791897844269,0,0,0
6290855005,2016-04-13,0.49277931060496905,-0.14077931060496907,2,-0.08177931060496907,1,-0.14077931060496907,2,0.00022068939503094853,0,0,0
6290855005,2016-04-14,0.39130219645015335,-0.17430219645015335,4,-0.11130219645015332,2,-0.17430219645015335,4,-0.00030219645015333585,0,0,0
6290855005,2016-04-14,0.43732721532324975,-0.19432721532324976,4,-0.12532721532324975,2,-0.19432721532324976,4,-0.0003272153232497521,0,0,0
6290855005,2016-04-15,0.42197370435329634,-0.22997370435329634,6,-0.15797370435329633,3,-0.22997370435329634,6,2.6295646703644593e-05,0,0,0
6290855005,2016-04-15,0.46882769547718744,-0.2558276954771874,6,-0.17582769547718746,3,-0.2558276954771874,6,0.0001723045228125275,0,0,0
6290855005,2016-04-16,0.4347344787568033,-0.26773447875680334,8,-0.19273447875680333,4,-0.26773447875680334,8,0.0002655212431966758,0,0,0
6290855005,2016-04-16,0.48182428670087185,-0.29682428670087185,8,-0.21382428670087184,4,-0.29682428670087185,8,0.00017571329912813294,0,0,1
6290855005,2016-04-17,0.35845852330578765,-0.17245852330578765,10,-0.17945852330578765,5,-0.17245852330578765,10,-0.00045852330578766143,0,1,1
6290855005,2016-04-17,0.4031792263613612,-0.2021792263613612,10,-0.10117922636136123,5,-0.2021792263613612,10,-0.00017922636136119552,0,1,0
6290855005,2016-04-18,0.4543001892198526,-0.2033001892198526,12,-0.15730018921985262,6,-0.2033001892198526,12,-0.00030018921985258684,0,0,0
6290855005,2016-04-18,0.5016285887898954,-0.23662858878989534,12,-0.18262858878989535,6,-0.23662858878989534,12,0.00037141121010464406,0,0,0
6290855005,2016-04-19,0.4277353351572853,-0.2097353351572853,14,-0.16573533515728528,7,-0.2097353351572853,14,-0.1217353351572853,2,0,0
6290855005,2016-04-19,0.474703681086802,-0.244703681086802,14,-0.19370368108680197,7,-0.244703681086802,14,-0.13570368108680197,2,0,1
6290855005,2016-04-20,0.4455394208102156,-0.19653942081021558,16,-0.19753942081021558,8,-0.19653942081021558,16,-0.12753942081021558,2,1,0
6290855005,2016-04-20,0.49277931060496905,-0.23277931060496904,16,-0.14977931060496902,8,-0.23277931060496904,16,-0.14077931060496907,2,1,0
6290855005,2016-04-22,0.42197370435329634,-0.19997370435329634,18,-0.19997370435329634,9,-0.19997370435329634,18,-0.12097370435329635,2,0,0
6290855005,2016-04-22,0.46882769547718744,-0.23682769547718743,18,-0.15882769547718745,9,-0.23682769547718743,18,-0.13382769547718742,2,0,1
6290855005,2016-04-24,0.35845852330578765,-0.12645852330578763,20,-0.17245852330578765,10,-0.12645852330578763,20,0.040541476694212375,2,1,0
6290855005,2016-04-24,0.4031792263613612,-0.16217922636136123,20,-0.0691792263613612,10,-0.16217922636136123,20,0.027820773638638774,2,1,0
6290855005,2016-04-25,0.4543001892198526,-0.2223001892198526,22,-0.25030018921985264,11,-0.2223001892198526,22,-0.1293001892198526,2,0,0
6290855005,2016-04-25,0.5016285887898954,-0.26062858878989537,22,-0.15762858878989539,11,-0.26062858878989537,22,-0.14362858878989537,2,0,1
6290855005,2016-04-27,0.4455394208102156,-0.19653942081021558,24,-0.2555394208102156,12,-0.19653942081021558,24,-0.19753942081021558,4,1,0
6290855005,2016-04-27,0.49277931060496905,-0.23577931060496904,24,-0.11277931060496904,12,-0.23577931060496904,24,-0.21877931060496902,4,1,1
6290855005,2016-04-28,0.39130219645015335,-0.13430219645015334,26,-0.22730219645015334,13,-0.13430219645015334,26,-0.11130219645015332,2,1,0
6290855005,2016-04-28,0.43732721532324975,-0.17332721532324974,26,-0.03832721532324973,13,-0.17332721532324974,26,-0.12532721532324975,2,1,0
6290855005,2016-04-30,0.4347344787568033,-0.18673447875680332,28,-0.26773447875680334,14,-0.18673447875680332,28,0.018265521243196692,2,0,0
6290855005,2016-04-30,0.48182428670087185,-0.22682428670087185,28,-0.09182428670087184,14,-0.22682428670087185,28,0.005175713299128137,2,0,0
6290855005,2016-05-01,0.35845852330578765,-0.13545852330578764,30,-0.21845852330578763,15,-0.13545852330578764,30,-0.04845852330578765,4,0,1
6290855005,2016-05-01,0.4031792263613612,-0.1741792263613612,30,-0.05217922636136124,15,-0.1741792263613612,30,-0.0681792263613612,4,0,1
6290855005,2016-05-02,0.4543001892198526,-0.17630018921985258,32,-0.2513001892198526,16,-0.17630018921985258,32,-0.09030018921985261,4,2,0
6290855005,2016-05-02,0.5016285887898954,-0.21762858878989538,32,-0.09662858878989533,16,-0.21762858878989538,32,-0.11162858878989534,4,2,0
6290855005,2016-05-03,0.4277353351572853,-0.16773533515728528,34,-0.2397353351572853,17,-0.16773533515728528,34,-0.07873533515728531,4,0,0
6290855005,2016-05-03,0.474703681086802,-0.20870368108680198,34,-0.093703681086802,17,-0.20870368108680198,34,-0.099703681086802,4,0,0
6290855005,2016-05-04,0.4455394208102156,-0.19653942081021558,36,-0.2615394208102156,18,-0.19653942081021558,36,-0.1525394208102156,6,0,0
6290855005,2016-05-04,0.49277931060496905,-0.23777931060496904,36,-0.12477931060496905,18,-0.23777931060496904,36,-0.17777931060496904,6,0,0
6290855005,2016-05-05,0.39130219645015335,-0.15930219645015334,38,-0.22630219645015334,19,-0.15930219645015334,38,-0.17430219645015335,4,0,0
6290855005,2016-05-05,0.43732721532324975,-0.20032721532324976,38,-0.09632721532324973,19,-0.20032721532324976,38,-0.19432721532324976,4,0,0
6290855005,2016-05-06,0.42197370435329634,-0.19697370435329634,40,-0.25797370435329636,20,-0.19697370435329634,40,-0.07597370435329637,4,0,0
6290855005,2016-05-06,0.46882769547718744,-0.23882769547718743,40,-0.13482769547718743,20,-0.23882769547718743,40,-0.09682769547718745,4,0,0
6290855005,2016-05-07,0.4347344787568033,-0.21873447875680332,42,-0.27373447875680335,21,-0.21873447875680332,42,-0.08173447875680334,4,0,0
6290855005,2016-05-07,0.48182428670087185,-0.2608242867008719,42,-0.15882428670087184,21,-0.2608242867008719,42,-0.10282428670087185,4,0,0
6290855005,2016-05-08,0.35845852330578765,-0.15845852330578764,44,-0.21845852330578763,22,-0.15845852330578764,44,0.07754147669421235,6,0,0
6290855005,2016-05-08,0.4031792263613612,-0.19917922636136123,44,-0.10617922636136123,22,-0.19917922636136123,44,0.052820773638638796,6,0,0
6290855005,2016-05-09,0.4543001892198526,-0.2533001892198526,46,-0.3013001892198526,23,-0.2533001892198526,46,-0.15730018921985262,6,0,0
6290855005,2016-05-09,0.5016285887898954,-0.2956285887898954,46,-0.19762858878989537,23,-0.2956285887898954,46,-0.18262858878989535,6,0,1
6775888955,2016-04-13,0.4324739200777302,0.0,0,0.0,0,0.0,0,0.0,0,0,0
6775888955,2016-04-13,0.5909023691250146,0.0,0,0.0,0,0.0,0,0.0,0,0,0
6775888955,2016-04-13,0.4912030283335644,0.0,0,0.0,0,0.0,0,0.0,0,0,0
6775888955,2016-04-14,0.3808140668288953,-0.1428140668288953,3,-0.06381406682889529,1,-0.10881406682889527,2,0.00018593317110471297,0,0,0
6775888955,2016-04-14,0.5382668444966825,-0.20226684449668247,3,-0.08926684449668248,1,-0.08926684449668248,1,-0.00026684449668246124,0,0,1
6775888955,2016-04-14,0.4379413516226958,-0.1639413516226958,3,-0.07294135162269583,1,-0.12494135162269582,2,5.8648377304182375e-05,0,0,0
6775888955,2016-04-15,0.41745658220239845,-0.13645658220239842,6,-0.11945658220239846,2,-0.18545658220239844,4,-0.00045658220239847003,0,0,0
6775888955,2016-04-15,0.5759668518272003,-0.22296685182720033,6,-0.021966851827200262,2,-0.021966851827200262,2,3.3148172799646325e-05,0,0,0
6775888955,2016-04-15,0.47585628798348656,-0.16885628798348656,6,-0.13585628798348653,2,-0.21185628798348655,4,0.0001437120165134198,0,0,0
6775888955,2016-04-16,0.4277915511881711,-0.20379155118817108,9,-0.16079155118817107,3,-0.23379155118817108,6,0.00020844881182890962,0,0,1
6775888955,2016-04-16,0.48642979913222983,-0.24142979913222984,9,-0.18242979913222984,3,-0.26542979913222986,6,-0.00042979913222984667,0,0,0
6775888955,2016-04-17,0.3568170950371746,-0.11981709503717464,11,-0.04781709503717463,4,-0.14281709503717463,8,0.00018290496282535873,0,0,1
6775888955,2016-04-17,0.4127441523760609,-0.15874415237606088,11,-0.18374415237606087,4,-0.1767441523760609,8,0.0002558476239390983,0,0,0
6775888955,2016-04-18,0.4441147711859402,-0.15411477118594025,13,-0.02211477118594024,5,-0.1631147711859402,10,-0.00011477118594022118,0,0,1
6775888955,2016-04-18,0.5030235467928554,-0.19702354679285544,13,-0.25102354679285543,5,-0.20202354679285545,10,-2.3546792855433374e-05,0,0,0
6775888955,2016-04-20,0.4324739200777302,-0.12447392007773023,15,0.03652607992226975,6,-0.12847392007773023,12,-0.1624739200777302,3,0,1
6775888955,2016-04-20,0.4912030283335644,-0.16820302833356437,15,-0.26820302833356435,6,-0.17020302833356438,12,-0.1842030283335644,3,0,1
6775888955,2016-04-22,0.41745658220239845,-0.04945658220239846,17,0.08954341779760155,7,-0.044456582202398454,14,-0.15645658220239844,3,2,0
6775888955,2016-04-22,0.47585628798348656,-0.09485628798348655,17,-0.19385628798348659,7,-0.08785628798348655,14,-0.17885628798348657,3,2,0
6775888955,2016-04-24,0.3568170950371746,-0.032817095037174615,19,0.08818290496282538,8,-0.033817095037174616,16,0.041182904962825395,2,0,0
6775888955,2016-04-24,0.4127441523760609,-0.07674415237606086,19,-0.1767441523760609,8,-0.07674415237606086,16,0.02525584762393912,2,0,0
6775888955,2016-04-25,0.4441147711859402,-0.12811477118594022,21,-0.00011477118594022118,9,-0.13011477118594023,18,0.015885228814059793,2,0,0
6775888955,2016-04-25,0.5030235467928554,-0.17502354679285542,21,-0.25202354679285544,9,-0.17602354679285542,18,-0.0010235467928554343,2,0,0
6775888955,2016-04-26,0.4185502735265201,-0.1295502735265201,23,-0.01255027352652005,10,-0.1345502735265201,20,0.0004497264734799056,0,0,1
6775888955,2016-04-26,0.47697770540193046,-0.17797770540193047,23,-0.25097770540193043,10,-0.18197770540193048,20,2.2294598069516613e-05,0,0,0
6775888955,2016-04-28,0.3808140668288953,-0.0838140668288953,25,0.0511859331711047,11,-0.08781406682889531,22,-0.017814066828895303,3,0,0
6775888955,2016-04-28,0.4379413516226958,-0.13194135162269582,25,-0.2389413516226958,11,-0.13494135162269583,22,-0.0389413516226958,3,0,0
6775888955,2016-04-30,0.4277915511881711,-0.1417915511881711,27,-0.0077915511881710975,12,-0.14679155118817105,24,0.020208448811828927,2,0,0
6775888955,2016-04-30,0.48642979913222983,-0.19142979913222985,27,-0.2844297991322298,12,-0.19542979913222985,24,0.003570200867770157,2,0,0
6775888955,2016-05-01,0.3568170950371746,-0.09881709503717462,29,0.020182904962825376,13,-0.10581709503717462,26,-0.04781709503717463,4,0,0
6775888955,2016-05-01,0.4127441523760609,-0.14574415237606086,29,-0.24274415237606087,13,-0.15274415237606087,26,-0.07274415237606086,4,0,0
6775888955,2016-05-03,0.4185502735265201,-0.16555027352652008,31,-0.04555027352652008,14,-0.17355027352652008,28,0.023449726473479926,2,0,0
6775888955,2016-05-03,0.47697770540193046,-0.21597770540193045,31,-0.29897770540193047,14,-0.22297770540193046,28,0.007022294598069523,2,0,0
6775888955,2016-05-06,0.41745658220239845,-0.17845658220239846,33,-0.06345658220239847,15,-0.18645658220239844,30,-0.20845658220239846,5,0,1
6775888955,2016-05-06,0.47585628798348656,-0.22885628798348656,33,-0.3068562879834865,15,-0.23685628798348657,30,-0.23785628798348657,5,0,0
6775888955,2016-05-07,0.4277915511881711,-0.17479155118817108,35,-0.03979155118817107,16,-0.18079155118817108,32,-0.0787915511881711,4,0,0
6775888955,2016-05-07,0.48642979913222983,-0.22542979913222982,35,-0.3234297991322298,16,-0.23142979913222983,32,-0.10542979913222983,4,0,0
6962181067,2016-04-12,0.4118970719626893,0.0,0,0.0,0,0.0,0,0.0,0,0,1
6962181067,2016-04-12,0.5692761442882769,0.0,0,0.0,0,0.0,0,0.0,0,0,0
6962181067,2016-04-12,0.4605198065120327,0.0,0,0.0,0,0.0,0,0.0,0,0,0
6962181067,2016-04-13,0.4186370326207748,-0.031637032620774774,3,0.09736296737922523,1,0.02336296737922522,2,0.0003629673792251986,0,0,1
6962181067,2016-04-13,0.5760688008544804,-0.09106880085448044,3,-0.09606880085448044,1,-0.09606880085448044,1,-6.880085448046636e-05,0,0,1
6962181067,2016-04-13,0.4674230308671065,-0.05042303086710653,3,-0.0774230308671065,1,0.009576969132893465,2,-0.00042303086710648863,0,0,1
6962181067,2016-04-14,0.37423951729919697,0.15976048270080306,6,0.17876048270080308,2,0.16676048270080307,4,-0.0002395172991969674,0,3,0
6962181067,2016-04-14,0.5302020049558188,0.07479799504418116,6,-0.008202004955818798,2,-0.008202004955818798,2,-0.00020200495581879085,0,3,1
6962181067,2016-04-14,0.42160372756101366,0.13339627243898639,6,0.022396272438986342,2,0.14639627243898629,4,0.0003962724389863226,0,3,0
6962181067,2016-04-15,0.4096145819186964,0.09338541808130363,9,0.09638541808130363,3,0.049385418081303645,6,0.0003854180813036012,0,0,0
6962181067,2016-04-15,0.5669623046723182,-0.006962304672318176,9,0.03703769532768175,3,0.03703769532768175,3,3.769532768171935e-05,0,0,0
6962181067,2016-04-15,0.4581777914675767,0.06282220853242332,9,-0.047177791467576724,3,0.022822208532423283,6,-0.0001777914675766823,0,0,1
6962181067,2016-04-16,0.41835183639308715,0.05764816360691283,12,0.036648163606912865,4,0.05064816360691282,8,-0.0003518363930871682,0,1,1
6962181067,2016-04-16,0.5757825751516424,-0.05378257515164242,12,-0.0337825751516424,4,-0.0337825751516424,4,0.00021742484835751696,0,1,0
6962181067,2016-04-16,0.46713130422916727,0.022868695770832725,12,0.014868695770832718,4,0.019868695770832723,8,-0.0001313042291672395,0,1,1
6962181067,2016-04-17,0.35976207556238693,0.13023792443761306,15,0.12023792443761305,5,0.1602379244376131,10,0.00023792443761305737,0,1,0
6962181067,2016-04-17,0.5146532996435011,0.014346700356498876,15,-0.05765329964350113,5,-0.05765329964350113,5,0.00034670035649886355,0,1,0
6962181067,2016-04-17,0.4064842253157828,0.09551577468421718,15,0.09651577468421718,5,0.1285157746842172,10,-0.0004842253157827936,0,1,1
6962181067,2016-04-18,0.4337030729769984,0.052296927023001594,18,0.03629692702300158,6,0.10529692702300164,12,0.000296927023001603,0,1,1
6962181067,2016-04-18,0.5910405280294343,-0.07104052802943428,18,-0.1410405280294343,6,-0.1410405280294343,6,-4.0528029434327983e-05,0,1,1
6962181067,2016-04-18,0.4827867729564506,0.01321322704354938,18,0.10021322704354935,6,0.07121322704354943,12,0.00021322704354936883,0,1,0
6962181067,2016-04-19,0.4118970719626893,0.09010292803731068,21,0.09310292803731068,7,0.1171029280373107,14,-0.029897071962689314,3,0,1
6962181067,2016-04-19,0.5692761442882769,-0.03627614428827686,21,-0.0822761442882769,7,-0.0822761442882769,7,-0.0882761442882769,3,0,1
6962181067,2016-04-19,0.4605198065120327,0.051480193487967285,21,0.0644801934879673,7,0.08148019348796731,14,-0.04751980651203275,3,0,1
6962181067,2016-04-20,0.4186370326207748,0.13636296737922526,24,0.12736296737922526,8,0.15736296737922517,16,0.21836296737922523,3,3,1
6962181067,2016-04-20,0.5760688008544804,0.005931199145519539,24,-0.0470688008544804,8,-0.0470688008544804,8,0.15893119914551956,3,3,1
6962181067,2016-04-20,0.4674230308671065,0.09557696913289343,24,0.09657696913289343,8,0.11957696913289345,16,0.19957696913289352,3,3,1
6962181067,2016-04-21,0.37423951729919697,0.215760482700803,27,0.1877604827008031,9,0.22876048270080301,18,-0.01523951729919698,3,6,1
6962181067,2016-04-21,0.5302020049558188,0.08379799504418117,27,0.016797995044181224,9,0.016797995044181224,9,-0.0742020049558188,3,6,0
6962181067,2016-04-21,0.42160372756101366,0.1753962724389863,27,0.1573962724389863,9,0.19139627243898633,18,-0.03260372756101365,3,6,1
6962181067,2016-04-22,0.4096145819186964,0.1913854180813036,30,0.1933854180813036,10,0.23238541808130364,20,-0.02861458191869637,3,2,1
6962181067,2016-04-22,0.5669623046723182,0.05703769532768177,30,-0.04496230467231821,10,-0.04496230467231821,10,-0.08796230467231825,3,2,1
6962181067,2016-04-22,0.4581777914675767,0.14982220853242328,30,0.1608222085324233,10,0.19382220853242332,20,-0.047177791467576724,3,2,0
6962181067,2016-04-23,0.41835183639308715,0.18964816360691283,33,0.21264816360691285,11,0.21464816360691286,22,0.09264816360691286,3,0,1
6962181067,2016-04-23,0.5757825751516424,0.05221742484835756,33,-0.02078257515164239,11,-0.02078257515164239,11,0.03421742484835755,3,0,1
6962181067,2016-04-23,0.46713130422916727,0.14686869577083272,33,0.1158686957708327,11,0.17486869577083275,22,0.07486869577083277,3,0,1
6962181067,2016-04-24,0.35976207556238693,0.2692379244376131,36,0.2752379244376131,12,0.2882379244376131,24,-0.009762075562386952,3,3,0
6962181067,2016-04-24,0.5146532996435011,0.13334670035649887,36,0.048346700356498795,12,0.048346700356498795,12,-0.06765329964350114,3,3,1
6962181067,2016-04-24,0.4064842253157828,0.2285157746842172,36,0.18351577468421715,12,0.2495157746842172,24,-0.027484225315782818,3,3,1
6962181067,2016-04-25,0.4337030729769984,0.20629692702300162,39,0.1862969270230016,13,0.21729692702300163,26,0.08729692702300162,3,1,1
6962181067,2016-04-25,0.5910405280294343,0.06695947197056573,39,0.017959471970565688,13,0.017959471970565688,13,0.027959471970565697,3,1,0
6962181067,2016-04-25,0.4827867729564506,0.1632132270435494,39,0.1512132270435494,13,0.17621322704354941,26,0.06921322704354943,3,1,1
6962181067,2016-04-26,0.4118970719626893,0.2281029280373107,42,0.2231029280373107,14,0.2561029280373107,28,0.13910292803731072,6,2,0
6962181067,2016-04-26,0.5692761442882769,0.08672385571172314,42,0.0017238557117230657,14,0.0017238557117230657,14,0.05272385571172311,6,2,0
6962181067,2016-04-26,0.4605198065120327,0.1844801934879673,42,0.1874801934879673,14,0.21548019348796732,28,0.11248019348796723,6,2,1
6962181067,2016-04-27,0.4186370326207748,0.2033629673792252,45,0.1863629673792252,15,0.24136296737922525,30,0.3173629673792252,6,1,1
6962181067,2016-04-27,0.5760688008544804,0.06193119914551959,45,-0.032068800854480384,15,-0.032068800854480384,15,0.23093119914551963,6,1,1
6962181067,2016-04-27,0.4674230308671065,0.1595769691328935,45,0.19957696913289352,15,0.19957696913289352,30,0.2905769691328935,6,1,1
6962181067,2016-04-28,0.37423951729919697,0.26476048270080305,48,0.23876048270080302,16,0.2977604827008031,32,0.06876048270080304,6,4,1
6962181067,2016-04-28,0.5302020049558188,0.12379799504418121,48,0.02479799504418123,16,0.02479799504418123,16,-0.016202004955818805,6,4,1
6962181067,2016-04-28,0.42160372756101366,0.22239627243898635,48,0.2503962724389864,16,0.2573962724389864,32,0.04239627243898636,6,4,1
6962181067,2016-04-29,0.4096145819186964,0.25238541808130366,51,0.22938541808130364,17,0.2843854180813036,34,0.049385418081303645,6,7,0
6962181067,2016-04-29,0.5669623046723182,0.10903769532768182,51,0.016037695327681734,17,0.016037695327681734,17,-0.0369623046723182,6,7,1
6962181067,2016-04-29,0.4581777914675767,0.20782220853242334,51,0.23682220853242325,17,0.24182220853242326,34,0.022822208532423283,6,7,1
6962181067,2016-04-30,0.41835183639308715,0.24464816360691288,54,0.19464816360691284,18,0.2666481636069129,36,0.22664816360691287,6,1,1
6962181067,2016-04-30,0.5757825751516424,0.1002174248483576,54,0.02721742484835754,18,0.02721742484835754,18,0.14021742484835753,6,1,1
6962181067,2016-04-30,0.46713130422916727,0.19986869577083277,54,0.2428686957708327,18,0.22386869577083268,36,0.19986869577083277,6,1,1
6962181067,2016-05-01,0.35976207556238693,0.3142379244376131,57,0.25723792443761306,19,0.333237924437613,38,0.07623792443761307,6,5,0
6962181067,2016-05-01,0.5146532996435011,0.1723467003564989,57,0.09234670035649883,19,0.09234670035649883,19,-0.0076532996435011436,6,5,0
6962181067,2016-05-01,0.4064842253157828,0.2715157746842172,57,0.30351577468421714,19,0.29151577468421713,38,0.050515774684217196,6,5,0
6962181067,2016-05-02,0.4337030729769984,0.21529692702300163,60,0.1732969270230016,20,0.23629692702300165,40,0.12729692702300166,6,0,1
6962181067,2016-05-02,0.5910405280294343,0.06995947197056573,60,0.006959471970565678,20,0.006959471970565678,20,0.04095947197056571,6,0,0
6962181067,2016-05-02,0.4827867729564506,0.1702132270435494,60,0.21421322704354934,20,0.19321322704354943,40,0.10021322704354935,6,0,1
6962181067,2016-05-03,0.4118970719626893,0.2361029280373107,63,0.20610292803731067,21,0.27010292803731073,42,0.09210292803731068,9,2,1
6962181067,2016-05-03,0.5692761442882769,0.09072385571172314,63,0.0017238557117230657,21,0.0017238557117230657,21,-0.009276144288276833,9,2,0
6962181067,2016-05-03,0.4605198065120327,0.1914801934879673,63,0.24348019348796723,21,0.22648019348796733,42,0.061480193487967294,9,2,1
6962181067,2016-05-04,0.4186370326207748,0.23036296737922524,66,0.21436296737922522,22,0.27736296737922517,44,0.37336296737922525,9,2,0
6962181067,2016-05-04,0.5760688008544804,0.08393119914551961,66,-0.025068800854480378,22,-0.025068800854480378,22,0.27293119914551955,9,2,1
6962181067,2016-05-04,0.4674230308671065,0.1855769691328935,66,0.24857696913289345,22,0.23357696913289344,44,0.34257696913289354,9,2,1
6962181067,2016-05-05,0.37423951729919697,0.27276048270080305,69,0.22876048270080301,23,0.3097604827008031,46,0.1877604827008031,9,1,0
6962181067,2016-05-05,0.5302020049558188,0.1267979950441812,69,0.028797995044181235,23,0.028797995044181235,23,0.08779799504418118,9,1,1
6962181067,2016-05-05,0.42160372756101366,0.22839627243898636,69,0.2963962724389863,23,0.2663962724389863,46,0.1573962724389863,9,1,1
6962181067,2016-05-06,0.4096145819186964,0.24038541808130365,72,0.1783854180813036,24,0.2703854180813037,48,0.09338541808130363,9,1,0
6962181067,2016-05-06,0.5669623046723182,0.0930376953276818,72,0.014037695327681732,24,0.014037695327681732,24,-0.006962304672318176,9,1,1
6962181067,2016-05-06,0.4581777914675767,0.19482220853242332,72,0.2758222085324233,24,0.22682220853242335,48,0.06282220853242332,9,1,1
6962181067,2016-05-07,0.41835183639308715,0.23264816360691287,75,0.1516481636069128,25,0.2556481636069129,50,0.3026481636069128,9,1,0
6962181067,2016-05-07,0.5757825751516424,0.08521742484835759,75,0.020217424848357535,25,0.020217424848357535,25,0.20121742484835758,9,1,0
6962181067,2016-05-07,0.46713130422916727,0.18686869577083276,75,0.27786869577083273,25,0.21186869577083278,50,0.2708686957708327,9,1,0
6962181067,2016-05-08,0.35976207556238693,0.26423792443761307,78,0.1822379244376131,26,0.2862379244376131,52,-0.016762075562386902,9,0,0
6962181067,2016-05-08,0.5146532996435011,0.11834670035649886,78,0.0523467003564988,26,0.0523467003564988,26,-0.11665329964350113,9,0,1
6962181067,2016-05-08,0.4064842253157828,0.22051577468421718,78,0.30451577468421714,26,0.2435157746842172,52,-0.047484225315782835,9,0,0
6962181067,2016-05-09,0.4337030729769984,0.1842969270230016,81,0.10329692702300164,27,0.1962969270230016,54,0.14929692702300157,9,0,1
6962181067,2016-05-09,0.5910405280294343,0.035959471970565704,81,0.0009594719705656729,27,0.0009594719705656729,27,0.048959471970565716,9,0,1
6962181067,2016-05-09,0.4827867729564506,0.13821322704354938,81,0.21721322704354934,27,0.1512132270435494,54,0.11821322704354936,9,0,1
6962181067,2016-05-10,0.4118970719626893,0.21810292803731068,84,0.13510292803731072,28,0.2281029280373107,56,0.12110292803731071,12,3,1
6962181067,2016-05-10,0.5692761442882769,0.06972385571172313,84,0.03172385571172309,28,0.03172385571172309,28,0.009723855711723073,12,3,1
6962181067,2016-05-10,0.4605198065120327,0.17248019348796728,84,0.24548019348796724,28,0.1834801934879673,56,0.08648019348796732,12,3,1
6962181067,2016-05-11,0.4186370326207748,0.22336296737922523,87,0.14336296737922527,29,0.23336296737922524,58,0.35136296737922523,12,6,1
6962181067,2016-05-11,0.5760688008544804,0.0749311991455196,87,0.03793119914551957,29,0.03793119914551957,29,0.23993119914551952,12,6,1
6962181067,2016-05-11,0.4674230308671065,0.1775769691328935,87,0.24857696913289345,29,0.1885769691328935,58,0.3175769691328935,12,6,0
6962181067,2016-05-12,0.37423951729919697,0.26676048270080305,90,0.19376048270080298,30,0.26976048270080305,60,0.206760482700803,12,0,0
6962181067,2016-05-12,0.5302020049558188,0.1187979950441812,90,0.08879799504418118,30,0.08879799504418118,30,0.09679799504418118,12,0,1
6962181067,2016-05-12,0.42160372756101366,0.22139627243898635,90,0.2673962724389863,30,0.22639627243898636,60,0.1733962724389863,12,0,0
7007744171,2016-04-12,0.40861542016662133,0.0,0,0.0,0,0.0,0,0.0,0,0,1
7007744171,2016-04-12,0.4567559057343926,0.0,0,0.0,0,0.0,0,0.0,0,0,1
7007744171,2016-04-13,0.42429242413718654,0.16470757586281343,2,0.09570757586281348,1,0.16470757586281343,2,-0.00029242413718655325,0,2,1
7007744171,2016-04-13,0.47280325351505953,0.15019674648494047,2,0.08819674648494052,1,0.15019674648494047,2,0.00019674648494044655,0,2,1
7007744171,2016-04-14,0.36899805319789875,0.2800019468021013,4,0.1800019468021013,2,0.2800019468021013,4,1.946802101249201e-06,0,4,0
7007744171,2016-04-14,0.41575237198287823,0.2592476280171218,4,0.16724762801712173,2,0.2592476280171218,4,0.0002476280171217482,0,4,1
7007744171,2016-04-15,0.40762504354783063,0.23237495645216938,6,0.09737495645216937,3,0.23237495645216938,6,0.00037495645216933937,0,1,0
7007744171,2016-04-15,0.45573876625747256,0.20626123374252747,6,0.20426123374252747,3,0.20626123374252747,6,0.0002612337425274558,0,1,0
7007744171,2016-04-16,0.4311780982339653,0.11882190176603474,8,0.03082190176603472,4,0.11882190176603474,8,-0.000178098233965307,0,0,0
7007744171,2016-04-16,0.479820050965929,0.08917994903407095,8,0.12017994903407098,4,0.08917994903407095,8,0.00017994903407098084,0,0,0
7007744171,2016-04-17,0.3555981312857544,0.09640186871424561,10,0.0224018687142456,5,0.09640186871424561,10,0.000401868714245579,0,0,0
7007744171,2016-04-17,0.4017355573882133,0.06526444261178671,10,0.09926444261178669,5,0.06526444261178671,10,0.00026444261178670825,0,0,1
7007744171,2016-04-18,0.43181674383755303,0.04818325616244695,12,-0.05381674383755303,6,0.04818325616244695,12,0.0001832561624469653,0,1,1
7007744171,2016-04-18,0.4804698871955331,0.01353011280446692,12,0.10153011280446689,6,0.01353011280446692,12,-0.0004698871955330919,0,1,1
7007744171,2016-04-19,0.40861542016662133,0.12038457983337869,14,0.01138457983337865,7,0.12038457983337869,14,0.16938457983337862,2,3,1
7007744171,2016-04-19,0.4567559057343926,0.08424409426560742,14,0.15024409426560736,7,0.08424409426560742,14,0.15524409426560737,2,3,1
7007744171,2016-04-20,0.42429242413718654,0.15270757586281342,16,0.04670757586281343,8,0.15270757586281342,16,0.16470757586281343,2,5,1
7007744171,2016-04-20,0.47280325351505953,0.11619674648494044,16,0.1701967464849405,8,0.11619674648494044,16,0.15019674648494047,2,5,1
7007744171,2016-04-21,0.36899805319789875,0.23300194680210123,18,0.12000194680210124,9,0.23300194680210123,18,0.03700194680210128,2,7,1
7007744171,2016-04-21,0.41575237198287823,0.19624762801712176,18,0.2322476280171218,9,0.19624762801712176,18,0.02424762801712177,2,7,1
7007744171,2016-04-22,0.40762504354783063,0.23437495645216938,20,0.1283749564521694,10,0.23437495645216938,20,-0.11662504354783065,2,9,1
7007744171,2016-04-22,0.45573876625747256,0.19526123374252746,20,0.2292612337425275,10,0.19526123374252746,20,-0.12973876625747255,2,9,1
7007744171,2016-04-23,0.4311780982339653,0.24082190176603474,22,0.14082190176603465,11,0.24082190176603474,22,-0.1231780982339653,2,10,1
7007744171,2016-04-23,0.479820050965929,0.20117994903407105,22,0.23217994903407096,11,0.20117994903407105,22,-0.13682005096592897,2,10,0
7007744171,2016-04-24,0.3555981312857544,0.2924018687142456,24,0.21940186871424555,12,0.2924018687142456,24,0.041401868714245615,2,0,0
7007744171,2016-04-24,0.4017355573882133,0.2532644426117867,24,0.2462644426117867,12,0.2532644426117867,24,0.028264442611786678,2,0,1
7007744171,2016-04-25,0.43181674383755303,0.218183256162447,26,0.13218325616244692,13,0.218183256162447,26,0.16218325616244694,2,1,1
7007744171,2016-04-25,0.4804698871955331,0.17753011280446696,26,0.20853011280446687,13,0.17753011280446696,26,0.14853011280446693,2,1,1
7007744171,2016-04-26,0.40861542016662133,0.2593845798333787,28,0.17238457983337863,14,0.2593845798333787,28,0.2623845798333787,4,3,0
7007744171,2016-04-26,0.4567559057343926,0.21824409426560742,28,0.24224409426560733,14,0.21824409426560742,28,0.24124409426560733,4,3,1
7007744171,2016-04-27,0.42429242413718654,0.2367075758628135,30,0.1317075758628135,15,0.2367075758628135,30,0.2557075758628135,4,1,1
7007744171,2016-04-27,0.47280325351505953,0.1951967464849405,30,0.24519674648494044,15,0.1951967464849405,30,0.23419674648494043,4,1,1
7007744171,2016-04-28,0.36899805319789875,0.3020019468021013,32,0.1950019468021012,16,0.3020019468021013,32,0.1690019468021013,4,3,1
7007744171,2016-04-28,0.41575237198287823,0.2622476280171218,32,0.30224762801712174,16,0.2622476280171218,32,0.1482476280171217,4,3,1
7007744171,2016-04-29,0.40762504354783063,0.2853749564521693,34,0.18537495645216934,17,0.2853749564521693,34,0.041374956452169376,4,5,1
7007744171,2016-04-29,0.45573876625747256,0.2432612337425274,34,0.28426123374252743,17,0.2432612337425274,34,0.019261233742527417,4,5,1
7007744171,2016-04-30,0.4311780982339653,0.27982190176603466,36,0.1838219017660347,18,0.27982190176603466,36,-0.08017809823396532,4,7,0
7007744171,2016-04-30,0.479820050965929,0.23717994903407097,36,0.276179949034071,18,0.23717994903407097,36,-0.101820050965929,4,7,0
7007744171,2016-05-01,0.3555981312857544,0.31340186871424563,38,0.21840186871424555,19,0.31340186871424563,38,0.06440186871424558,4,0,0
7007744171,2016-05-01,0.4017355573882133,0.27326444261178673,38,0.30726444261178665,19,0.27326444261178673,38,0.04326444261178669,4,0,0
7007744171,2016-05-02,0.43181674383755303,0.216183256162447,40,0.13418325616244692,20,0.216183256162447,40,0.252183256162447,4,0,1
7007744171,2016-05-02,0.4804698871955331,0.17253011280446695,40,0.21553011280446688,20,0.17253011280446695,40,0.2305301128044669,4,0,1
7007744171,2016-05-03,0.40861542016662133,0.2513845798333787,42,0.17038457983337862,21,0.2513845798333787,42,0.23138457983337868,6,2,1
7007744171,2016-05-03,0.4567559057343926,0.20924409426560742,42,0.24624409426560734,21,0.20924409426560742,42,0.2052440942656074,6,2,1
7007744171,2016-05-05,0.36899805319789875,0.3010019468021013,44,0.21800194680210122,22,0.3010019468021013,44,0.25300194680210125,6,4,1
7007744171,2016-05-05,0.41575237198287823,0.2592476280171218,44,0.29124762801712173,22,0.2592476280171218,44,0.22824762801712178,6,4,1
7007744171,2016-05-06,0.40762504354783063,0.2793749564521694,46,0.20137495645216935,23,0.2793749564521694,46,0.1413749564521694,6,6,0
7007744171,2016-05-06,0.45573876625747256,0.2362612337425274,46,0.2682612337425274,23,0.2362612337425274,46,0.11526123374252739,6,6,1
7086361926,2016-04-12,0.4001007215422228,0.0,0,0.0,0,0.0,0,0.0,0,0,1
7086361926,2016-04-12,0.5629041967936096,0.0,0,0.0,0,0.0,0,0.0,0,0,1
7086361926,2016-04-12,0.45568829016840856,0.0,0,0.0,0,0.0,0,0.0,0,0,0
7086361926,2016-04-13,0.4210865918916094,0.0919134081083906,3,0.09691340810839061,1,0.0229134081083906,2,-8.659189160942216e-05,0,0,1
7086361926,2016-04-13,0.5841147523756899,0.030885247624310108,3,0.06888524762431014,1,0.06888524762431014,1,-0.00011475237568991936,0,0,1
7086361926,2016-04-13,0.4772701664376165,0.07072983356238355,3,-0.07927016643761647,1,0.0067298335623834915,2,-0.0002701664376165147,0,0,0
7086361926,2016-04-14,0.37457800667231156,0.15942199332768847,6,0.1784219933276885,2,0.055421993327688435,4,0.00042199332768844133,0,0,1
7086361926,2016-04-14,0.5362801181216229,0.07071988187837708,6,0.13271988187837713,2,0.13271988187837713,2,-0.0002801181216228743,0,0,0
7086361926,2016-04-14,0.4291563231857277,0.12984367681427234,6,-0.12215632318572772,2,0.031843676814272304,4,-0.00015632318572772474,0,0,1
7086361926,2016-04-15,0.40033153751107975,0.1716684624889202,9,0.22466846248892025,3,0.1456684624889203,6,-0.00033153751107972695,0,1,1
7086361926,2016-04-15,0.5631407676886451,0.06685923231135493,9,0.03885923231135491,3,0.03885923231135491,3,-0.000140767688645127,0,1,0
7086361926,2016-04-15,0.4559268023192831,0.13507319768071685,9,-0.045926802319283144,3,0.11507319768071683,6,7.319768071689658e-05,0,1,1
7086361926,2016-04-16,0.4171318563958402,0.17586814360415975,12,0.25886814360415983,4,0.20486814360415978,8,-0.00013185639584023523,0,1,0
7086361926,2016-04-16,0.473219093876478,0.136780906123522,12,0.011780906123522006,4,0.17078090612352204,8,-0.00021909387647800482,0,1,0
7086361926,2016-04-18,0.4233737150344987,0.10862628496550131,14,0.18862628496550127,5,0.11762628496550132,10,-0.0003737150344987339,0,0,1
7086361926,2016-04-18,0.47960963511557475,0.06739036488442529,14,-0.03960963511557475,5,0.0803903648844253,10,0.00039036488442523165,0,0,1
7086361926,2016-04-19,0.4001007215422228,0.17089927845777714,16,0.2358992784577772,6,0.18789927845777715,12,0.09989927845777719,3,2,1
7086361926,2016-04-19,0.5629041967936096,0.047095803206390396,16,-0.02790419679360956,4,-0.02790419679360956,4,0.03909580320639039,3,2,1
7086361926,2016-04-19,0.45568829016840856,0.1293117098315914,16,0.02431170983159142,6,0.14931170983159142,12,0.07931170983159147,3,2,1
7086361926,2016-04-20,0.4210865918916094,0.2079134081083906,19,0.25391340810839064,7,0.2159134081083906,14,0.0919134081083906,3,5,1
7086361926,2016-04-20,0.5841147523756899,0.07888524762431015,19,0.007885247624310088,5,0.007885247624310088,5,0.030885247624310108,3,5,1
7086361926,2016-04-20,0.4772701664376165,0.16372983356238352,19,0.054729833562383534,7,0.17472983356238353,14,0.07072983356238355,3,5,1
7086361926,2016-04-21,0.37457800667231156,0.2874219933276885,22,0.3084219933276885,8,0.2864219933276885,16,0.10942199332768843,3,8,0
7086361926,2016-04-21,0.5362801181216229,0.15571988187837704,22,0.07071988187837708,6,0.07071988187837708,6,0.04871988187837706,3,8,1
7086361926,2016-04-21,0.4291563231857277,0.24284367681427232,22,0.12084367681427233,8,0.24484367681427233,16,0.0888436768142723,3,8,1
7086361926,2016-04-22,0.40033153751107975,0.2666684624889203,25,0.24266846248892027,9,0.2516684624889203,18,0.09966846248892025,3,2,1
7086361926,2016-04-22,0.5631407676886451,0.13085923231135488,25,0.08785923231135495,7,0.08785923231135495,7,0.03885923231135491,3,2,1
7086361926,2016-04-22,0.4559268023192831,0.22007319768071693,25,0.13507319768071685,9,0.20807319768071691,18,0.07907319768071691,3,2,1
7086361926,2016-04-23,0.4171318563958402,0.28286814360415974,28,0.2548681436041598,10,0.26586814360415983,20,-0.11913185639584023,2,5,0
7086361926,2016-04-23,0.473219093876478,0.23478090612352198,28,0.15078090612352202,10,0.22178090612352197,20,-0.13521909387647796,2,5,0
7086361926,2016-04-24,0.3514986046106871,0.2985013953893129,30,0.2585013953893129,11,0.2695013953893129,22,-0.0004986046106871256,0,0,0
7086361926,2016-04-24,0.5113840538517093,0.16161594614829078,30,0.14661594614829077,8,0.14661594614829077,8,-0.000384053851709254,0,0,1
7086361926,2016-04-24,0.40489115622310223,0.2531088437768978,30,0.1591088437768977,11,0.22610884377689777,22,0.00010884377689779345,0,0,0
7086361926,2016-04-25,0.4233737150344987,0.2116262849655013,33,0.17162628496550125,12,0.16662628496550125,24,0.16462628496550125,2,0,1
7086361926,2016-04-25,0.5863904389345155,0.06960956106548455,33,0.12260956106548448,9,0.12260956106548448,9,0.11860956106548448,2,0,1
7086361926,2016-04-25,0.47960963511557475,0.16239036488442526,33,0.0733903648844253,12,0.12039036488442523,24,0.14839036488442525,2,0,1
7086361926,2016-04-26,0.4001007215422228,0.2588992784577772,36,0.21089927845777717,13,0.21289927845777717,26,0.2358992784577772,6,3,1
7086361926,2016-04-26,0.5629041967936096,0.11509580320639046,36,0.15809580320639038,10,0.15809580320639038,10,0.14709580320639037,6,3,1
7086361926,2016-04-26,0.45568829016840856,0.20931170983159147,36,0.11531170983159139,13,0.16631170983159144,26,0.20631170983159147,6,3,1
7086361926,2016-04-27,0.4210865918916094,0.26291340810839064,39,0.2159134081083906,14,0.2189134081083906,28,0.2249134081083906,6,6,1
7086361926,2016-04-27,0.5841147523756899,0.11888524762431008,39,0.1608852476243101,11,0.1608852476243101,11,0.1358852476243101,6,6,1
7086361926,2016-04-27,0.4772701664376165,0.21372983356238345,39,0.12172983356238348,14,0.17072983356238353,28,0.19372983356238355,6,6,1
7086361926,2016-04-28,0.37457800667231156,0.3244219933276884,42,0.26942199332768846,15,0.27942199332768847,30,0.15942199332768847,6,9,1
7086361926,2016-04-28,0.5362801181216229,0.18071988187837706,42,0.2097198818783771,12,0.2097198818783771,12,0.07071988187837708,6,9,0
7086361926,2016-04-28,0.4291563231857277,0.27584367681427224,42,0.17784367681427227,15,0.23184367681427231,30,0.12984367681427234,6,9,1
7086361926,2016-04-29,0.40033153751107975,0.2996684624889202,45,0.2666684624889203,16,0.2756684624889203,32,0.23666846248892026,6,2,1
7086361926,2016-04-29,0.4559268023192831,0.25007319768071684,45,0.1760731976807169,16,0.22707319768071693,32,0.2060731976807169,6,2,0
7086361926,2016-04-30,0.4171318563958402,0.27686814360415973,47,0.26886814360415984,17,0.2518681436041598,34,-0.1851318563958402,4,0,1
7086361926,2016-04-30,0.580163322670798,0.129836677329202,47,0.13683667732920202,13,0.13683667732920202,13,-0.25816332267079795,4,0,1
7086361926,2016-04-30,0.473219093876478,0.22578090612352197,47,0.134780906123522,17,0.20278090612352206,34,-0.21021909387647797,4,0,1
7086361926,2016-05-01,0.3514986046106871,0.35350139538931286,50,0.33350139538931295,18,0.32550139538931294,36,-0.006498604610687131,3,3,0
7086361926,2016-05-01,0.5113840538517093,0.2076159461482907,50,0.2026159461482907,14,0.2026159461482907,14,-0.06638405385170926,3,3,0
7086361926,2016-05-01,0.40489115622310223,0.30510884377689773,50,0.20510884377689775,18,0.2791088437768978,36,-0.02689115622310223,3,3,1
7086361926,2016-05-02,0.4233737150344987,0.2686262849655012,53,0.24862628496550132,19,0.2536262849655013,38,0.28862628496550125,5,1,1
7086361926,2016-05-02,0.5863904389345155,0.11960956106548448,53,0.11060956106548447,15,0.11060956106548447,15,0.20660956106548456,5,1,1
7086361926,2016-05-02,0.47960963511557475,0.2173903648844252,53,0.16239036488442526,19,0.2043903648844253,38,0.26039036488442524,5,1,1
7086361926,2016-05-03,0.4001007215422228,0.30489927845777715,56,0.27989927845777723,20,0.28889927845777713,40,0.31389927845777715,9,4,1
7086361926,2016-05-03,0.5629041967936096,0.15509580320639038,56,0.14209580320639037,16,0.14209580320639037,16,0.20909580320639043,9,4,1
7086361926,2016-05-03,0.45568829016840856,0.2533117098315914,56,0.19531170983159146,20,0.2393117098315914,40,0.2783117098315914,9,4,0
7086361926,2016-05-04,0.4210865918916094,0.28391340810839055,59,0.27491340810839054,21,0.26191340810839064,42,0.30091340810839057,9,0,0
7086361926,2016-05-04,0.5841147523756899,0.1338852476243101,59,0.1398852476243101,17,0.1398852476243101,17,0.19588524762431014,9,0,0
7086361926,2016-05-04,0.4772701664376165,0.23172983356238347,59,0.1527298335623835,21,0.21172983356238345,42,0.2647298335623835,9,0,1
7086361926,2016-05-05,0.37457800667231156,0.3104219933276885,62,0.2874219933276885,22,0.2964219933276885,44,0.1874219933276885,9,1,0
7086361926,2016-05-05,0.4291563231857277,0.25984367681427223,62,0.2058436768142723,22,0.24684367681427233,44,0.15284367681427224,9,1,1
7086361926,2016-05-06,0.40033153751107975,0.2806684624889203,64,0.24266846248892027,23,0.2666684624889203,46,0.21566846248892024,8,1,1
7086361926,2016-05-06,0.5631407676886451,0.12985923231135488,64,0.12485923231135487,18,0.12485923231135487,18,0.11485923231135498,8,1,0
7086361926,2016-05-06,0.4559268023192831,0.22907319768071693,64,0.1970731976807169,23,0.21607319768071692,46,0.1810731976807169,8,1,1
7086361926,2016-05-07,0.4171318563958402,0.26486814360415983,67,0.2408681436041598,24,0.26386814360415983,48,0.006868143604159771,7,2,1
7086361926,2016-05-07,0.580163322670798,0.112836677329202,67,0.08283667732920208,19,0.08283667732920208,19,-0.08816332267079796,7,2,1
7086361926,2016-05-07,0.473219093876478,0.21278090612352207,67,0.19478090612352206,24,0.21278090612352207,48,-0.026219093876477972,7,2,1
7086361926,2016-05-08,0.3514986046106871,0.33850139538931284,70,0.3075013953893129,25,0.33450139538931295,50,-0.009498604610687078,6,4,1
7086361926,2016-05-08,0.5113840538517093,0.1896159461482907,70,0.15061594614829077,20,0.15061594614829077,20,-0.09738405385170928,6,4,1
7086361926,2016-05-08,0.40489115622310223,0.2891088437768977,70,0.2621088437768978,25,0.2861088437768977,50,-0.03889115622310224,6,4,0
7086361926,2016-05-09,0.4233737150344987,0.27062628496550123,73,0.25762628496550133,26,0.26262628496550133,52,0.3546262849655013,8,0,1
7086361926,2016-05-09,0.5863904389345155,0.11760956106548448,73,0.10360956106548447,21,0.10360956106548447,21,0.2546095610654845,8,0,0
7086361926,2016-05-09,0.47960963511557475,0.2173903648844252,73,0.17839036488442528,26,0.2113903648844252,52,0.3203903648844253,8,0,1
7086361926,2016-05-10,0.4001007215422228,0.29089927845777713,76,0.28789927845777713,27,0.29489927845777714,54,0.30589927845777715,12,2,1
7086361926,2016-05-10,0.45568829016840856,0.2393117098315914,76,0.20931170983159147,27,0.2443117098315914,54,0.2663117098315914,12,2,1
7086361926,2016-05-11,0.4210865918916094,0.27891340810839055,78,0.27891340810839055,28,0.28591340810839055,56,0.23191340810839062,12,4,1
7086361926,2016-05-11,0.5841147523756899,0.12588524762431008,78,0.07988524762431015,22,0.07988524762431015,22,0.11688524762431007,12,4,1
7086361926,2016-05-11,0.4772701664376165,0.22572983356238346,78,0.20072983356238355,28,0.23372983356238347,56,0.19272983356238355,12,4,0
7086361926,2016-05-12,0.37457800667231156,0.3214219933276884,81,0.3274219933276884,29,0.3214219933276884,58,0.1804219933276885,11,0,0
7086361926,2016-05-12,0.5362801181216229,0.16971988187837705,81,0.13071988187837713,23,0.13071988187837713,23,0.06871988187837708,11,0,0
7086361926,2016-05-12,0.4291563231857277,0.26984367681427224,81,0.2218436768142723,29,0.27184367681427224,58,0.14284367681427224,11,0,0
8053475328,2016-04-12,0.3963124438773322,0.0,0,0.0,0,0.0,0,0.0,0,0,1
8053475328,2016-04-12,0.4521635247071028,0.0,0,0.0,0,0.0,0,0.0,0,0,1
8053475328,2016-04-13,0.4106319565658267,0.16836804343417328,2,0.09836804343417332,1,0.16836804343417328,2,0.000368043434173293,0,2,1
8053475328,2016-04-13,0.46694015607221645,0.15205984392778354,2,0.0890598439277836,1,0.15205984392778354,2,5.9843927783576056e-05,0,2,1
8053475328,2016-04-14,0.35960960895703387,0.28439039104296615,4,0.18339039104296617,2,0.28439039104296615,4,0.0003903910429661206,0,4,1
8053475328,2016-04-14,0.41383401792304664,0.2601659820769534,4,0.16716598207695332,2,0.2601659820769534,4,0.00016598207695334155,0,4,1
8053475328,2016-04-15,0.3916418914530226,0.3313581085469774,6,0.2283581085469774,3,0.3313581085469774,6,0.00035810854697743144,0,6,1
8053475328,2016-04-15,0.44732248592039026,0.30167751407960974,6,0.20767751407960977,3,0.30167751407960974,6,-0.0003224859203902475,0,6,1
8053475328,2016-04-16,0.41245396141533003,0.36154603858467,8,0.26154603858467,4,0.36154603858467,8,-0.00045396141533005085,0,8,1
8053475328,2016-04-16,0.4688132662597922,0.32718673374020785,8,0.23618673374020777,4,0.32718673374020785,8,0.00018673374020777844,0,8,1
8053475328,2016-04-17,0.33819272165267783,0.4408072783473222,10,0.3308072783473222,5,0.4408072783473222,10,-0.0001927216526778075,0,10,1
8053475328,2016-04-17,0.39116030346818703,0.405839696531813,10,0.3048396965318129,5,0.405839696531813,10,-0.00016030346818701746,0,10,1
8053475328,2016-04-18,0.4334542850611531,0.3995457149388469,12,0.3085457149388469,6,0.3995457149388469,12,-0.0004542850611530813,0,12,1
8053475328,2016-04-18,0.49028859371189565,0.35971140628810433,12,0.27771140628810437,6,0.35971140628810433,12,-0.0002885937118956572,0,12,1
8053475328,2016-04-19,0.3963124438773322,0.44468755612266775,14,0.3516875561226678,7,0.44468755612266775,14,0.17268755612266773,2,14,1
8053475328,2016-04-19,0.4521635247071028,0.4038364752928972,14,0.3198364752928972,7,0.4038364752928972,14,0.15683647529289718,2,14,1
8053475328,2016-04-20,0.4106319565658267,0.4493680434341733,16,0.36236804343417334,8,0.4493680434341733,16,0.16836804343417328,2,16,1
8053475328,2016-04-20,0.5878820832443344,0.3141179167556656,16,0.00011791675566552584,0,0.00011791675566552584,0,0.11811791675566552,2,16,1
8053475328,2016-04-20,0.46694015607221645,0.40605984392778355,16,0.3280598439277836,8,0.40605984392778355,16,0.15205984392778354,2,16,1
8053475328,2016-04-21,0.35960960895703387,0.5073903910429661,19,0.41139039104296615,9,0.5013903910429661,18,0.18339039104296617,2,19,1
8053475328,2016-04-21,0.41383401792304664,0.46416598207695337,19,0.3771659820769534,9,0.45916598207695336,18,0.16716598207695332,2,19,1
8053475328,2016-04-22,0.3916418914530226,0.4913581085469774,21,0.40535810854697746,10,0.4863581085469774,20,0.17335810854697736,2,21,1
8053475328,2016-04-22,0.44732248592039026,0.44667751407960976,21,0.3686775140796097,10,0.44167751407960976,20,0.15767751407960973,2,21,1
8053475328,2016-04-23,0.41245396141533003,0.48254603858467,23,0.4035460385846699,11,0.47854603858467,22,0.16754603858466993,2,23,1
8053475328,2016-04-23,0.5897036402623749,0.3372963597376252,23,0.06829635973762516,1,0.06829635973762516,1,0.11729635973762509,2,23,0
8053475328,2016-04-23,0.4688132662597922,0.43618673374020783,23,0.36518673374020777,11,0.43318673374020783,22,0.1521867337402078,2,23,1
8053475328,2016-04-24,0.33819272165267783,0.5228072783473221,26,0.4668072783473222,12,0.5478072783473222,24,0.1888072783473222,2,1,1
8053475328,2016-04-24,0.39116030346818703,0.47883969653181296,26,0.4298396965318129,12,0.503839696531813,24,0.17383969653181292,2,1,1
8053475328,2016-04-25,0.4334542850611531,0.45054571493884693,28,0.4095457149388469,13,0.47554571493884695,26,0.1615457149388469,2,3,1
8053475328,2016-04-25,0.49028859371189565,0.40171140628810437,28,0.36771140628810434,13,0.4277114062881044,26,0.14571140628810436,2,3,1
8053475328,2016-04-26,0.3963124438773322,0.4886875561226678,30,0.44468755612266775,14,0.5126875561226678,28,0.2686875561226678,4,5,1
8053475328,2016-04-26,0.4521635247071028,0.4408364752928972,30,0.4038364752928972,14,0.46483647529289723,28,0.24383647529289715,4,5,1
8053475328,2016-04-27,0.4106319565658267,0.48236804343417333,32,0.4423680434341733,15,0.5053680434341734,30,0.2943680434341733,5,7,1
8053475328,2016-04-27,0.46694015607221645,0.4340598439277836,32,0.40005984392778354,15,0.4570598439277836,30,0.26605984392778353,5,7,1
8053475328,2016-04-28,0.35960960895703387,0.5323903910429661,34,0.4883903910429661,16,0.5533903910429662,32,0.28439039104296615,4,9,1
8053475328,2016-04-28,0.41383401792304664,0.4851659820769534,34,0.44616598207695335,16,0.5071659820769534,32,0.2601659820769534,4,9,1
8053475328,2016-04-29,0.3916418914530226,0.5093581085469774,36,0.4703581085469774,17,0.5303581085469775,34,0.27035810854697745,4,11,1
8053475328,2016-04-29,0.44732248592039026,0.4606775140796098,36,0.42667751407960974,17,0.4816775140796098,34,0.2456775140796097,4,11,1
8053475328,2016-04-30,0.41245396141533003,0.49554603858467,38,0.45954603858466997,18,0.51554603858467,36,0.19354603858466995,5,13,0
8053475328,2016-04-30,0.4688132662597922,0.44618673374020784,38,0.4161867337402078,18,0.46618673374020786,36,0.16518673374020781,5,13,0
8053475328,2016-05-01,0.33819272165267783,0.5218072783473222,40,0.4818072783473221,19,0.5388072783473221,38,0.2938072783473222,4,0,0
8053475328,2016-05-01,0.39116030346818703,0.47483969653181296,40,0.43983969653181293,19,0.491839696531813,38,0.270839696531813,4,0,0
8053475328,2016-05-02,0.4334542850611531,0.3995457149388469,42,0.373545714938847,20,0.4145457149388469,40,0.251545714938847,4,0,0
8053475328,2016-05-02,0.49028859371189565,0.3487114062881043,42,0.3277114062881043,20,0.36371140628810433,40,0.22671140628810432,4,0,0
8053475328,2016-05-03,0.3963124438773322,0.3996875561226678,44,0.3726875561226678,21,0.41168755612266783,42,0.32968755612266776,6,0,1
8053475328,2016-05-03,0.4521635247071028,0.34883647529289724,44,0.3268364752928972,21,0.36183647529289714,42,0.2988364752928972,6,0,1
8053475328,2016-05-04,0.4106319565658267,0.39436804343417337,46,0.36936804343417334,22,0.40636804343417327,44,0.3433680434341733,7,2,1
8053475328,2016-05-04,0.46694015607221645,0.3430598439277836,46,0.3230598439277836,22,0.3560598439277835,44,0.3110598439277836,7,2,1
8053475328,2016-05-05,0.35960960895703387,0.4483903910429662,48,0.41939039104296616,23,0.4603903910429661,46,0.3493903910429661,6,4,1
8053475328,2016-05-05,0.41383401792304664,0.3991659820769533,48,0.3741659820769534,23,0.4111659820769533,46,0.32016598207695335,6,4,1
8053475328,2016-05-06,0.3916418914530226,0.42535810854697736,50,0.40035810854697745,24,0.4373581085469774,48,0.3313581085469774,6,6,1
8053475328,2016-05-06,0.44732248592039026,0.3746775140796097,50,0.3536775140796098,24,0.3876775140796097,48,0.30167751407960974,6,6,1
8053475328,2016-05-07,0.41245396141533003,0.41354603858466993,52,0.38954603858467,25,0.42454603858466994,50,0.09254603858466998,7,8,1
8053475328,2016-05-07,0.4688132662597922,0.36218673374020777,52,0.34218673374020786,25,0.3741867337402078,50,0.06018673374020783,7,8,1
8053475328,2016-05-08,0.33819272165267783,0.4868072783473221,54,0.4578072783473222,26,0.49880727834732214,52,0.17880727834732218,6,10,1
8053475328,2016-05-08,0.39116030346818703,0.43883969653181293,54,0.413839696531813,26,0.44983969653181294,52,0.149839696531813,6,10,1
8053475328,2016-05-09,0.4334542850611531,0.4055457149388469,56,0.38454571493884687,27,0.4165457149388469,54,0.12754571493884698,6,12,1
8053475328,2016-05-09,0.49028859371189565,0.3527114062881043,56,0.3367114062881043,27,0.36471140628810433,54,0.09571140628810432,6,12,0
8053475328,2016-05-10,0.3963124438773322,0.42868755612266773,58,0.42168755612266773,28,0.43968755612266774,56,0.3716875561226678,8,0,1
8053475328,2016-05-10,0.4521635247071028,0.37783647529289716,58,0.34383647529289724,28,0.38783647529289716,56,0.33683647529289723,8,0,1
8053475328,2016-05-11,0.4106319565658267,0.4213680434341733,60,0.41436804343417327,29,0.4313680434341733,58,0.37936804343417335,9,2,1
8053475328,2016-05-11,0.46694015607221645,0.3690598439277835,60,0.3370598439277836,29,0.3800598439277835,58,0.3430598439277836,9,2,1
8053475328,2016-05-12,0.35960960895703387,0.4733903910429661,62,0.4633903910429661,30,0.4833903910429661,60,0.39439039104296614,8,4,1
8053475328,2016-05-12,0.41383401792304664,0.42316598207695333,62,0.3881659820769534,30,0.43316598207695334,60,0.3611659820769534,8,4,0
8253242879,2016-04-12,0.4251332568235816,0.0,0,0.0,0,0.0,0,0.0,0,0,0
8253242879,2016-04-12,0.481475280489485,0.0,0,0.0,0,0.0,0,0.0,0,0,0
8253242879,2016-04-13,0.4343943323514875,-0.1243943323514875,2,-0.07239433235148751,1,-0.1243943323514875,2,-0.000394332351487503,0,0,0
8253242879,2016-04-13,0.49091559325930284,-0.13991559325930286,2,-0.08191559325930287,1,-0.13991559325930286,2,8.44067406971516e-05,0,0,0
8253242879,2016-04-14,0.3763263061620518,-0.16732630616205182,4,-0.1073263061620518,2,-0.16732630616205182,4,-0.00032630616205181484,0,0,1
8253242879,2016-04-14,0.43105013467905373,-0.19205013467905374,4,-0.12305013467905374,2,-0.19205013467905374,4,-5.013467905373714e-05,0,0,0
8253242879,2016-04-15,0.4163529566408976,-0.13635295664089758,6,-0.0313529566408976,3,-0.13635295664089758,6,-0.0003529566408976281,0,0,0
8253242879,2016-04-15,0.47248774659312925,-0.16648774659312926,6,-0.17748774659312927,3,-0.16648774659312926,6,-0.00048774659312927904,0,0,0
8253242879,2016-04-16,0.4179121737239093,-0.17991217372390933,8,-0.07491217372390929,4,-0.17991217372390933,8,8.78262760906634e-05,0,0,1
8253242879,2016-04-16,0.47408642586899596,-0.21508642586899596,8,-0.21108642586899595,4,-0.21508642586899596,8,-8.642586899598736e-05,0,0,1
8253242879,2016-04-17,0.3477691451372327,-0.031769145137232724,10,0.026230854862767272,5,-0.031769145137232724,10,0.0002308548627672491,0,2,1
8253242879,2016-04-17,0.4010103936393873,-0.06701039363938727,10,-0.1000103936393873,5,-0.06701039363938727,10,-1.0393639387262787e-05,0,2,1
8253242879,2016-04-18,0.444841379501108,-0.019841379501108036,12,0.030158620498891953,6,-0.019841379501108036,12,0.0001586204988919815,0,4,0
8253242879,2016-04-18,0.5015166653333959,-0.05951666533339589,12,-0.09151666533339592,6,-0.05951666533339589,12,0.0004833346666041072,0,4,0
8253242879,2016-04-19,0.4251332568235816,-0.05013325682358161,14,0.001866743176418384,7,-0.05013325682358161,14,-0.12113325682358161,2,0,0
8253242879,2016-04-19,0.481475280489485,-0.091475280489485,14,-0.11447528048948502,7,-0.091475280489485,14,-0.13747528048948504,2,0,0
8253242879,2016-04-20,0.4343943323514875,-0.09239433235148747,16,-0.03639433235148748,8,-0.09239433235148747,16,-0.1243943323514875,2,0,0
8253242879,2016-04-20,0.49091559325930284,-0.13591559325930286,16,-0.1479155932593028,8,-0.13591559325930286,16,-0.13991559325930286,2,0,0
8253242879,2016-04-21,0.3763263061620518,-0.07732630616205183,18,-0.02732630616205184,9,-0.07732630616205183,18,0.03567369383794816,2,0,1
8253242879,2016-04-21,0.43105013467905373,-0.12005013467905373,18,-0.13405013467905375,9,-0.12005013467905373,18,0.01994986532094628,2,0,1
8253242879,2016-04-22,0.4163529566408976,-0.05335295664089762,20,-0.011352956640897582,10,-0.05335295664089762,20,-0.11935295664089762,2,2,0
8253242879,2016-04-22,0.47248774659312925,-0.09848774659312926,20,-0.11548774659312927,10,-0.09848774659312926,20,-0.13548774659312923,2,2,0
8253242879,2016-04-23,0.4179121737239093,-0.0809121737239093,22,-0.036912173723909314,11,-0.0809121737239093,22,0.16608782627609064,2,0,1
8253242879,2016-04-23,0.47408642586899596,-0.127086425868996,22,-0.13808642586899594,11,-0.127086425868996,22,0.14991357413100403,2,0,0
8253242879,2016-04-24,0.3477691451372327,-0.011769145137232706,24,0.04823085486276729,12,-0.011769145137232706,24,0.1862308548627673,2,0,0
8253242879,2016-04-24,0.4010103936393873,-0.05601039363938731,24,-0.1070103936393873,12,-0.05601039363938731,24,0.17098960636061267,2,0,1
8253242879,2016-04-25,0.444841379501108,-0.08284137950110804,26,-0.043841379501108,13,-0.08284137950110804,26,-0.12684137950110802,2,1,1
8253242879,2016-04-25,0.5015166653333959,-0.1305166653333959,26,-0.1395166653333959,13,-0.1305166653333959,26,-0.1435166653333959,2,1,0
8253242879,2016-04-26,0.4251332568235816,-0.058133256823581614,28,0.002866743176418385,14,-0.058133256823581614,28,-0.18913325682358162,4,0,0
8253242879,2016-04-26,0.481475280489485,-0.10547528048948501,28,-0.144475280489485,14,-0.10547528048948501,28,-0.214475280489485,4,0,0
8253242879,2016-04-27,0.4343943323514875,-0.08639433235148752,30,-0.025394332351487525,15,-0.08639433235148752,30,-0.1933943323514875,4,0,1
8253242879,2016-04-27,0.49091559325930284,-0.13491559325930286,30,-0.16791559325930283,15,-0.13491559325930286,30,-0.21791559325930282,4,0,1
8253242879,2016-04-28,0.3763263061620518,-0.0013263061620518157,32,0.04667369383794817,16,-0.0013263061620518157,32,0.16567369383794822,4,2,0
8253242879,2016-04-28,0.43105013467905373,-0.048050134679053724,32,-0.0900501346790537,16,-0.048050134679053724,32,0.14194986532094622,4,2,0
8253242879,2016-04-29,0.4163529566408976,-0.05535295664089762,34,-0.003352956640897631,17,-0.05535295664089762,34,-0.1853529566408976,4,0,1
8253242879,2016-04-29,0.47248774659312925,-0.10448774659312926,34,-0.13748774659312923,17,-0.10448774659312926,34,-0.21048774659312924,4,0,0
8378563200,2016-04-12,0.40434372076763453,0.0,0,0.0,0,0.0,0,0.0,0,0,1
8378563200,2016-04-12,0.5740067056307213,0.0,0,0.0,0,0.0,0,0.0,0,0,0
8378563200,2016-04-12,0.46620504618287695,0.0,0,0.0,0,0.0,0,0.0,0,0,1
8378563200,2016-04-13,0.42908314075242787,0.08891685924757214,3,0.09491685924757215,1,0.1629168592475721,2,-8.314075242787933e-05,0,1,1
8378563200,2016-04-13,0.5986932002715257,0.025306799728474272,3,-0.09969320027152573,1,-0.09969320027152573,1,0.00030679972847424963,0,1,1
8378563200,2016-04-13,0.49160562699370575,0.0653943730062943,3,0.08439437300629421,1,0.14539437300629426,2,0.0003943730062942463,0,1,1
8378563200,2016-04-14,0.3639090129859207,0.2560909870140793,6,0.18209098701407933,2,0.2830909870140793,4,9.098701407928012e-05,0,4,1
8378563200,2016-04-14,0.5317517668340803,0.16424823316591963,6,-0.008751766834080299,2,-0.008751766834080299,2,0.000248233165919709,0,4,0
8378563200,2016-04-14,0.42398747328109143,0.2230125267189086,6,0.16501252671890854,2,0.2560125267189086,4,1.25267189085565e-05,0,4,1
8378563200,2016-04-15,0.3987118457691856,0.2432881542308144,9,0.22528815423081439,3,0.32828815423081437,6,0.00028815423081440805,0,1,1
8378563200,2016-04-15,0.5682661661769387,0.13473383382306126,9,-0.08826616617693872,3,-0.08826616617693872,3,-0.00026616617693875355,0,1,1
8378563200,2016-04-15,0.4603774870943667,0.20362251290563332,9,0.20262251290563332,3,0.2946225129056333,6,-0.0003774870943666908,0,1,1
8378563200,2016-04-16,0.4177808732395705,0.29321912676042944,12,0.2592191267604295,4,0.3582191267604295,8,0.00021912676042945556,0,4,1
8378563200,2016-04-16,0.5875208646427296,0.17347913535727044,12,-0.038520864642729524,4,-0.038520864642729524,4,0.00047913535727039935,0,4,1
8378563200,2016-04-16,0.4800412184581557,0.24895878154184425,12,0.23095878154184424,4,0.3199587815418443,8,-4.12184581557451e-05,0,4,1
8378563200,2016-04-17,0.34882106498199617,0.3881789350180038,15,0.3251789350180039,5,0.43417893501800386,10,0.00017893501800381184,0,7,0
8378563200,2016-04-17,0.5153428235824782,0.26365717641752184,15,0.04265717641752187,5,0.04265717641752187,5,-0.0003428235824781689,0,7,1
8378563200,2016-04-17,0.40800635772391786,0.34399364227608215,15,0.2959936422760821,5,0.3949936422760822,10,-6.357723917882474e-06,0,7,0
8378563200,2016-04-18,0.43783014226281125,0.2661698577371887,18,0.21616985773718878,6,0.2791698577371887,12,0.00016985773718874997,0,0,1
8378563200,2016-04-18,0.6072203425096288,0.13377965749037124,18,0.03277965749037126,6,0.03277965749037126,6,-0.0002203425096287681,0,0,0
8378563200,2016-04-18,0.5005098085006917,0.21749019149930826,18,0.18149019149930834,6,0.23449019149930828,12,0.0004901914993082901,0,0,1
8378563200,2016-04-19,0.40434372076763453,0.2886562792323654,21,0.2636562792323655,7,0.33365627923236546,14,0.09865627923236547,3,1,1
8378563200,2016-04-19,0.5740067056307213,0.15199329436927866,21,-0.0010067056307213607,7,-0.0010067056307213607,7,0.03499329436927867,3,1,0
8378563200,2016-04-19,0.46620504618287695,0.238794953817123,21,0.227794953817123,7,0.28779495381712306,14,0.07479495381712309,3,1,1
8378563200,2016-04-20,0.42908314075242787,0.2659168592475721,24,0.2739168592475721,8,0.33991685924757215,16,0.21391685924757214,3,2,1
8378563200,2016-04-20,0.5986932002715257,0.12530679972847425,24,-0.060693200271525694,8,-0.060693200271525694,8,0.15030679972847427,3,2,0
8378563200,2016-04-20,0.49160562699370575,0.2133943730062942,24,0.23639437300629423,8,0.2923943730062943,16,0.1903943730062943,3,2,0
8378563200,2016-04-21,0.3639090129859207,0.2870909870140793,27,0.33709098701407925,9,0.3670909870140793,18,0.11309098701407927,3,0,1
8378563200,2016-04-21,0.5317517668340803,0.14524823316591973,27,-0.05575176683408034,9,-0.05575176683408034,9,0.05024823316591964,3,0,1
8378563200,2016-04-21,0.42398747328109143,0.2360125267189086,27,0.2270125267189086,9,0.32001252671890856,18,0.09101252671890858,3,0,1
8378563200,2016-04-22,0.3987118457691856,0.28728815423081444,30,0.33428815423081437,10,0.3612881542308144,20,0.22528815423081439,3,3,1
8378563200,2016-04-22,0.5682661661769387,0.14173383382306126,30,-0.04526616617693868,10,-0.04526616617693868,10,0.16173383382306128,3,3,1
8378563200,2016-04-22,0.4603774870943667,0.23362251290563324,30,0.22662251290563334,10,0.3116225129056333,20,0.20262251290563332,3,3,1
8378563200,2016-04-23,0.4177808732395705,0.29521912676042944,33,0.3382191267604295,11,0.3632191267604295,22,0.21821912676042948,3,6,0
8378563200,2016-04-23,0.5875208646427296,0.14747913535727042,33,-0.028520864642729515,11,-0.028520864642729515,11,0.15447913535727043,3,6,1
8378563200,2016-04-23,0.4800412184581557,0.24095878154184425,33,0.23295878154184424,11,0.3129587815418443,22,0.19495878154184432,3,6,1
8378563200,2016-04-24,0.34882106498199617,0.3521789350180038,36,0.3421789350180038,12,0.40117893501800383,24,-0.005821064981996138,3,1,0
8378563200,2016-04-24,0.5153428235824782,0.2056571764175218,36,0.04765717641752176,12,0.04765717641752176,12,-0.06834282358247817,3,1,0
8378563200,2016-04-24,0.40800635772391786,0.2999936422760821,36,0.2999936422760821,12,0.35199364227608215,24,-0.028006357723917852,3,1,0
8378563200,2016-04-25,0.43783014226281125,0.22516985773718878,39,0.2391698577371888,13,0.2781698577371887,26,0.08616985773718877,3,0,1
8378563200,2016-04-25,0.6072203425096288,0.0757796574903713,39,-0.0492203425096287,13,-0.0492203425096287,13,0.022779657490371252,3,0,0
8378563200,2016-04-25,0.5005098085006917,0.17049019149930833,39,0.19449019149930824,13,0.22549019149930827,26,0.062490191499308234,3,0,1
8378563200,2016-04-26,0.40434372076763453,0.2556562792323655,42,0.2806562792323655,14,0.32365627923236545,28,0.1426562792323655,6,2,1
8378563200,2016-04-26,0.5740067056307213,0.10399329436927873,42,-0.0550067056307213,14,-0.0550067056307213,14,0.050993294369278686,6,2,1
8378563200,2016-04-26,0.46620504618287695,0.2007949538171231,42,0.235794953817123,14,0.27079495381712304,28,0.10979495381712301,6,2,1
8378563200,2016-04-27,0.42908314075242787,0.2539168592475722,45,0.2779168592475721,15,0.3179168592475721,30,0.12991685924757218,6,4,0
8378563200,2016-04-27,0.5986932002715257,0.10130679972847423,45,-0.04869320027152568,15,-0.04869320027152568,15,0.03730679972847428,6,4,1
8378563200,2016-04-27,0.49160562699370575,0.1973943730062942,45,0.23139437300629423,15,0.26439437300629426,30,0.09539437300629422,6,4,0
8378563200,2016-04-28,0.3639090129859207,0.2930909870140793,48,0.2940909870140793,16,0.33409098701407924,32,0.2560909870140793,6,0,0
8378563200,2016-04-28,0.5317517668340803,0.14124823316591972,48,0.02324823316591973,16,0.02324823316591973,16,0.16424823316591963,6,0,1
8378563200,2016-04-28,0.42398747328109143,0.2390125267189086,48,0.2480125267189086,16,0.28201252671890853,32,0.2230125267189086,6,0,0
8378563200,2016-04-29,0.3987118457691856,0.2442881542308144,51,0.2372881542308144,17,0.2682881542308144,34,0.32828815423081437,6,0,0
8378563200,2016-04-29,0.5682661661769387,0.08973383382306133,51,0.01573383382306126,17,0.01573383382306126,17,0.23573383382306135,6,0,1
8378563200,2016-04-29,0.4603774870943667,0.1876225129056333,51,0.1896225129056333,17,0.21362251290563333,34,0.2946225129056333,6,0,0
8378563200,2016-04-30,0.4177808732395705,0.21121912676042948,54,0.19521912676042946,18,0.21821912676042948,36,0.2262191267604295,6,0,0
8378563200,2016-04-30,0.5875208646427296,0.05547913535727045,54,0.018479135357270415,18,0.018479135357270415,18,0.1344791353572704,6,0,1
8378563200,2016-04-30,0.4800412184581557,0.15395878154184428,54,0.14595878154184427,18,0.1639587815418443,36,0.19295878154184432,6,0,0
8378563200,2016-05-01,0.34882106498199617,0.2601789350180038,57,0.2241789350180038,19,0.2501789350180038,38,-0.09982106498199617,6,0,1
8378563200,2016-05-01,0.5153428235824782,0.10665717641752182,57,0.0916571764175218,19,0.0916571764175218,19,-0.19034282358247817,6,0,1
8378563200,2016-05-01,0.40800635772391786,0.20599364227608213,57,0.1769936422760821,19,0.19799364227608213,38,-0.13200635772391783,6,0,1
8378563200,2016-05-02,0.43783014226281125,0.19616985773718876,60,0.17016985773718873,20,0.18816985773718875,40,0.1251698577371887,6,3,1
8378563200,2016-05-02,0.6072203425096288,0.03977965749037127,60,0.03377965749037126,20,0.03377965749037126,20,0.03277965749037126,6,3,0
8378563200,2016-05-02,0.5005098085006917,0.1384901914993083,60,0.11949019149930828,20,0.1324901914993083,40,0.09049019149930826,6,3,0
8378563200,2016-05-03,0.40434372076763453,0.21365627923236546,63,0.21165627923236546,21,0.21265627923236546,42,0.2396562792323655,9,0,1
8378563200,2016-05-03,0.5740067056307213,0.05599329436927869,63,0.03599329436927867,21,0.03599329436927867,21,0.13099329436927865,9,0,1
8378563200,2016-05-03,0.46620504618287695,0.15679495381712305,63,0.12379495381712302,21,0.15779495381712305,42,0.2007949538171231,9,0,0
8378563200,2016-05-04,0.42908314075242787,0.19291685924757213,66,0.20591685924757214,22,0.18591685924757212,44,0.08091685924757214,9,0,1
8378563200,2016-05-04,0.5986932002715257,0.03530679972847428,66,0.030306799728474276,22,0.030306799728474276,22,-0.027693200271525775,9,0,0
8378563200,2016-05-04,0.49160562699370575,0.13439437300629425,66,0.08139437300629421,22,0.13039437300629425,44,0.04139437300629428,9,0,0
8378563200,2016-05-05,0.3639090129859207,0.24209098701407927,69,0.2720909870140793,23,0.24009098701407927,46,0.19509098701407934,9,0,1
8378563200,2016-05-05,0.5317517668340803,0.08524823316591967,69,0.06324823316591965,23,0.06324823316591965,23,0.08624823316591967,9,0,1
8378563200,2016-05-05,0.42398747328109143,0.18601252671890856,69,0.1160125267189086,23,0.18601252671890856,46,0.15601252671890853,9,0,1
8378563200,2016-05-06,0.3987118457691856,0.22428815423081438,72,0.2562881542308144,24,0.22428815423081438,48,0.2432881542308144,9,3,1
8378563200,2016-05-06,0.5682661661769387,0.0657338338230613,72,0.04673383382306129,24,0.04673383382306129,24,0.13473383382306126,9,3,0
8378563200,2016-05-06,0.4603774870943667,0.1666225129056333,72,0.10162251290563334,24,0.1676225129056333,48,0.20362251290563332,9,3,0
8378563200,2016-05-07,0.4177808732395705,0.19621912676042946,75,0.2522191267604295,25,0.20221912676042947,50,0.16021912676042943,9,0,0
8378563200,2016-05-07,0.5875208646427296,0.03647913535727043,75,0.010479135357270408,25,0.010479135357270408,25,0.050479135357270444,9,0,0
8378563200,2016-05-07,0.4800412184581557,0.13795878154184427,75,0.06695878154184431,25,0.14495878154184427,50,0.11995878154184425,9,0,0
8378563200,2016-05-08,0.34882106498199617,0.2381789350180038,78,0.28817893501800385,26,0.2431789350180038,52,0.06117893501800381,9,0,0
8378563200,2016-05-08,0.5153428235824782,0.08165717641752179,78,0.051657176417521766,26,0.051657176417521766,26,-0.04534282358247821,9,0,1
8378563200,2016-05-08,0.40800635772391786,0.1829936422760821,78,0.10899364227608216,26,0.18899364227608212,52,0.022993642276082138,9,0,0
8378563200,2016-05-09,0.43783014226281125,0.1461698577371887,81,0.19316985773718875,27,0.1411698577371887,54,0.07616985773718876,9,0,1
8378563200,2016-05-09,0.6072203425096288,-0.01422034250962878,81,-0.012220342509628779,27,-0.012220342509628779,27,-0.0332203425096288,9,0,0
8378563200,2016-05-09,0.5005098085006917,0.08649019149930826,81,0.015490191499308303,27,0.08449019149930825,54,0.03549019149930832,9,0,0
8378563200,2016-05-10,0.40434372076763453,0.16865627923236542,84,0.23265627923236548,28,0.16965627923236543,56,0.2436562792323655,12,0,1
8378563200,2016-05-10,0.5740067056307213,0.008993294369278648,84,-0.0020067056307213615,28,-0.0020067056307213615,28,0.12399329436927864,12,0,0
8378563200,2016-05-10,0.46620504618287695,0.11079495381712301,84,0.028794953817123048,28,0.11279495381712301,56,0.2007949538171231,12,0,0
8378563200,2016-05-11,0.42908314075242787,0.13791685924757208,87,0.22191685924757215,29,0.14491685924757208,58,0.04991685924757211,12,0,1
8378563200,2016-05-11,0.5986932002715257,-0.02269320027152577,87,-0.039693200271525675,29,-0.039693200271525675,29,-0.0696932002715257,12,0,0
8378563200,2016-05-11,0.49160562699370575,0.0783943730062942,87,-0.007605626993705761,29,0.08739437300629421,58,0.006394373006294252,12,0,0
8378563200,2016-05-12,0.3639090129859207,0.19209098701407934,90,0.2880909870140793,30,0.20209098701407924,60,0.2720909870140793,12,0,0
8378563200,2016-05-12,0.5317517668340803,0.03324823316591963,90,0.00124823316591971,30,0.00124823316591971,30,0.15424823316591973,12,0,1
8378563200,2016-05-12,0.42398747328109143,0.13501252671890862,90,0.03701252671890859,30,0.14701252671890852,60,0.2300125267189086,12,0,0
8583815059,2016-04-12,0.40351818321736715,0.0,0,0.0,0,0.0,0,0.0,0,0,0
8583815059,2016-04-12,0.46475447778479073,0.0,0,0.0,0,0.0,0,0.0,0,0,1
8583815059,2016-04-13,0.43067403418647165,0.019325965813528356,2,-0.07167403418647167,1,0.019325965813528356,2,0.0003259658135283394,0,1,1
8583815059,2016-04-13,0.49262785053422425,0.0023721494657757414,2,0.0843721494657757,1,0.0023721494657757414,2,0.0003721494657757396,0,1,0
8583815059,2016-04-14,0.37594152239318335,0.05505847760681665,4,0.03505847760681663,2,0.05505847760681665,4,5.8477606816653704e-05,0,0,0
8583815059,2016-04-14,0.4360522412912647,0.027947758708735337,4,0.01794775870873533,2,0.027947758708735337,4,-5.224129126468746e-05,0,0,0
8583815059,2016-04-15,0.4025296861788641,-0.0375296861788641,6,-0.025529686178864086,3,-0.0375296861788641,6,0.000470313821135937,0,0,0
8583815059,2016-04-15,0.46373259539580713,-0.07073259539580712,6,-0.048732595395807154,3,-0.07073259539580712,6,0.00026740460419288903,0,0,0
8583815059,2016-04-18,0.4454844561879303,-0.1204844561879303,8,-0.08648445618793033,4,-0.1204844561879303,8,-0.00048445618793030443,0,0,0
8583815059,2016-04-18,0.5076690045905784,-0.15866900459057842,8,-0.11466900459057838,4,-0.15866900459057842,8,0.0003309954094216083,0,0,0
8583815059,2016-04-19,0.40351818321736715,-0.13551818321736714,10,-0.10151818321736716,5,-0.13551818321736714,10,0.02748181678263284,2,0,1
8583815059,2016-04-19,0.46475447778479073,-0.17675447778479075,10,-0.13275447778479071,5,-0.17675447778479075,10,0.010245522215209246,2,0,1
8583815059,2016-04-20,0.43067403418647165,-0.06867403418647167,12,-0.05267403418647165,6,-0.06867403418647167,12,0.019325965813528356,2,2,0
8583815059,2016-04-20,0.49262785053422425,-0.11262785053422425,12,-0.08662785053422423,6,-0.11262785053422425,12,0.0023721494657757414,2,2,0
8583815059,2016-04-21,0.37594152239318335,-0.06694152239318335,14,-0.05294152239318334,7,-0.06694152239318335,14,-0.10694152239318333,2,0,1
8583815059,2016-04-21,0.4360522412912647,-0.11105224129126468,14,-0.08805224129126471,7,-0.11105224129126468,14,-0.1250522412912647,2,0,1
8583815059,2016-04-22,0.4025296861788641,-0.02052968617886408,16,-0.016529686178864078,8,-0.02052968617886408,16,-0.11452968617886411,2,2,1
8583815059,2016-04-22,0.46373259539580713,-0.06773259539580712,16,-0.05473259539580716,8,-0.06773259539580712,16,-0.13273259539580712,2,2,1
8583815059,2016-04-23,0.4220482656912504,0.01795173430874958,18,0.013951734308749575,9,0.01795173430874958,18,-4.826569125043756e-05,0,4,1
8583815059,2016-04-23,0.4838157127390859,-0.0308157127390859,18,-0.024815712739085893,9,-0.0308157127390859,18,0.00018428726091407333,0,4,0
8583815059,2016-04-24,0.3508048420116636,0.07919515798833637,20,0.09919515798833639,10,0.07919515798833637,20,0.00019515798833635856,0,0,1
8583815059,2016-04-24,0.40953393251020176,0.032466067489798245,20,-0.006533932510201734,10,0.032466067489798245,20,0.00046606748979821644,0,0,0
8583815059,2016-04-25,0.4454844561879303,0.007515543812069703,22,0.0685155438120697,11,0.007515543812069703,22,-0.1274844561879303,2,0,0
8583815059,2016-04-25,0.5076690045905784,-0.043669004590578375,22,-0.09866900459057842,11,-0.043669004590578375,22,-0.1446690045905784,2,0,0
8583815059,2016-04-26,0.40351818321736715,0.010481816782632825,24,0.06848181678263282,12,0.010481816782632825,24,0.1544818167826329,4,0,1
8583815059,2016-04-26,0.46475447778479073,-0.03975447778479074,24,-0.09275447778479073,12,-0.03975447778479074,24,0.12724552221520924,4,0,1
8583815059,2016-04-27,0.43067403418647165,0.026325965813528363,26,0.07832596581352835,13,0.026325965813528363,26,-0.08067403418647168,4,2,1
8583815059,2016-04-27,0.49262785053422425,-0.025627850534224228,26,-0.07762785053422427,13,-0.025627850534224228,26,-0.10762785053422425,4,2,0
8583815059,2016-04-28,0.37594152239318335,0.07505847760681666,28,0.14405847760681667,14,0.07505847760681666,28,0.05505847760681665,4,0,0
8583815059,2016-04-28,0.4360522412912647,0.023947758708735334,28,-0.05805224129126468,14,0.023947758708735334,28,0.027947758708735337,4,0,0
8583815059,2016-04-29,0.4025296861788641,0.026470313821135905,30,0.09847031382113591,15,0.026470313821135905,30,0.04347031382113592,4,0,1
8583815059,2016-04-29,0.46373259539580713,-0.025732595395807134,30,-0.09773259539580714,15,-0.025732595395807134,30,0.016267404604192848,4,0,1
8583815059,2016-04-30,0.4220482656912504,0.0399517343087496,32,0.1069517343087496,16,0.0399517343087496,32,0.021951734308749582,2,2,1
8583815059,2016-04-30,0.4838157127390859,-0.012815712739085938,32,-0.08281571273908589,16,-0.012815712739085938,32,0.004184287260914077,2,2,0
8583815059,2016-05-01,0.3508048420116636,0.1041951579883364,34,0.1831951579883364,17,0.1041951579883364,34,0.042195157988336396,2,0,0
8583815059,2016-05-01,0.40953393251020176,0.053466067489798264,34,-0.04353393251020177,17,0.053466067489798264,34,0.02546606748979824,2,0,0
8583815059,2016-05-05,0.37594152239318335,0.06005847760681665,36,0.14105847760681667,18,0.06005847760681665,36,-0.022941522393183367,6,0,0
8583815059,2016-05-05,0.4360522412912647,0.006947758708735319,36,-0.0800522412912647,18,0.006947758708735319,36,-0.05605224129126468,6,0,1
8583815059,2016-05-06,0.4025296861788641,0.039470313821135916,38,0.09847031382113591,19,0.039470313821135916,38,0.14447031382113595,6,1,1
8583815059,2016-05-06,0.46373259539580713,-0.014732595395807124,38,-0.07573259539580712,19,-0.014732595395807124,38,0.11026740460419282,6,1,0
8583815059,2016-05-07,0.4220482656912504,0.024951734308749585,40,0.1019517343087496,20,0.024951734308749585,40,0.034951734308749594,4,0,0
8583815059,2016-05-07,0.4838157127390859,-0.029815712739085898,40,-0.10681571273908591,20,-0.029815712739085898,40,0.0071842872609140795,4,0,0
8583815059,2016-05-08,0.3508048420116636,0.06919515798833636,42,0.14019515798833637,21,0.06919515798833636,42,-0.044804842011663626,4,0,1
8583815059,2016-05-08,0.40953393251020176,0.01746606748979823,42,-0.06153393251020178,21,0.01746606748979823,42,-0.07053393251020174,4,0,0
8583815059,2016-05-09,0.4454844561879303,-0.012484456187930315,44,0.08151554381206971,22,-0.012484456187930315,44,-0.1984844561879303,4,0,1
8583815059,2016-05-09,0.5076690045905784,-0.0676690045905784,44,-0.15466900459057842,22,-0.0676690045905784,44,-0.22566900459057843,4,0,0
8583815059,2016-05-10,0.40351818321736715,0.02848181678263284,46,0.13248181678263288,23,0.02848181678263284,46,0.23448181678263286,6,0,1
8583815059,2016-05-10,0.46475447778479073,-0.02675447778479073,46,-0.1317544777847907,23,-0.02675447778479073,46,0.2012455222152093,6,0,1
8583815059,2016-05-11,0.43067403418647165,0.02532596581352836,48,0.1263259658135284,24,0.02532596581352836,48,-0.05267403418647165,6,2,1
8583815059,2016-05-11,0.49262785053422425,-0.030627850534224232,48,-0.13162785053422427,24,-0.030627850534224232,48,-0.08662785053422423,6,2,0
8792009665,2016-04-12,0.42649117423924787,0.0,0,0.0,0,0.0,0,0.0,0,0,0
8792009665,2016-04-12,0.5724253683149954,0.0,0,0.0,0,0.0,0,0.0,0,0,1
8792009665,2016-04-12,0.4790644284515426,0.0,0,0.0,0,0.0,0,0.0,0,0,0
8792009665,2016-04-13,0.44202995209758617,-0.04102995209758614,3,-0.07402995209758617,1,-0.12602995209758616,2,-2.995209758616113e-05,0,0,0
8792009665,2016-04-13,0.587831362792566,-0.09583136279256599,3,0.06916863720743405,1,0.06916863720743405,1,0.00016863720743398591,0,0,1
8792009665,2016-04-13,0.49486586478633854,-0.06086586478633854,3,-0.08286586478633856,1,-0.14186586478633856,2,0.0001341352136614571,0,0,0
8792009665,2016-04-14,0.3897214776496466,-0.03072147764964661,6,-0.11172147764964657,2,-0.1727214776496466,4,0.0002785223503534162,0,0,0
8792009665,2016-04-14,0.534806622948438,-0.10980662294843796,6,0.1331933770515621,2,0.1331933770515621,2,0.00019337705156208251,0,0,1
8792009665,2016-04-14,0.44124945532162846,-0.05924945532162845,6,-0.12624945532162846,2,-0.19624945532162846,4,-0.00024945532162845563,0,0,0
8792009665,2016-04-15,0.4226518807428332,-0.05765188074283323,9,-0.1586518807428332,3,-0.23065188074283322,6,0.00034811925716676795,0,0,0
8792009665,2016-04-15,0.5685747726431564,-0.15157477264315639,9,0.16142522735684361,3,0.16142522735684361,3,0.0004252273568435827,0,0,1
8792009665,2016-04-15,0.4751439629994372,-0.09114396299943717,9,-0.1781439629994372,3,-0.2591439629994372,6,-0.00014396299943719715,0,0,0
8792009665,2016-04-16,0.43701085202200307,-0.07301085202200308,12,-0.19401085202200308,4,-0.26901085202200303,8,-1.085202200307167e-05,0,0,0
8792009665,2016-04-16,0.4897734391719465,-0.11077343917194649,12,-0.21777343917194647,4,-0.3017734391719465,8,0.00022656082805350142,0,0,0
8792009665,2016-04-20,0.44202995209758617,-0.11502995209758615,14,-0.22102995209758616,5,-0.2950299520975862,10,-0.04102995209758614,3,0,0
8792009665,2016-04-20,0.587831362792566,-0.222831362792566,14,0.18316863720743404,4,0.18316863720743404,4,-0.09583136279256599,3,0,1
8792009665,2016-04-20,0.49486586478633854,-0.1538658647863385,14,-0.24786586478633854,5,-0.3298658647863385,10,-0.06086586478633854,3,0,0
8792009665,2016-04-21,0.3897214776496466,-0.0737214776496466,17,-0.2127214776496466,6,-0.2747214776496466,12,-0.020721477649646602,3,0,0
8792009665,2016-04-21,0.44124945532162846,-0.11324945532162844,17,-0.24024945532162845,6,-0.31124945532162845,12,-0.040249455321628436,3,0,0
8792009665,2016-04-22,0.4226518807428332,-0.12665188074283323,19,-0.24665188074283323,7,-0.31165188074283323,14,-0.03365188074283321,3,0,0
8792009665,2016-04-22,0.5685747726431564,-0.24157477264315635,19,0.21542522735684366,5,0.21542522735684366,5,-0.08857477264315639,3,0,0
8792009665,2016-04-22,0.4751439629994372,-0.16814396299943718,19,-0.27714396299943717,7,-0.3501439629994372,14,-0.05314396299943719,3,0,0
8792009665,2016-04-23,0.43701085202200307,-0.17101085202200306,22,-0.26901085202200303,8,-0.3330108520220031,16,-0.12501085202200307,2,0,0
8792009665,2016-04-23,0.5828861901792974,-0.28988619017929745,22,0.13611380982070254,6,0.13611380982070254,6,-0.16688619017929746,2,0,0
8792009665,2016-04-23,0.4897734391719465,-0.21377343917194647,22,-0.3017734391719465,8,-0.3727734391719465,16,-0.1397734391719465,2,0,0
8792009665,2016-04-24,0.36053739552952874,-0.13353739552952873,25,-0.23153739552952873,9,-0.2825373955295287,18,0.00046260447047125064,0,0,0
8792009665,2016-04-24,0.4108041445468156,-0.1758041445468156,25,-0.26380414454681556,9,-0.3218041445468156,18,0.00019585545318440145,0,0,0
8792009665,2016-04-26,0.42649117423924787,-0.20349117423924787,27,-0.28449117423924786,10,-0.34149117423924785,20,-0.03449117423924786,3,0,0
8792009665,2016-04-26,0.4790644284515426,-0.2480644284515426,27,-0.3190644284515426,10,-0.38306442845154265,20,-0.055064428451542635,3,0,0
8792009665,2016-04-27,0.44202995209758617,-0.23002995209758617,29,-0.30402995209758615,11,-0.36002995209758615,22,-0.05902995209758616,6,0,0
8792009665,2016-04-27,0.587831362792566,-0.353831362792566,29,0.07416863720743405,7,0.07416863720743405,7,-0.13883136279256597,6,0,1
8792009665,2016-04-27,0.49486586478633854,-0.27486586478633857,29,-0.3398658647863385,11,-0.40286586478633857,22,-0.08786586478633857,6,0,0
8792009665,2016-04-28,0.3897214776496466,-0.1747214776496466,32,-0.2747214776496466,12,-0.3227214776496466,24,-0.09472147764964661,5,0,0
8792009665,2016-04-28,0.534806622948438,-0.30080662294843796,32,0.1321933770515621,8,0.1321933770515621,8,-0.16780662294843796,5,0,0
8792009665,2016-04-28,0.44124945532162846,-0.21924945532162846,32,-0.31124945532162845,12,-0.36524945532162845,24,-0.12024945532162845,5,0,0
8792009665,2016-04-29,0.4226518807428332,-0.2196518807428332,35,-0.3056518807428332,13,-0.3546518807428332,26,-0.13965188074283325,6,0,0
8792009665,2016-04-29,0.5685747726431564,-0.3475747726431564,35,0.06342522735684364,9,0.06342522735684364,9,-0.2195747726431564,6,0,0
8792009665,2016-04-29,0.4751439629994372,-0.2661439629994372,35,-0.34314396299943717,13,-0.39814396299943716,26,-0.16814396299943718,6,0,1
8792009665,2016-04-30,0.43701085202200307,-0.22301085202200308,38,-0.3220108520220031,14,-0.3400108520220031,28,-0.21801085202200307,5,1,1
8792009665,2016-04-30,0.5828861901792974,-0.35188619017929745,38,0.011113809820702536,10,0.011113809820702536,10,-0.29188619017929746,5,1,0
8792009665,2016-04-30,0.4897734391719465,-0.2697734391719465,38,-0.3077734391719465,14,-0.3847734391719465,28,-0.2447734391719465,5,1,0
8792009665,2016-05-01,0.36053739552952874,-0.14753739552952874,41,-0.22053739552952872,15,-0.25153739552952875,30,-0.10253739552952873,2,0,0
8792009665,2016-05-01,0.5037256082608685,-0.27472560826086856,41,0.028274391739131488,11,0.028274391739131488,11,-0.14372560826086855,2,0,1
8792009665,2016-05-01,0.4108041445468156,-0.19180414454681557,41,-0.25780414454681555,15,-0.2948041445468156,30,-0.11780414454681559,2,0,0
8792009665,2016-05-02,0.44751671116760355,-0.21851671116760354,44,-0.2935167111676036,16,-0.33251671116760356,32,0.0004832888323964557,0,0,0
8792009665,2016-05-02,0.5932038407583009,-0.3492038407583009,44,-0.007203840758300939,12,-0.007203840758300939,12,-0.00020384075830093273,0,0,1
8792009665,2016-05-02,0.5004202673751071,-0.26542026737510716,44,-0.3334202673751071,16,-0.37842026737510714,32,-0.00042026737510714174,0,0,0
8792009665,2016-05-03,0.42649117423924787,-0.19349117423924786,47,-0.28449117423924786,17,-0.3204911742392479,34,-0.11349117423924787,5,0,0
8792009665,2016-05-03,0.5724253683149954,-0.32542536831499536,47,0.030574631685004627,13,0.030574631685004627,13,-0.18642536831499534,5,0,1
8792009665,2016-05-03,0.4790644284515426,-0.24106442845154263,47,-0.3250644284515426,17,-0.36606442845154263,34,-0.1390644284515426,5,0,0
8792009665,2016-05-04,0.44202995209758617,-0.20202995209758617,50,-0.30202995209758615,18,-0.3390299520975862,36,-0.07002995209758617,9,0,0
8792009665,2016-05-04,0.587831362792566,-0.334831362792566,50,0.04016863720743402,14,0.04016863720743402,14,-0.163831362792566,9,0,1
8792009665,2016-05-04,0.49486586478633854,-0.24986586478633854,50,-0.3438658647863385,18,-0.38586586478633855,36,-0.10386586478633852,9,0,0
8877689391,2016-04-12,0.40952951281960165,0.0,0,0.0,0,0.0,0,0.0,0,0,1
8877689391,2016-04-12,0.4644764145783142,0.0,0,0.0,0,0.0,0,0.0,0,0,1
8877689391,2016-04-13,0.4130812799063227,0.16791872009367725,2,0.0979187200936773,1,0.16791872009367725,2,-8.127990632272875e-05,0,2,1
8877689391,2016-04-13,0.468126919915275,0.151873080084725,2,0.08887308008472505,1,0.151873080084725,2,-0.00012691991527497004,0,2,1
8877689391,2016-04-14,0.36370438469661437,0.28329561530338565,4,0.18229561530338567,2,0.28329561530338565,4,0.00029561530338562125,0,4,1
8877689391,2016-04-14,0.4168433586687124,0.25915664133128763,4,0.16615664133128755,2,0.25915664133128763,4,0.00015664133128756585,0,4,1
8877689391,2016-04-15,0.3962068362106136,0.3297931637893864,6,0.2267931637893864,3,0.3297931637893864,6,-0.00020683621061357016,0,6,1
8877689391,2016-04-15,0.4507307077930703,0.2992692922069297,6,0.20626929220692974,3,0.2992692922069297,6,0.00026929220692972766,0,6,1
8877689391,2016-04-16,0.40405882470569676,0.36694117529430326,8,0.2649411752943033,4,0.36694117529430326,8,-5.8824705696736146e-05,0,8,1
8877689391,2016-04-16,0.45884210083794713,0.3331578991620529,8,0.24015789916205282,4,0.3331578991620529,8,0.000157899162052888,0,8,1
8877689391,2016-04-17,0.33926597193556585,0.4407340280644342,10,0.3307340280644342,5,0.4407340280644342,10,-0.000265971935565823,0,10,1
8877689391,2016-04-17,0.3910286310949104,0.40597136890508967,10,0.3049713689050896,5,0.40597136890508967,10,-2.8631094910358534e-05,0,10,1
8877689391,2016-04-18,0.43067494812253165,0.4023250518774683,12,0.31032505187746834,6,0.4023250518774683,12,0.00032505187746834086,0,12,1
8877689391,2016-04-18,0.48612321893339266,0.3628767810666073,12,0.27987678106660735,6,0.3628767810666073,12,-0.00012321893339267698,0,12,1
8877689391,2016-04-19,0.40952951281960165,0.4354704871803983,14,0.34447048718039835,7,0.4354704871803983,14,0.1684704871803983,2,14,1
8877689391,2016-04-19,0.4644764145783142,0.3945235854216858,14,0.31252358542168585,7,0.3945235854216858,14,0.15252358542168581,2,14,1
8877689391,2016-04-20,0.4130812799063227,0.4469187200936773,16,0.3609187200936773,8,0.4469187200936773,16,0.16791872009367725,2,16,1
8877689391,2016-04-20,0.468126919915275,0.404873080084725,16,0.32687308008472504,8,0.404873080084725,16,0.151873080084725,2,16,1
8877689391,2016-04-21,0.36370438469661437,0.4982956153033856,18,0.40929561530338565,9,0.4982956153033856,18,0.18229561530338567,2,18,1
8877689391,2016-04-21,0.4168433586687124,0.4561566413312876,18,0.3751566413312876,9,0.4561566413312876,18,0.16615664133128755,2,18,1
8877689391,2016-04-22,0.3962068362106136,0.4827931637893864,20,0.40279316378938645,10,0.4827931637893864,20,0.17279316378938636,2,20,1
8877689391,2016-04-22,0.4507307077930703,0.43926929220692973,20,0.36626929220692966,10,0.43926929220692973,20,0.1572692922069297,2,20,1
8877689391,2016-04-23,0.40405882470569676,0.48594117529430325,22,0.4099411752943032,11,0.48594117529430325,22,0.1699411752943032,2,22,1
8877689391,2016-04-23,0.45884210083794713,0.4411578991620529,22,0.37215789916205283,11,0.4411578991620529,22,0.15415789916205286,2,22,1
8877689391,2016-04-24,0.33926597193556585,0.5467340280644342,24,0.4667340280644342,12,0.5467340280644342,24,0.18873402806443418,2,24,1
8877689391,2016-04-24,0.3910286310949104,0.5039713689050896,24,0.4299713689050896,12,0.5039713689050896,24,0.17397136890508957,2,24,1
8877689391,2016-04-25,0.43067494812253165,0.4773250518774684,26,0.4113250518774683,13,0.4773250518774684,26,0.16232505187746832,2,26,1
8877689391,2016-04-25,0.48612321893339266,0.4308767810666074,26,0.3708767810666073,13,0.4308767810666074,26,0.14687678106660734,2,26,1
8877689391,2016-04-26,0.40952951281960165,0.5014704871803983,28,0.4354704871803983,14,0.5014704871803983,28,0.2624704871803984,4,28,0
8877689391,2016-04-26,0.4644764145783142,0.45452358542168586,28,0.3945235854216858,14,0.45452358542168586,28,0.23752358542168578,4,28,0
8877689391,2016-04-27,0.4130812799063227,0.4459187200936773,30,0.38991872009367734,15,0.4459187200936773,30,0.26091872009367734,4,0,1
8877689391,2016-04-27,0.468126919915275,0.398873080084725,30,0.34887308008472495,15,0.398873080084725,30,0.23687308008472496,4,0,1
8877689391,2016-04-28,0.36370438469661437,0.4962956153033856,32,0.4372956153033857,16,0.4962956153033856,32,0.28329561530338565,4,2,1
8877689391,2016-04-28,0.4168433586687124,0.4501566413312876,32,0.39715664133128753,16,0.4501566413312876,32,0.25915664133128763,4,2,1
8877689391,2016-04-29,0.3962068362106136,0.4747931637893864,34,0.42079316378938636,17,0.4747931637893864,34,0.26879316378938645,4,4,0
8877689391,2016-04-29,0.4507307077930703,0.4272692922069297,34,0.3792692922069297,17,0.4272692922069297,34,0.24426929220692967,4,4,1
8877689391,2016-04-30,0.40405882470569676,0.4499411752943032,36,0.37894117529430327,18,0.4499411752943032,36,0.2649411752943033,4,1,1
8877689391,2016-04-30,0.45884210083794713,0.40215789916205286,36,0.38015789916205284,18,0.40215789916205286,36,0.24015789916205282,4,1,1
8877689391,2016-05-01,0.33926597193556585,0.5137340280644341,38,0.4397340280644342,19,0.5137340280644341,38,0.29373402806443416,4,3,1
8877689391,2016-05-01,0.3910286310949104,0.4679713689050896,38,0.4399713689050896,19,0.4679713689050896,38,0.27097136890508966,4,3,0
8877689391,2016-05-02,0.43067494812253165,0.4173250518774683,40,0.3753250518774684,20,0.4173250518774683,40,0.2533250518774684,4,0,0
8877689391,2016-05-02,0.48612321893339266,0.3678767810666073,40,0.3308767810666073,20,0.3678767810666073,40,0.2288767810666073,4,0,0
8877689391,2016-05-03,0.40952951281960165,0.4004704871803984,42,0.36147048718039837,21,0.4004704871803984,42,0.1404704871803984,6,0,1
8877689391,2016-05-03,0.4644764145783142,0.35052358542168577,42,0.31752358542168585,21,0.35052358542168577,42,0.11052358542168578,6,0,0
8877689391,2016-05-04,0.4130812799063227,0.38391872009367733,44,0.3669187200936773,22,0.38391872009367733,44,0.3199187200936773,6,0,1
8877689391,2016-05-04,0.468126919915275,0.33487308008472505,44,0.284873080084725,22,0.33487308008472505,44,0.289873080084725,6,0,1
8877689391,2016-05-05,0.36370438469661437,0.4362956153033857,46,0.41529561530338566,23,0.4362956153033857,46,0.3472956153033856,6,2,1
8877689391,2016-05-05,0.4168433586687124,0.38915664133128763,46,0.3361566413312876,23,0.38915664133128763,46,0.31815664133128757,6,2,1
8877689391,2016-05-06,0.3962068362106136,0.41479316378938647,48,0.39579316378938645,24,0.41479316378938647,48,0.23879316378938642,6,4,1
8877689391,2016-05-06,0.4507307077930703,0.36526929220692966,48,0.31626929220692973,24,0.36526929220692966,48,0.20826929220692975,6,4,1
8877689391,2016-05-07,0.40405882470569676,0.4149411752943032,50,0.3969411752943033,25,0.4149411752943032,50,0.3249411752943032,6,6,1
8877689391,2016-05-07,0.45884210083794713,0.3651578991620528,50,0.3171578991620529,25,0.3651578991620528,50,0.2951578991620529,6,6,1
8877689391,2016-05-08,0.33926597193556585,0.4797340280644341,52,0.4577340280644342,26,0.4797340280644341,52,0.26973402806443414,6,8,0
8877689391,2016-05-08,0.3910286310949104,0.4329713689050896,52,0.38197136890508965,26,0.4329713689050896,52,0.24097136890508963,6,8,1
8877689391,2016-05-09,0.43067494812253165,0.3853250518774683,54,0.3553250518774684,27,0.3853250518774683,54,0.1283250518774684,6,1,1
8877689391,2016-05-09,0.48612321893339266,0.3348767810666073,54,0.3088767810666074,27,0.3348767810666073,54,0.0988767810666073,6,1,1
8877689391,2016-05-10,0.40952951281960165,0.4104704871803983,56,0.3794704871803984,28,0.4104704871803983,56,0.1324704871803984,8,3,1
8877689391,2016-05-10,0.4644764145783142,0.3605235854216858,56,0.33352358542168586,28,0.3605235854216858,56,0.09852358542168577,8,3,0
8877689391,2016-05-11,0.4130812799063227,0.39791872009367735,58,0.38291872009367733,29,0.39791872009367735,58,0.3609187200936773,8,0,1
8877689391,2016-05-11,0.468126919915275,0.34687308008472495,58,0.306873080084725,29,0.34687308008472495,58,0.32687308008472504,8,0,1
8877689391,2016-05-12,0.36370438469661437,0.4492956153033856,60,0.43129561530338567,30,0.4492956153033856,60,0.39129561530338564,8,2,0
8877689391,2016-05-12,0.4168433586687124,0.40015664133128753,60,0.3571566413312876,30,0.40015664133128753,60,0.3591566413312876,8,2,0
