user_id,date,category,success,general_behavior_prior,general_time_prior,general_day_prior,behavior_probability,behavior_attempts,weather_probability,weather_attempts,time_probability,time_attempts,day_probability,day_attempts,deadline_probability,deadline_attempts,current_streak
1503960366,2016-04-12,exercise,1,0.39588377723970947,0.39588377723970947,0.4461538461538462,0.39588377723970947,0,0.5,0,0.39588377723970947,0,0.4461538461538462,0,0.5,0,0
1503960366,2016-04-12,sleep,0,0.5918918918918918,0.5918918918918918,0.4576271186440678,0.5918918918918918,0,0.5,0,0.5918918918918918,0,0.4576271186440678,0,0.5,0,0
1503960366,2016-04-12,steps,1,0.45036319612590797,0.45036319612590797,0.4846153846153846,0.45036319612590797,0,0.5,0,0.45036319612590797,0,0.4846153846153846,0,0.5,0,0
1503960366,2016-04-13,exercise,0,0.39588377723970947,0.39588377723970947,0.44360902255639095,0.49656981436642456,1,0.5,0,0.5684884123140782,2,0.44360902255639095,0,0.5,0,1
1503960366,2016-04-13,sleep,1,0.5918918918918918,0.5918918918918918,0.6666666666666666,0.4932432432432432,1,0.5,0,0.4932432432432432,1,0.6666666666666666,0,0.5,0,1
1503960366,2016-04-13,steps,1,0.45036319612590797,0.45036319612590797,0.41353383458646614,0.5419693301049233,1,0.5,0,0.6074022829470771,2,0.41353383458646614,0,0.5,0,1
1503960366,2016-04-14,exercise,0,0.39588377723970947,0.39588377723970947,0.34108527131782945,0.42563126945693536,2,0.5,0,0.5532687651331719,4,0.34108527131782945,0,0.5,0,2
1503960366,2016-04-14,steps,0,0.45036319612590797,0.45036319612590797,0.4573643410852713,0.6074022829470771,2,0.5,0,0.5835351089588378,4,0.4573643410852713,0,0.5,0,2
1503960366,2016-04-15,steps,0,0.45036319612590797,0.45036319612590797,0.46551724137931033,0.5314769975786925,3,0.5,0,0.47743781642086724,6,0.46551724137931033,0,0.5,0,0
1503960366,2016-04-15,sleep,0,0.5918918918918918,0.5918918918918918,0.6078431372549019,0.5656370656370656,2,0.5,0,0.5656370656370656,2,0.6078431372549019,0,0.5,0,0
1503960366,2016-04-15,exercise,1,0.39588377723970947,0.39588377723970947,0.39655172413793105,0.3724273607748184,3,0.5,0,0.45267444419986796,6,0.39655172413793105,0,0.5,0,0
1503960366,2016-04-16,exercise,1,0.39588377723970947,0.39588377723970947,0.4074074074074074,0.4421576540220608,4,0.5,0,0.4599552989383498,8,0.4074074074074074,0,0.5,0,1
1503960366,2016-04-16,sleep,0,0.5918918918918918,0.5918918918918918,0.5714285714285714,0.4949324324324324,3,0.5,0,0.4949324324324324,3,0.5714285714285714,0,0.5,0,1
1503960366,2016-04-16,steps,1,0.45036319612590797,0.45036319612590797,0.48148148148148145,0.47242399784772665,4,0.5,0,0.4809089215868877,8,0.48148148148148145,0,0.5,0,1
1503960366,2016-04-17,exercise,0,0.39588377723970947,0.39588377723970947,0.3047619047619048,0.4979418886198547,5,0.5,0,0.5319612590799031,10,0.3047619047619048,0,0.5,0,1
1503960366,2016-04-17,sleep,1,0.5918918918918918,0.5918918918918918,0.6875,0.4399399399399399,4,0.5,0,0.4399399399399399,4,0.6875,0,0.5,0,1
1503960366,2016-04-17,steps,1,0.45036319612590797,0.45036319612590797,0.3523809523809524,0.525181598062954,5,0.5,0,0.5501210653753027,10,0.3523809523809524,0,0.5,0,1
1503960366,2016-04-18,exercise,1,0.39588377723970947,0.39588377723970947,0.41904761904761906,0.45267444419986796,6,0.5,0,0.5282011109528558,12,0.41904761904761906,0,0.5,0,1
1503960366,2016-04-18,steps,1,0.45036319612590797,0.45036319612590797,0.49523809523809526,0.5683469073299582,6,0.5,0,0.5442244694487965,12,0.49523809523809526,0,0.5,0,1
1503960366,2016-04-19,sleep,0,0.5918918918918918,0.5918918918918918,0.4576271186440678,0.495945945945946,5,0.5,0,0.495945945945946,5,0.5360169491525424,3,0.5,0,4
1503960366,2016-04-19,steps,1,0.45036319612590797,0.45036319612590797,0.4846153846153846,0.604317998385795,7,0.5,0,0.5922008410857653,14,0.5528846153846154,3,0.5,0,4
1503960366,2016-04-19,exercise,1,0.39588377723970947,0.39588377723970947,0.4461538461538462,0.4982849071832123,7,0.5,0,0.5778641519051867,14,0.5288461538461539,3,0.5,0,4
1503960366,2016-04-20,exercise,1,0.39588377723970947,0.39588377723970947,0.44360902255639095,0.5368783758614267,8,0.5,0,0.6180675660094547,16,0.5272556390977443,3,0.5,0,1
1503960366,2016-04-20,sleep,1,0.5918918918918918,0.5918918918918918,0.6666666666666666,0.4508599508599509,6,0.5,0,0.4508599508599509,6,0.6666666666666666,3,0.5,0,1
1503960366,2016-04-20,steps,0,0.45036319612590797,0.45036319612590797,0.41353383458646614,0.6347550754330415,8,0.5,0,0.6310388562204543,16,0.5084586466165413,3,0.5,0,1
1503960366,2016-04-21,exercise,1,0.39588377723970947,0.39588377723970947,0.34108527131782945,0.5699584918713249,9,0.5,0,0.6078008211390673,18,0.24363233665559245,2,0.5,0,0
1503960366,2016-04-21,sleep,0,0.5918918918918918,0.5918918918918918,0.5423728813559322,0.49662162162162166,7,0.5,0,0.49662162162162166,7,0.387409200968523,2,0.5,0,0
1503960366,2016-04-21,steps,1,0.45036319612590797,0.45036319612590797,0.4573643410852713,0.5894154271878244,9,0.5,0,0.6196441730708496,18,0.3266888150609081,2,0.5,0,0
1503960366,2016-04-22,exercise,1,0.39588377723970947,0.39588377723970947,0.39655172413793105,0.5986279257465699,10,0.5,0,0.639176755447942,20,0.3728448275862069,3,0.5,0,2
1503960366,2016-04-22,steps,1,0.45036319612590797,0.45036319612590797,0.46551724137931033,0.6167877320419693,10,0.5,0,0.6500726392251817,20,0.41594827586206895,3,0.5,0,2
1503960366,2016-04-23,sleep,0,0.5918918918918918,0.5918918918918918,0.5714285714285714,0.4584199584199584,8,0.5,0,0.4584199584199584,8,0.6071428571428571,3,0.5,0,3
1503960366,2016-04-23,steps,1,0.45036319612590797,0.45036319612590797,0.48148148148148145,0.6407384987893463,11,0.5,0,0.6759931844677608,22,0.5509259259259259,3,0.5,0,3
1503960366,2016-04-23,exercise,1,0.39588377723970947,0.39588377723970947,0.4074074074074074,0.6237136803874093,11,0.5,0,0.6659044031925389,22,0.5046296296296295,3,0.5,0,3
1503960366,2016-04-24,exercise,0,0.39588377723970947,0.39588377723970947,0.3047619047619048,0.6458481697763852,12,0.5,0,0.6889454788344327,24,0.44047619047619047,3,0.5,0,1
1503960366,2016-04-24,sleep,0,0.5918918918918918,0.5918918918918918,0.6875,0.4256756756756757,9,0.5,0,0.4256756756756757,9,0.6796875,3,0.5,0,1
1503960366,2016-04-24,steps,0,0.45036319612590797,0.45036319612590797,0.3523809523809524,0.661871528272326,12,0.5,0,0.6983384820906738,24,0.47023809523809523,3,0.5,0,1
1503960366,2016-04-25,exercise,1,0.39588377723970947,0.39588377723970947,0.41904761904761906,0.6099677158999194,13,0.5,0,0.6444973834257596,26,0.5850340136054422,2,0.5,0,0
1503960366,2016-04-25,sleep,0,0.5918918918918918,0.5918918918918918,0.6341463414634146,0.3972972972972973,10,0.5,0,0.3972972972972973,10,0.7386759581881533,2,0.5,0,0
1503960366,2016-04-25,steps,1,0.45036319612590797,0.45036319612590797,0.49523809523809526,0.6251008878127523,13,0.5,0,0.6532843864719207,26,0.6394557823129252,2,0.5,0,0
1503960366,2016-04-26,sleep,0,0.5918918918918918,0.5918918918918918,0.4576271186440678,0.37246621621621623,11,0.5,0,0.37246621621621623,11,0.5716486902927581,6,0.5,0,2
1503960366,2016-04-26,steps,1,0.45036319612590797,0.45036319612590797,0.4846153846153846,0.6448324200331337,14,0.5,0,0.674297453958471,28,0.583916083916084,6,0.5,0,2
1503960366,2016-04-26,exercise,1,0.39588377723970947,0.39588377723970947,0.4461538461538462,0.6304957308525552,14,0.5,0,0.6660429965514711,28,0.5664335664335665,6,0.5,0,2
1503960366,2016-04-27,steps,1,0.45036319612590797,0.45036319612590797,0.41353383458646614,0.662590799031477,15,0.5,0,0.6929090280179869,30,0.5516062884483937,6,0.5,0,2
1503960366,2016-04-27,exercise,1,0.39588377723970947,0.39588377723970947,0.44360902255639095,0.6489709443099274,15,0.5,0,0.685126253891387,30,0.5652768284347232,6,0.5,0,2
1503960366,2016-04-28,exercise,1,0.39588377723970947,0.39588377723970947,0.34108527131782945,0.6656866136285023,16,0.5,0,0.7021464563837445,32,0.3705426356589147,5,0.5,0,4
1503960366,2016-04-28,sleep,0,0.5918918918918918,0.5918918918918918,0.5423728813559322,0.3505564387917329,12,0.5,0,0.3505564387917329,12,0.4711864406779661,5,0.5,0,4
1503960366,2016-04-28,steps,1,0.45036319612590797,0.45036319612590797,0.4573643410852713,0.678657903839502,16,0.5,0,0.7095085400170146,32,0.4286821705426357,5,0.5,0,4
1503960366,2016-04-29,exercise,1,0.39588377723970947,0.39588377723970947,0.39655172413793105,0.6808826766453886,17,0.5,0,0.717420997082014,34,0.49827586206896546,5,0.5,0,2
1503960366,2016-04-29,sleep,0,0.5918918918918918,0.5918918918918918,0.6078431372549019,0.3310810810810811,13,0.5,0,0.3310810810810811,13,0.6039215686274509,5,0.5,0,2
1503960366,2016-04-29,steps,0,0.45036319612590797,0.45036319612590797,0.46551724137931033,0.6932643627558882,17,0.5,0,0.7244055379648601,34,0.5327586206896552,5,0.5,0,2
1503960366,2016-04-30,exercise,1,0.39588377723970947,0.39588377723970947,0.4074074074074074,0.6947573428781978,18,0.5,0,0.7068150947853304,36,0.5488215488215488,6,0.5,0,0
1503960366,2016-04-30,sleep,0,0.5918918918918918,0.5918918918918918,0.5714285714285714,0.3136557610241821,14,0.5,0,0.3136557610241821,14,0.6233766233766234,6,0.5,0,0
1503960366,2016-04-30,steps,1,0.45036319612590797,0.45036319612590797,0.48148148148148145,0.6631224339404148,18,0.5,0,0.7134589263568181,36,0.5824915824915825,6,0.5,0,0
1503960366,2016-05-01,steps,1,0.45036319612590797,0.45036319612590797,0.3523809523809524,0.6771589991928976,19,0.5,0,0.7267864181541753,38,0.341991341991342,6,0.5,0,2
1503960366,2016-05-01,sleep,1,0.5918918918918918,0.5918918918918918,0.6875,0.297972972972973,15,0.5,0,0.297972972972973,15,0.4943181818181818,6,0.5,0,2
1503960366,2016-05-01,exercise,1,0.39588377723970947,0.39588377723970947,0.3047619047619048,0.7074757869249395,19,0.5,0,0.7204516020046174,38,0.3203463203463203,6,0.5,0,2
1503960366,2016-05-02,exercise,1,0.39588377723970947,0.39588377723970947,0.41904761904761906,0.7191767554479419,20,0.5,0,0.7328759752488565,40,0.6095238095238095,5,0.5,0,5
1503960366,2016-05-02,sleep,0,0.5918918918918918,0.5918918918918918,0.6341463414634146,0.3314028314028314,16,0.5,0,0.3314028314028314,16,0.7170731707317073,5,0.5,0,5
1503960366,2016-05-02,steps,1,0.45036319612590797,0.45036319612590797,0.49523809523809526,0.6900726392251816,20,0.5,0,0.7389292440139897,40,0.6476190476190476,5,0.5,0,5
1503960366,2016-05-03,exercise,1,0.39588377723970947,0.39588377723970947,0.4461538461538462,0.729977649469175,21,0.5,0,0.744242955025501,42,0.5879120879120878,9,0.5,0,2
1503960366,2016-05-03,sleep,0,0.5918918918918918,0.5918918918918918,0.4576271186440678,0.31633906633906633,17,0.5,0,0.31633906633906633,17,0.5920096852300242,9,0.5,0,2
1503960366,2016-05-03,steps,1,0.45036319612590797,0.45036319612590797,0.4846153846153846,0.7019929223319055,21,0.5,0,0.7500386378857349,42,0.6016483516483516,9,0.5,0,2
1503960366,2016-05-04,exercise,1,0.39588377723970947,0.39588377723970947,0.44360902255639095,0.7399784772666129,22,0.5,0,0.7546820180856846,44,0.6321573163678427,8,0.5,0,2
1503960366,2016-05-04,steps,1,0.45036319612590797,0.45036319612590797,0.41353383458646614,0.7130302215047978,22,0.5,0,0.7602411424618273,44,0.6205899363794101,8,0.5,0,2
1503960366,2016-05-05,steps,1,0.45036319612590797,0.45036319612590797,0.4573643410852713,0.7232791421653407,23,0.5,0,0.7696434506005791,46,0.4836016696481813,8,0.5,0,3
1503960366,2016-05-05,exercise,1,0.39588377723970947,0.39588377723970947,0.34108527131782945,0.7492649602213767,23,0.5,0,0.7643023311019322,46,0.43887895050685743,8,0.5,0,3
1503960366,2016-05-05,sleep,0,0.5918918918918918,0.5918918918918918,0.5423728813559322,0.30258519388954175,18,0.5,0,0.30258519388954175,18,0.516297262059974,8,0.5,0,3
1503960366,2016-05-06,exercise,0,0.39588377723970947,0.39588377723970947,0.39655172413793105,0.757910996075812,24,0.5,0,0.7731965827584631,48,0.4602122015915119,8,0.5,0,0
1503960366,2016-05-06,sleep,0,0.5918918918918918,0.5918918918918918,0.6078431372549019,0.2899774774774775,19,0.5,0,0.2899774774774775,19,0.5414781297134238,8,0.5,0,0
1503960366,2016-05-06,steps,1,0.45036319612590797,0.45036319612590797,0.46551724137931033,0.7328212407113635,24,0.5,0,0.7783361505779158,48,0.48673740053050396,8,0.5,0,0
1503960366,2016-05-07,exercise,1,0.39588377723970947,0.39588377723970947,0.4074074074074074,0.7326472962066183,25,0.5,0,0.7632621615672462,50,0.5740740740740741,9,0.5,0,1
1503960366,2016-05-07,sleep,0,0.5918918918918918,0.5918918918918918,0.5714285714285714,0.27837837837837837,20,0.5,0,0.27837837837837837,20,0.6326530612244898,9,0.5,0,1
1503960366,2016-05-07,steps,1,0.45036319612590797,0.45036319612590797,0.48148148148148145,0.7417271993543181,25,0.5,0,0.7682148360114461,50,0.6005291005291006,9,0.5,0,1
1503960366,2016-05-08,steps,0,0.45036319612590797,0.45036319612590797,0.3523809523809524,0.7500585800203078,26,0.5,0,0.7763476487829744,52,0.48299319727891155,9,0.5,0,2
1503960366,2016-05-08,exercise,1,0.39588377723970947,0.39588377723970947,0.3047619047619048,0.7412715769741467,26,0.5,0,0.7715687523894481,52,0.46598639455782315,9,0.5,0,2
1503960366,2016-05-08,sleep,1,0.5918918918918918,0.5918918918918918,0.6875,0.2676715176715177,21,0.5,0,0.2676715176715177,21,0.6026785714285714,9,0.5,0,2
1503960366,2016-05-09,exercise,0,0.39588377723970947,0.39588377723970947,0.41904761904761906,0.7493568401937046,27,0.5,0,0.7623630319694669,54,0.6227106227106227,8,0.5,0,1
1503960366,2016-05-09,sleep,0,0.5918918918918918,0.5918918918918918,0.6341463414634146,0.2947947947947948,22,0.5,0,0.2947947947947948,22,0.7054409005628519,8,0.5,0,1
1503960366,2016-05-09,steps,1,0.45036319612590797,0.45036319612590797,0.49523809523809526,0.7266192493946732,27,0.5,0,0.7669799318750768,54,0.652014652014652,8,0.5,0,1
1503960366,2016-05-10,exercise,1,0.39588377723970947,0.39588377723970947,0.4461538461538462,0.7266490571575318,28,0.5,0,0.7537609653475171,56,0.6018099547511312,12,0.5,0,1
1503960366,2016-05-10,sleep,0,0.5918918918918918,0.5918918918918918,0.4576271186440678,0.2842664092664093,23,0.5,0,0.2842664092664093,23,0.6051844466600199,12,0.5,0,1
1503960366,2016-05-10,steps,0,0.45036319612590797,0.45036319612590797,0.4846153846153846,0.7349035145645315,28,0.5,0,0.7582264914857301,56,0.6131221719457014,12,0.5,0,1
1503960366,2016-05-11,sleep,0,0.5918918918918918,0.5918918918918918,0.6666666666666666,0.2744641192917055,24,0.5,0,0.2744641192917055,24,0.7555555555555554,10,0.5,0,0
1503960366,2016-05-11,exercise,1,0.39588377723970947,0.39588377723970947,0.44360902255639095,0.7346887907705455,29,0.5,0,0.7457050616856912,58,0.6812030075187969,10,0.5,0,0
1503960366,2016-05-11,steps,1,0.45036319612590797,0.45036319612590797,0.41353383458646614,0.7132887053126336,29,0.5,0,0.7500288250893578,58,0.6711779448621553,10,0.5,0,0
1624580081,2016-04-12,exercise,0,0.42303030303030303,0.42303030303030303,0.4846153846153846,0.42303030303030303,0,0.5,0,0.42303030303030303,0,0.4846153846153846,0,0.5,0,0
1624580081,2016-04-12,steps,0,0.4690909090909091,0.4690909090909091,0.5153846153846153,0.4690909090909091,0,0.5,0,0.4690909090909091,0,0.5153846153846153,0,0.5,0,0
1624580081,2016-04-13,exercise,0,0.42303030303030303,0.42303030303030303,0.47368421052631576,0.3525252525252525,1,0.5,0,0.3021645021645022,2,0.47368421052631576,0,0.5,0,0
1624580081,2016-04-13,steps,0,0.4690909090909091,0.4690909090909091,0.43609022556390975,0.39090909090909093,1,0.5,0,0.3350649350649351,2,0.43609022556390975,0,0.5,0,0
1624580081,2016-04-14,exercise,0,0.42303030303030303,0.42303030303030303,0.3671875,0.3021645021645022,2,0.5,0,0.235016835016835,4,0.3671875,0,0.5,0,0
1624580081,2016-04-14,steps,0,0.4690909090909091,0.4690909090909091,0.4765625,0.3350649350649351,2,0.5,0,0.2606060606060606,4,0.4765625,0,0.5,0,0
1624580081,2016-04-15,exercise,0,0.42303030303030303,0.42303030303030303,0.4224137931034483,0.2643939393939394,3,0.5,0,0.19228650137741046,6,0.4224137931034483,0,0.5,0,0
1624580081,2016-04-15,steps,0,0.4690909090909091,0.4690909090909091,0.4827586206896552,0.2931818181818182,3,0.5,0,0.2132231404958678,6,0.4827586206896552,0,0.5,0,0
1624580081,2016-04-16,exercise,0,0.42303030303030303,0.42303030303030303,0.4444444444444444,0.235016835016835,4,0.5,0,0.1627039627039627,8,0.4444444444444444,0,0.5,0,0
1624580081,2016-04-16,steps,1,0.4690909090909091,0.4690909090909091,0.49074074074074076,0.2606060606060606,4,0.5,0,0.18041958041958045,8,0.49074074074074076,0,0.5,0,0
1624580081,2016-04-17,exercise,1,0.42303030303030303,0.42303030303030303,0.3047619047619048,0.21151515151515152,5,0.5,0,0.20767676767676768,10,0.3047619047619048,0,0.5,0,1
1624580081,2016-04-17,steps,0,0.4690909090909091,0.4690909090909091,0.3523809523809524,0.3345454545454546,5,0.5,0,0.22303030303030305,10,0.3523809523809524,0,0.5,0,1
1624580081,2016-04-18,exercise,0,0.42303030303030303,0.42303030303030303,0.44761904761904764,0.2831955922865014,6,0.5,0,0.24206773618538324,12,0.44761904761904764,0,0.5,0,0
1624580081,2016-04-18,steps,1,0.4690909090909091,0.4690909090909091,0.5238095238095238,0.3041322314049587,6,0.5,0,0.2556149732620321,12,0.5238095238095238,0,0.5,0,0
1624580081,2016-04-19,steps,0,0.4690909090909091,0.4690909090909091,0.5153846153846153,0.3621212121212121,7,0.5,0,0.2813397129186603,14,0.3681318681318681,2,0.5,0,1
1624580081,2016-04-19,exercise,0,0.42303030303030303,0.42303030303030303,0.4846153846153846,0.2595959595959596,7,0.5,0,0.2692185007974482,14,0.34615384615384615,2,0.5,0,1
1624580081,2016-04-20,exercise,0,0.42303030303030303,0.42303030303030303,0.47368421052631576,0.23962703962703963,8,0.5,0,0.2435786435786436,16,0.3383458646616541,2,0.5,0,0
1624580081,2016-04-20,steps,0,0.4690909090909091,0.4690909090909091,0.43609022556390975,0.3342657342657343,8,0.5,0,0.2545454545454546,16,0.31149301825993553,2,0.5,0,0
1624580081,2016-04-21,exercise,0,0.42303030303030303,0.42303030303030303,0.3671875,0.22251082251082252,9,0.5,0,0.22239789196310936,18,0.2622767857142857,2,0.5,0,0
1624580081,2016-04-21,steps,1,0.4690909090909091,0.4690909090909091,0.4765625,0.3103896103896104,9,0.5,0,0.2324110671936759,18,0.3404017857142857,2,0.5,0,0
1624580081,2016-04-22,exercise,0,0.42303030303030303,0.42303030303030303,0.4224137931034483,0.20767676767676768,10,0.5,0,0.2446060606060606,20,0.30172413793103453,2,0.5,0,1
1624580081,2016-04-22,steps,0,0.4690909090909091,0.4690909090909091,0.4827586206896552,0.3563636363636364,10,0.5,0,0.25381818181818183,20,0.3448275862068965,2,0.5,0,1
1624580081,2016-04-23,exercise,0,0.42303030303030303,0.42303030303030303,0.4444444444444444,0.1946969696969697,11,0.5,0,0.2264870931537598,22,0.46031746031746035,2,0.5,0,0
1624580081,2016-04-23,steps,1,0.4690909090909091,0.4690909090909091,0.49074074074074076,0.3340909090909091,11,0.5,0,0.235016835016835,22,0.4933862433862434,2,0.5,0,0
1624580081,2016-04-24,exercise,0,0.42303030303030303,0.42303030303030303,0.3047619047619048,0.18324420677361855,12,0.5,0,0.24535005224660397,24,0.36054421768707484,2,0.5,0,1
1624580081,2016-04-24,steps,1,0.4690909090909091,0.4690909090909091,0.3523809523809524,0.3732620320855615,12,0.5,0,0.25329153605015675,24,0.3945578231292517,2,0.5,0,1
1624580081,2016-04-25,exercise,0,0.42303030303030303,0.42303030303030303,0.44761904761904764,0.17306397306397306,13,0.5,0,0.26177908113391984,26,0.46258503401360546,2,0.5,0,1
1624580081,2016-04-25,steps,0,0.4690909090909091,0.4690909090909091,0.5238095238095238,0.4080808080808081,13,0.5,0,0.26920821114369503,26,0.5170068027210885,2,0.5,0,1
1624580081,2016-04-26,steps,0,0.4690909090909091,0.4690909090909091,0.5153846153846153,0.3866028708133971,14,0.5,0,0.2528925619834711,28,0.2863247863247863,4,0.5,0,0
1624580081,2016-04-26,exercise,0,0.42303030303030303,0.42303030303030303,0.4846153846153846,0.16395534290271133,14,0.5,0,0.24591368227731863,28,0.2692307692307692,4,0.5,0,0
1624580081,2016-04-27,steps,1,0.4690909090909091,0.4690909090909091,0.43609022556390975,0.3672727272727273,15,0.5,0,0.23844155844155845,30,0.24227234753550542,4,0.5,0,0
1624580081,2016-04-27,exercise,0,0.42303030303030303,0.42303030303030303,0.47368421052631576,0.15575757575757576,15,0.5,0,0.23186147186147185,30,0.2631578947368421,4,0.5,0,0
1624580081,2016-04-28,exercise,0,0.42303030303030303,0.42303030303030303,0.3671875,0.14834054834054836,16,0.5,0,0.24635544635544634,32,0.3151041666666667,4,0.5,0,0
1624580081,2016-04-28,steps,0,0.4690909090909091,0.4690909090909091,0.4765625,0.3974025974025974,16,0.5,0,0.2525798525798526,32,0.3758680555555556,4,0.5,0,0
1624580081,2016-04-29,exercise,0,0.42303030303030303,0.42303030303030303,0.4224137931034483,0.1415977961432507,17,0.5,0,0.23372183372183372,34,0.23467432950191572,4,0.5,0,0
1624580081,2016-04-29,steps,0,0.4690909090909091,0.4690909090909091,0.4827586206896552,0.37933884297520665,17,0.5,0,0.23962703962703963,34,0.2681992337164751,4,0.5,0,0
1624580081,2016-04-30,exercise,0,0.42303030303030303,0.42303030303030303,0.4444444444444444,0.13544137022397892,18,0.5,0,0.22232076866223208,36,0.46913580246913583,4,0.5,0,0
1624580081,2016-04-30,steps,1,0.4690909090909091,0.4690909090909091,0.49074074074074076,0.36284584980237156,18,0.5,0,0.2279379157427938,36,0.49485596707818935,4,0.5,0,0
1624580081,2016-05-01,exercise,1,0.42303030303030303,0.42303030303030303,0.3047619047619048,0.1297979797979798,19,0.5,0,0.23523608174770966,38,0.3915343915343915,4,0.5,0,1
1624580081,2016-05-01,steps,1,0.4690909090909091,0.4690909090909091,0.3523809523809524,0.3893939393939394,19,0.5,0,0.24059196617336154,38,0.41798941798941797,4,0.5,0,1
1624580081,2016-05-02,exercise,0,0.42303030303030303,0.42303030303030303,0.44761904761904764,0.16460606060606062,20,0.5,0,0.2692255892255892,40,0.35978835978835977,4,0.5,0,3
1624580081,2016-05-02,steps,0,0.4690909090909091,0.4690909090909091,0.5238095238095238,0.4138181818181818,20,0.5,0,0.27434343434343433,40,0.4021164021164021,4,0.5,0,3
1624580081,2016-05-03,exercise,0,0.42303030303030303,0.42303030303030303,0.4846153846153846,0.15827505827505828,21,0.5,0,0.2577691811734365,42,0.22027972027972026,6,0.5,0,0
1624580081,2016-05-03,steps,0,0.4690909090909091,0.4690909090909091,0.5153846153846153,0.3979020979020979,21,0.5,0,0.26266924564796906,42,0.23426573426573424,6,0.5,0,0
1624580081,2016-05-04,exercise,0,0.42303030303030303,0.42303030303030303,0.47368421052631576,0.15241301907968574,22,0.5,0,0.24724799010513296,44,0.3062200956937799,6,0.5,0,0
1624580081,2016-05-04,steps,0,0.4690909090909091,0.4690909090909091,0.43609022556390975,0.38316498316498315,22,0.5,0,0.251948051948052,44,0.2891319207108681,6,0.5,0,0
1624580081,2016-05-05,steps,0,0.4690909090909091,0.4690909090909091,0.4765625,0.36948051948051946,23,0.5,0,0.24206773618538324,46,0.3075284090909091,6,0.5,0,0
1624580081,2016-05-05,exercise,0,0.42303030303030303,0.42303030303030303,0.3671875,0.14696969696969697,23,0.5,0,0.23755199049316697,46,0.2578125,6,0.5,0,0
1624580081,2016-05-06,exercise,0,0.42303030303030303,0.42303030303030303,0.4224137931034483,0.141901776384535,24,0.5,0,0.22858776443682105,48,0.1920062695924765,6,0.5,0,0
1624580081,2016-05-06,steps,0,0.4690909090909091,0.4690909090909091,0.4827586206896552,0.3567398119122257,24,0.5,0,0.23293310463121783,48,0.219435736677116,6,0.5,0,0
1624580081,2016-05-07,exercise,0,0.42303030303030303,0.42303030303030303,0.4444444444444444,0.13717171717171717,25,0.5,0,0.2202754820936639,50,0.47474747474747475,6,0.5,0,0
1624580081,2016-05-07,steps,0,0.4690909090909091,0.4690909090909091,0.49074074074074076,0.34484848484848485,25,0.5,0,0.22446280991735537,50,0.49579124579124584,6,0.5,0,0
1624580081,2016-05-08,exercise,0,0.42303030303030303,0.42303030303030303,0.3047619047619048,0.13274682306940372,26,0.5,0,0.2125465178096757,52,0.5021645021645021,6,0.5,0,0
1624580081,2016-05-08,steps,0,0.4690909090909091,0.4690909090909091,0.3523809523809524,0.3337243401759531,26,0.5,0,0.21658692185007974,52,0.5238095238095238,6,0.5,0,0
1624580081,2016-05-09,exercise,0,0.42303030303030303,0.42303030303030303,0.44761904761904764,0.12859848484848485,27,0.5,0,0.20534155110426297,54,0.2943722943722944,6,0.5,0,0
1624580081,2016-05-09,steps,0,0.4690909090909091,0.4690909090909091,0.5238095238095238,0.32329545454545455,27,0.5,0,0.20924499229583976,54,0.329004329004329,6,0.5,0,0
1624580081,2016-05-10,exercise,0,0.42303030303030303,0.42303030303030303,0.4846153846153846,0.12470156106519743,28,0.5,0,0.19860904123199205,56,0.18639053254437868,8,0.5,0,0
1624580081,2016-05-10,steps,0,0.4690909090909091,0.4690909090909091,0.5153846153846153,0.3134986225895317,28,0.5,0,0.2023845007451565,56,0.1982248520710059,8,0.5,0,0
1624580081,2016-05-11,exercise,0,0.42303030303030303,0.42303030303030303,0.47368421052631576,0.12103386809269162,29,0.5,0,0.1923039923039923,58,0.2591093117408907,8,0.5,0,0
1624580081,2016-05-11,steps,0,0.4690909090909091,0.4690909090909091,0.43609022556390975,0.30427807486631014,29,0.5,0,0.19595959595959597,58,0.2446500867553499,8,0.5,0,0
1624580081,2016-05-12,exercise,0,0.42303030303030303,0.42303030303030303,0.3671875,0.11757575757575758,30,0.5,0,0.1863869463869464,60,0.21814903846153846,8,0.5,0,0
1624580081,2016-05-12,steps,0,0.4690909090909091,0.4690909090909091,0.4765625,0.2955844155844156,30,0.5,0,0.18993006993006994,60,0.26021634615384615,8,0.5,0,0
1644430081,2016-04-12,exercise,1,0.4116222760290557,0.4116222760290557,0.45384615384615384,0.4116222760290557,0,0.5,0,0.4116222760290557,0,0.45384615384615384,0,0.5,0,0
1644430081,2016-04-12,steps,0,0.4721549636803874,0.4721549636803874,0.5,0.4721549636803874,0,0.5,0,0.4721549636803874,0,0.5,0,0.5,0,0
1644430081,2016-04-13,exercise,1,0.4116222760290557,0.4116222760290557,0.46616541353383456,0.5096852300242131,1,0.5,0,0.4368730543064684,2,0.46616541353383456,0,0.5,0,0
1644430081,2016-04-13,steps,0,0.4721549636803874,0.4721549636803874,0.44360902255639095,0.3934624697336562,1,0.5,0,0.48011068834313386,2,0.44360902255639095,0,0.5,0,0
1644430081,2016-04-14,exercise,1,0.4116222760290557,0.4116222760290557,0.3488372093023256,0.5797301971636113,2,0.5,0,0.45090126446058654,4,0.3488372093023256,0,0.5,0,0
1644430081,2016-04-14,steps,0,0.4721549636803874,0.4721549636803874,0.4806201550387597,0.337253545485991,2,0.5,0,0.48453053537799307,4,0.4806201550387597,0,0.5,0,0
1644430081,2016-04-15,exercise,0,0.4116222760290557,0.4116222760290557,0.4224137931034483,0.6322639225181599,3,0.5,0,0.45982830728593443,6,0.4224137931034483,0,0.5,0,0
1644430081,2016-04-15,steps,0,0.4721549636803874,0.4721549636803874,0.4827586206896552,0.29509685230024213,3,0.5,0,0.487343165309267,6,0.4827586206896552,0,0.5,0,0
1644430081,2016-04-16,exercise,1,0.4116222760290557,0.4116222760290557,0.4166666666666667,0.5620123755716977,4,0.5,0,0.3890854907804061,8,0.4166666666666667,0,0.5,0,0
1644430081,2016-04-16,steps,1,0.4721549636803874,0.4721549636803874,0.49074074074074076,0.2623083131557708,4,0.5,0,0.41236729372322595,8,0.49074074074074076,0,0.5,0,0
1644430081,2016-04-17,exercise,0,0.4116222760290557,0.4116222760290557,0.3238095238095238,0.6058111380145279,5,0.5,0,0.4705407586763519,10,0.3238095238095238,0,0.5,0,2
1644430081,2016-04-17,steps,0,0.4721549636803874,0.4721549636803874,0.37142857142857144,0.3360774818401937,5,0.5,0,0.4907183212267958,10,0.37142857142857144,0,0.5,0,2
1644430081,2016-04-18,exercise,1,0.4116222760290557,0.4116222760290557,0.4380952380952381,0.5507373981950253,6,0.5,0,0.415183022361487,12,0.4380952380952381,0,0.5,0,0
1644430081,2016-04-18,steps,0,0.4721549636803874,0.4721549636803874,0.5333333333333333,0.3055249834910852,6,0.5,0,0.4329867540236434,12,0.5333333333333333,0,0.5,0,0
1644430081,2016-04-19,steps,1,0.4721549636803874,0.4721549636803874,0.5,0.2800645682001614,7,0.5,0,0.44004077991589147,14,0.5,2,0.5,0,0
1644430081,2016-04-19,exercise,1,0.4116222760290557,0.4116222760290557,0.45384615384615384,0.58817594834544,7,0.5,0,0.42411112527080413,14,0.46703296703296704,2,0.5,0,0
1644430081,2016-04-20,exercise,0,0.4116222760290557,0.4116222760290557,0.46616541353383456,0.6198547215496368,8,0.5,0,0.47895768476882283,16,0.4758324382384532,2,0.5,0,2
1644430081,2016-04-20,steps,0,0.4721549636803874,0.4721549636803874,0.44360902255639095,0.335444216800149,8,0.5,0,0.4933702294477113,16,0.4597207303974221,2,0.5,0,2
1644430081,2016-04-21,exercise,0,0.4116222760290557,0.4116222760290557,0.3488372093023256,0.5755793842960913,9,0.5,0,0.4373091904410991,18,0.3920265780730897,2,0.5,0,0
1644430081,2016-04-21,steps,0,0.4721549636803874,0.4721549636803874,0.4806201550387597,0.3114839156001384,9,0.5,0,0.45046847036530163,18,0.4861572535991141,2,0.5,0,0
1644430081,2016-04-22,exercise,0,0.4116222760290557,0.4116222760290557,0.4224137931034483,0.5372074253430186,10,0.5,0,0.40232445520581117,20,0.30172413793103453,2,0.5,0,0
1644430081,2016-04-22,steps,0,0.4721549636803874,0.4721549636803874,0.4827586206896552,0.2907183212267958,10,0.5,0,0.4144309927360775,20,0.3448275862068965,2,0.5,0,0
1644430081,2016-04-23,exercise,0,0.4116222760290557,0.4116222760290557,0.4166666666666667,0.5036319612590799,11,0.5,0,0.3725226437090844,22,0.5833333333333334,2,0.5,0,0
1644430081,2016-04-23,steps,0,0.4721549636803874,0.4721549636803874,0.49074074074074076,0.2725484261501211,11,0.5,0,0.38373240068155323,22,0.6362433862433863,2,0.5,0,0
1644430081,2016-04-24,exercise,0,0.4116222760290557,0.4116222760290557,0.3238095238095238,0.4740065517732517,12,0.5,0,0.3468314269015613,24,0.23129251700680273,2,0.5,0,0
1644430081,2016-04-24,steps,0,0.4721549636803874,0.4721549636803874,0.37142857142857144,0.25651616578834924,12,0.5,0,0.3572680971862737,24,0.2653061224489796,2,0.5,0,0
1644430081,2016-04-25,exercise,0,0.4116222760290557,0.4116222760290557,0.4380952380952381,0.4476728544525155,13,0.5,0,0.324455205811138,26,0.4557823129251701,2,0.5,0,0
1644430081,2016-04-25,steps,0,0.4721549636803874,0.4721549636803874,0.5333333333333333,0.24226526768899653,13,0.5,0,0.3342185425290948,26,0.5238095238095238,2,0.5,0,0
1644430081,2016-04-26,exercise,1,0.4116222760290557,0.4116222760290557,0.45384615384615384,0.42411112527080413,14,0.5,0,0.30479125394379636,28,0.5854700854700855,4,0.5,0,0
1644430081,2016-04-26,steps,0,0.4721549636803874,0.4721549636803874,0.5,0.22951446412641777,14,0.5,0,0.3139628732849072,28,0.6111111111111112,4,0.5,0,0
1644430081,2016-04-27,steps,0,0.4721549636803874,0.4721549636803874,0.44360902255639095,0.21803874092009687,15,0.5,0,0.32459356624005536,30,0.35756056808688386,4,0.5,0,0
1644430081,2016-04-27,exercise,0,0.4116222760290557,0.4116222760290557,0.46616541353383456,0.452905569007264,15,0.5,0,0.31594603943272226,30,0.37009189640768586,4,0.5,0,0
1644430081,2016-04-28,exercise,1,0.4116222760290557,0.4116222760290557,0.3488372093023256,0.4313386371497752,16,0.5,0,0.2988678751390616,32,0.3049095607235142,4,0.5,0,0
1644430081,2016-04-28,steps,0,0.4721549636803874,0.4721549636803874,0.4806201550387597,0.2076559437334256,16,0.5,0,0.30704796806491724,32,0.37812230835486654,4,0.5,0,0
1644430081,2016-04-29,exercise,0,0.4116222760290557,0.4116222760290557,0.4224137931034483,0.4571868809156945,17,0.5,0,0.3091823430806482,34,0.23467432950191572,4,0.5,0,0
1644430081,2016-04-29,steps,0,0.4721549636803874,0.4721549636803874,0.4827586206896552,0.19821703720008807,17,0.5,0,0.3169429440615881,34,0.2681992337164751,4,0.5,0,0
1644430081,2016-04-30,exercise,1,0.4116222760290557,0.4116222760290557,0.4166666666666667,0.4373091904410991,18,0.5,0,0.294100277564519,36,0.4537037037037038,4,0.5,0,0
1644430081,2016-04-30,sleep,0,0.5688775510204082,0.5688775510204082,0.5384615384615384,0.5688775510204082,0,0.5,0,0.5688775510204082,0,0.5213675213675213,4,0.5,0,0
1644430081,2016-04-30,steps,1,0.4721549636803874,0.4721549636803874,0.49074074074074076,0.18959890514791033,18,0.5,0,0.3014823126439497,36,0.49485596707818935,4,0.5,0,0
1644430081,2016-05-01,exercise,0,0.4116222760290557,0.4116222760290557,0.3238095238095238,0.4607546408393866,19,0.5,0,0.32693282279407626,38,0.17989417989417988,4,0.5,0,2
1644430081,2016-05-01,steps,0,0.4721549636803874,0.4721549636803874,0.37142857142857144,0.22336561743341407,19,0.5,0,0.3339715074046962,38,0.20634920634920637,4,0.5,0,2
1644430081,2016-05-02,exercise,0,0.4116222760290557,0.4116222760290557,0.4380952380952381,0.44232445520581115,20,0.5,0,0.31240247511433955,40,0.35449735449735453,4,0.5,0,0
1644430081,2016-05-02,sleep,1,0.5688775510204082,0.5688775510204082,0.5813953488372093,0.4740646258503401,1,0.5,0,0.4740646258503401,1,0.434108527131783,4,0.5,0,0
1644430081,2016-05-02,steps,0,0.4721549636803874,0.4721549636803874,0.5333333333333333,0.2144309927360775,20,0.5,0,0.3191283292978208,40,0.4074074074074074,4,0.5,0,0
1644430081,2016-05-03,steps,1,0.4721549636803874,0.4721549636803874,0.5,0.20618364686161297,21,0.5,0,0.3055484003915306,42,0.5909090909090909,6,0.5,0,0
1644430081,2016-05-03,exercise,1,0.4116222760290557,0.4116222760290557,0.45384615384615384,0.42531197615943384,21,0.5,0,0.29910875276904847,42,0.5699300699300699,6,0.5,0,0
1644430081,2016-05-04,steps,0,0.4721549636803874,0.4721549636803874,0.44360902255639095,0.2355842525334051,22,0.5,0,0.3338933636408558,44,0.29254955570745045,6,0.5,0,2
1644430081,2016-05-04,exercise,0,0.4116222760290557,0.4116222760290557,0.46616541353383456,0.44659671778315846,22,0.5,0,0.32771655877847505,44,0.3028024606971975,6,0.5,0,2
1644430081,2016-05-05,exercise,0,0.4116222760290557,0.4116222760290557,0.3488372093023256,0.4306468350051885,23,0.5,0,0.31486492902245644,46,0.3403805496828753,6,0.5,0,0
1644430081,2016-05-05,steps,0,0.4721549636803874,0.4721549636803874,0.4806201550387597,0.22717052922864062,23,0.5,0,0.3207995062431752,46,0.40028188865398173,6,0.5,0,0
1644430081,2016-05-06,exercise,0,0.4116222760290557,0.4116222760290557,0.4224137931034483,0.41579694414294066,24,0.5,0,0.3029832335876467,48,0.1920062695924765,6,0.5,0,0
1644430081,2016-05-06,steps,0,0.4721549636803874,0.4721549636803874,0.4827586206896552,0.21933706270351508,24,0.5,0,0.30869386449814973,48,0.219435736677116,6,0.5,0,0
1644430081,2016-05-07,exercise,1,0.4116222760290557,0.4116222760290557,0.4166666666666667,0.40193704600484265,25,0.5,0,0.2919656614571869,50,0.5069444444444445,7,0.5,0,0
1644430081,2016-05-07,steps,1,0.4721549636803874,0.4721549636803874,0.49074074074074076,0.21202582728006458,25,0.5,0,0.2974686330618534,50,0.5378086419753086,7,0.5,0,0
1644430081,2016-05-08,exercise,0,0.4116222760290557,0.4116222760290557,0.3238095238095238,0.42122939935952514,26,0.5,0,0.31680897158149607,52,0.1471861471861472,6,0.5,0,2
1644430081,2016-05-08,sleep,0,0.5688775510204082,0.5688775510204082,0.7058823529411765,0.549198250728863,2,0.5,0,0.549198250728863,2,0.32085561497326204,6,0.5,0,2
1644430081,2016-05-08,steps,0,0.4721549636803874,0.4721549636803874,0.37142857142857144,0.23744434898070765,26,0.5,0,0.3221188564631918,52,0.16883116883116883,6,0.5,0,2
1644430081,2016-05-09,exercise,0,0.4116222760290557,0.4116222760290557,0.4380952380952381,0.40806598062953997,27,0.5,0,0.306069684409242,54,0.34920634920634924,7,0.5,0,0
1644430081,2016-05-09,steps,0,0.4721549636803874,0.4721549636803874,0.5333333333333333,0.23002421307506055,27,0.5,0,0.31119957319325314,54,0.38888888888888884,7,0.5,0,0
1644430081,2016-05-10,exercise,0,0.4116222760290557,0.4116222760290557,0.45384615384615384,0.39570034485288724,28,0.5,0,0.29603461278926685,56,0.636094674556213,8,0.5,0,0
1644430081,2016-05-10,steps,0,0.4721549636803874,0.4721549636803874,0.5,0.2230537823758163,28,0.5,0,0.3009963084983924,56,0.6538461538461539,8,0.5,0,0
1644430081,2016-05-11,exercise,0,0.4116222760290557,0.4116222760290557,0.46616541353383456,0.38406209941603764,29,0.5,0,0.28663668857373453,58,0.25621746674378254,8,0.5,0,0
1644430081,2016-05-11,steps,0,0.4721549636803874,0.4721549636803874,0.44360902255639095,0.2164933770118217,29,0.5,0,0.29144087013336406,58,0.24754193175245806,8,0.5,0,0
1844505072,2016-04-12,exercise,0,0.42035928143712575,0.42035928143712575,0.4772727272727273,0.42035928143712575,0,0.5,0,0.42035928143712575,0,0.4772727272727273,0,0.5,0,0
1844505072,2016-04-12,steps,1,0.4694610778443114,0.4694610778443114,0.5,0.4694610778443114,0,0.5,0,0.4694610778443114,0,0.5,0,0.5,0,0
1844505072,2016-04-13,exercise,0,0.42035928143712575,0.42035928143712575,0.4701492537313433,0.3502994011976048,1,0.5,0,0.4431137724550898,2,0.4701492537313433,0,0.5,0,1
1844505072,2016-04-13,steps,0,0.4694610778443114,0.4694610778443114,0.44029850746268656,0.5578842315369262,1,0.5,0,0.47818648417450815,2,0.44029850746268656,0,0.5,0,1
1844505072,2016-04-14,exercise,0,0.42035928143712575,0.42035928143712575,0.3643410852713178,0.3002566295979469,2,0.5,0,0.34464404524284764,4,0.3643410852713178,0,0.5,0,0
1844505072,2016-04-14,steps,1,0.4694610778443114,0.4694610778443114,0.46511627906976744,0.47818648417450815,2,0.5,0,0.3719228210246175,4,0.46511627906976744,0,0.5,0,0
1844505072,2016-04-15,exercise,0,0.42035928143712575,0.42035928143712575,0.4224137931034483,0.26272455089820357,3,0.5,0,0.37289058247142076,6,0.4224137931034483,0,0.5,0,1
1844505072,2016-04-15,sleep,1,0.5637755102040817,0.5637755102040817,0.5660377358490566,0.5637755102040817,0,0.5,0,0.5637755102040817,0,0.5660377358490566,0,0.5,0,1
1844505072,2016-04-15,steps,0,0.4694610778443114,0.4694610778443114,0.4827586206896552,0.5434131736526946,3,0.5,0,0.39520958083832336,6,0.4827586206896552,0,0.5,0,1
1844505072,2016-04-16,steps,0,0.4694610778443114,0.4694610778443114,0.5137614678899083,0.48303393213572854,4,0.5,0,0.33440810686319666,8,0.5137614678899083,0,0.5,0,0
1844505072,2016-04-16,exercise,0,0.42035928143712575,0.42035928143712575,0.44036697247706424,0.2335329341317365,4,0.5,0,0.3155228005527407,8,0.44036697247706424,0,0.5,0,0
1844505072,2016-04-17,exercise,0,0.42035928143712575,0.42035928143712575,0.3177570093457944,0.21017964071856285,5,0.5,0,0.27345309381237526,10,0.3177570093457944,0,0.5,0,0
1844505072,2016-04-17,steps,0,0.4694610778443114,0.4694610778443114,0.3644859813084112,0.4347305389221557,5,0.5,0,0.2898203592814371,10,0.3644859813084112,0,0.5,0,0
1844505072,2016-04-18,exercise,0,0.42035928143712575,0.42035928143712575,0.4351851851851852,0.19107240065323897,6,0.5,0,0.24128214159915462,12,0.4351851851851852,0,0.5,0,0
1844505072,2016-04-18,steps,0,0.4694610778443114,0.4694610778443114,0.5185185185185185,0.39520958083832336,6,0.5,0,0.25572384642479745,12,0.5185185185185185,0,0.5,0,0
1844505072,2016-04-19,exercise,0,0.42035928143712575,0.42035928143712575,0.4772727272727273,0.1751497005988024,7,0.5,0,0.21588402143082255,14,0.4837662337662338,2,0.5,0,0
1844505072,2016-04-19,steps,0,0.4694610778443114,0.4694610778443114,0.5,0.3622754491017964,7,0.5,0,0.22880554680113457,14,0.5,2,0.5,0,0
1844505072,2016-04-20,exercise,0,0.42035928143712575,0.42035928143712575,0.4701492537313433,0.16167664670658682,8,0.5,0,0.19532363843741088,16,0.3358208955223881,2,0.5,0,0
1844505072,2016-04-20,steps,0,0.4694610778443114,0.4694610778443114,0.44029850746268656,0.33440810686319666,8,0.5,0,0.20701454234388367,16,0.31449893390191896,2,0.5,0,0
1844505072,2016-04-21,exercise,0,0.42035928143712575,0.42035928143712575,0.3643410852713178,0.15012831479897346,9,0.5,0,0.1783389742254621,18,0.4031007751937984,2,0.5,0,0
1844505072,2016-04-21,steps,1,0.4694610778443114,0.4694610778443114,0.46511627906976744,0.3105218135158255,9,0.5,0,0.18901327779224159,18,0.4750830564784053,2,0.5,0,0
1844505072,2016-04-22,steps,0,0.4694610778443114,0.4694610778443114,0.4827586206896552,0.3564870259481038,10,0.5,0,0.21389221556886226,20,0.4267241379310345,3,0.5,0,1
1844505072,2016-04-22,exercise,0,0.42035928143712575,0.42035928143712575,0.4224137931034483,0.1401197604790419,10,0.5,0,0.20407185628742514,20,0.3890086206896552,3,0.5,0,1
1844505072,2016-04-23,exercise,0,0.42035928143712575,0.42035928143712575,0.44036697247706424,0.13136227544910178,11,0.5,0,0.18895542248835662,22,0.3145478374836173,2,0.5,0,0
1844505072,2016-04-23,steps,0,0.4694610778443114,0.4694610778443114,0.5137614678899083,0.3342065868263473,11,0.5,0,0.19804834774894656,22,0.3669724770642202,2,0.5,0,0
1844505072,2016-04-27,exercise,0,0.42035928143712575,0.42035928143712575,0.4701492537313433,0.12363508277562521,12,0.5,0,0.17592401404088373,24,0.26119402985074625,4,0.5,0,0
1844505072,2016-04-27,steps,0,0.4694610778443114,0.4694610778443114,0.44029850746268656,0.31454737583656217,12,0.5,0,0.1843898410076399,24,0.24461028192371476,4,0.5,0,0
1844505072,2016-04-28,exercise,0,0.42035928143712575,0.42035928143712575,0.3643410852713178,0.11676646706586825,13,0.5,0,0.16457407765114931,26,0.4246339362618432,4,0.5,0,0
1844505072,2016-04-28,steps,0,0.4694610778443114,0.4694610778443114,0.46511627906976744,0.2970725216234198,13,0.5,0,0.17249372223295345,26,0.48062015503875977,4,0.5,0,0
1844505072,2016-04-29,exercise,0,0.42035928143712575,0.42035928143712575,0.4224137931034483,0.11062086353608572,14,0.5,0,0.15459989112683722,28,0.3112068965517242,5,0.5,0,0
1844505072,2016-04-29,steps,0,0.4694610778443114,0.4694610778443114,0.4827586206896552,0.281437125748503,14,0.5,0,0.16203955724913807,28,0.3413793103448276,5,0.5,0,0
1844505072,2016-04-30,steps,0,0.4694610778443114,0.4694610778443114,0.5137614678899083,0.26736526946107786,15,0.5,0,0.15278015397775876,30,0.2854230377166157,4,0.5,0,0
1844505072,2016-04-30,sleep,1,0.5637755102040817,0.5637755102040817,0.5192307692307693,0.6364795918367347,1,0.5,0,0.6364795918367347,1,0.2884615384615385,4,0.5,0,0
1844505072,2016-04-30,exercise,0,0.42035928143712575,0.42035928143712575,0.44036697247706424,0.10508982035928142,15,0.5,0,0.1457656116338751,30,0.24464831804281348,4,0.5,0,0
1844505072,2016-05-01,exercise,0,0.42035928143712575,0.42035928143712575,0.3177570093457944,0.10008554319931565,16,0.5,0,0.13788638938339537,32,0.22696929238985314,2,0.5,0,0
1844505072,2016-05-01,sleep,1,0.5637755102040817,0.5637755102040817,0.6862745098039216,0.6884110787172012,2,0.5,0,0.6884110787172012,2,0.4901960784313726,2,0.5,0,0
1844505072,2016-05-01,steps,0,0.4694610778443114,0.4694610778443114,0.3644859813084112,0.2546335899629313,16,0.5,0,0.1445217672762583,32,0.26034712950600797,2,0.5,0,0
1844505072,2016-05-03,exercise,0,0.42035928143712575,0.42035928143712575,0.4772727272727273,0.09553620032661948,17,0.5,0,0.13081529249193918,34,0.3762626262626263,4,0.5,0,0
1844505072,2016-05-03,steps,0,0.4694610778443114,0.4694610778443114,0.5,0.24305933587370712,17,0.5,0,0.13711039459542454,34,0.3888888888888889,4,0.5,0,0
1844505072,2016-05-04,exercise,0,0.42035928143712575,0.42035928143712575,0.4701492537313433,0.09138245248633167,18,0.5,0,0.1244340587118446,36,0.21370420624151967,6,0.5,0,0
1844505072,2016-05-04,steps,0,0.4694610778443114,0.4694610778443114,0.44029850746268656,0.2324915386618068,18,0.5,0,0.1304220826639404,36,0.20013568521031208,6,0.5,0,0
1844505072,2016-05-05,exercise,0,0.42035928143712575,0.42035928143712575,0.3643410852713178,0.0875748502994012,19,0.5,0,0.11864642807408439,38,0.34742776603241715,6,0.5,0,0
1844505072,2016-05-05,steps,0,0.4694610778443114,0.4694610778443114,0.46511627906976744,0.22280439121756487,19,0.5,0,0.12435593928422226,38,0.3932346723044398,6,0.5,0,0
1844505072,2016-05-06,exercise,0,0.42035928143712575,0.42035928143712575,0.4224137931034483,0.08407185628742514,20,0.5,0,0.11337325349301397,40,0.2593390804597701,7,0.5,0,0
1844505072,2016-05-06,steps,0,0.4694610778443114,0.4694610778443114,0.4827586206896552,0.21389221556886226,20,0.5,0,0.11882900864936793,40,0.28448275862068967,7,0.5,0,0
1927972279,2016-04-12,exercise,0,0.41835518474374256,0.41835518474374256,0.4772727272727273,0.41835518474374256,0,0.5,0,0.41835518474374256,0,0.4772727272727273,0,0.5,0,0
1927972279,2016-04-12,sleep,1,0.5666666666666667,0.5666666666666667,0.41935483870967744,0.5666666666666667,0,0.5,0,0.5666666666666667,0,0.41935483870967744,0,0.5,0,0
1927972279,2016-04-12,steps,0,0.47079856972586415,0.47079856972586415,0.5075757575757576,0.47079856972586415,0,0.5,0,0.47079856972586415,0,0.5075757575757576,0,0.5,0,0
1927972279,2016-04-13,exercise,0,0.41835518474374256,0.41835518474374256,0.4632352941176471,0.34862932061978547,1,0.5,0,0.29882513195981614,2,0.4632352941176471,0,0.5,0,0
1927972279,2016-04-13,sleep,1,0.5666666666666667,0.5666666666666667,0.6615384615384615,0.6388888888888888,1,0.5,0,0.6388888888888888,1,0.6615384615384615,0,0.5,0,0
1927972279,2016-04-13,steps,0,0.47079856972586415,0.47079856972586415,0.4338235294117647,0.39233214143822015,1,0.5,0,0.33628469266133154,2,0.4338235294117647,0,0.5,0,0
1927972279,2016-04-14,exercise,0,0.41835518474374256,0.41835518474374256,0.35877862595419846,0.29882513195981614,2,0.5,0,0.232419547079857,4,0.35877862595419846,0,0.5,0,0
1927972279,2016-04-14,steps,0,0.47079856972586415,0.47079856972586415,0.4732824427480916,0.33628469266133154,2,0.5,0,0.2615547609588134,4,0.4732824427480916,0,0.5,0,0
1927972279,2016-04-15,steps,0,0.47079856972586415,0.47079856972586415,0.47863247863247865,0.2942491060786651,3,0.5,0,0.21399934987539282,6,0.47863247863247865,0,0.5,0,0
1927972279,2016-04-15,sleep,1,0.5666666666666667,0.5666666666666667,0.5660377358490566,0.6904761904761905,2,0.5,0,0.6904761904761905,2,0.5660377358490566,0,0.5,0,0
1927972279,2016-04-15,exercise,0,0.41835518474374256,0.41835518474374256,0.4188034188034188,0.2614719904648391,3,0.5,0,0.19016144761079207,6,0.4188034188034188,0,0.5,0,0
1927972279,2016-04-18,exercise,0,0.41835518474374256,0.41835518474374256,0.44339622641509435,0.232419547079857,4,0.5,0,0.16090584028605484,8,0.44339622641509435,0,0.5,0,0
1927972279,2016-04-18,steps,0,0.47079856972586415,0.47079856972586415,0.5283018867924528,0.2615547609588134,4,0.5,0,0.1810763729714862,8,0.5283018867924528,0,0.5,0,0
1927972279,2016-04-22,exercise,0,0.41835518474374256,0.41835518474374256,0.4188034188034188,0.20917759237187128,5,0.5,0,0.1394517282479142,10,0.38675213675213677,3,0.5,0,0
1927972279,2016-04-22,steps,0,0.47079856972586415,0.47079856972586415,0.47863247863247865,0.2353992848629321,5,0.5,0,0.15693285657528805,10,0.42414529914529914,3,0.5,0,0
1927972279,2016-04-23,exercise,0,0.41835518474374256,0.41835518474374256,0.43636363636363634,0.19016144761079207,6,0.5,0,0.12304564257168898,12,0.43636363636363634,0,0.5,0,0
1927972279,2016-04-23,steps,0,0.47079856972586415,0.47079856972586415,0.509090909090909,0.21399934987539282,6,0.5,0,0.13847016756643063,12,0.509090909090909,0,0.5,0,0
1927972279,2016-04-24,exercise,0,0.41835518474374256,0.41835518474374256,0.3177570093457944,0.17431466030989273,7,0.5,0,0.11009346966940593,14,0.3177570093457944,0,0.5,0,0
1927972279,2016-04-24,steps,0,0.47079856972586415,0.47079856972586415,0.3644859813084112,0.19616607071911007,7,0.5,0,0.12389436045417479,14,0.3644859813084112,0,0.5,0,0
1927972279,2016-04-25,steps,0,0.47079856972586415,0.47079856972586415,0.5283018867924528,0.1810763729714862,8,0.5,0,0.11209489755377719,16,0.3773584905660377,2,0.5,0,0
1927972279,2016-04-25,exercise,0,0.41835518474374256,0.41835518474374256,0.44339622641509435,0.16090584028605484,8,0.5,0,0.0996083773199387,16,0.316711590296496,2,0.5,0,0
1927972279,2016-04-26,exercise,0,0.41835518474374256,0.41835518474374256,0.4772727272727273,0.14941256597990807,9,0.5,0,0.09094677929211795,18,0.4232954545454546,3,0.5,0,0
1927972279,2016-04-26,sleep,0,0.5666666666666667,0.5666666666666667,0.41935483870967744,0.7291666666666666,3,0.5,0,0.7291666666666666,3,0.3870967741935484,3,0.5,0,0
1927972279,2016-04-26,steps,0,0.47079856972586415,0.47079856972586415,0.5075757575757576,0.16814234633066577,9,0.5,0,0.10234751515779657,18,0.4422348484848485,3,0.5,0,0
1927972279,2016-04-28,exercise,0,0.41835518474374256,0.41835518474374256,0.35877862595419846,0.1394517282479142,10,0.5,0,0.08367103694874851,20,0.25627044711014174,2,0.5,0,0
1927972279,2016-04-28,sleep,0,0.5666666666666667,0.5666666666666667,0.5245901639344263,0.6481481481481481,4,0.5,0,0.6481481481481481,4,0.3747072599531616,2,0.5,0,0
1927972279,2016-04-28,steps,0,0.47079856972586415,0.47079856972586415,0.4732824427480916,0.15693285657528805,10,0.5,0,0.09415971394517283,20,0.3380588876772083,2,0.5,0,0
1927972279,2016-05-01,exercise,0,0.41835518474374256,0.41835518474374256,0.3177570093457944,0.13073599523241955,11,0.5,0,0.07747318235995232,22,0.22696929238985314,2,0.5,0,0
1927972279,2016-05-01,steps,0,0.47079856972586415,0.47079856972586415,0.3644859813084112,0.14712455303933256,11,0.5,0,0.08718492031960448,22,0.26034712950600797,2,0.5,0,0
1927972279,2016-05-02,steps,0,0.47079856972586415,0.47079856972586415,0.5283018867924528,0.13847016756643063,12,0.5,0,0.08117216719411452,24,0.29350104821802936,4,0.5,0,0
1927972279,2016-05-02,exercise,0,0.41835518474374256,0.41835518474374256,0.44339622641509435,0.12304564257168898,12,0.5,0,0.07213020426616251,24,0.24633123689727465,4,0.5,0,0
1927972279,2016-05-03,exercise,0,0.41835518474374256,0.41835518474374256,0.4772727272727273,0.1162097735399285,13,0.5,0,0.06747664270060363,26,0.3078512396694215,6,0.5,0,0
1927972279,2016-05-03,steps,0,0.47079856972586415,0.47079856972586415,0.5075757575757576,0.1307773804794067,13,0.5,0,0.075935253181591,26,0.3216253443526171,6,0.5,0,0
1927972279,2016-05-04,exercise,0,0.41835518474374256,0.41835518474374256,0.4632352941176471,0.11009346966940593,14,0.5,0,0.06338714920359735,28,0.41452205882352944,3,0.5,0,0
1927972279,2016-05-04,steps,0,0.47079856972586415,0.47079856972586415,0.4338235294117647,0.12389436045417479,14,0.5,0,0.07133311662513094,28,0.3961397058823529,3,0.5,0,0
1927972279,2016-05-06,exercise,0,0.41835518474374256,0.41835518474374256,0.4188034188034188,0.10458879618593564,15,0.5,0,0.059765026391963225,30,0.3094017094017094,5,0.5,0,0
1927972279,2016-05-06,steps,0,0.47079856972586415,0.47079856972586415,0.47863247863247865,0.11769964243146605,15,0.5,0,0.06725693853226632,30,0.33931623931623933,5,0.5,0,0
1927972279,2016-05-07,exercise,0,0.41835518474374256,0.41835518474374256,0.43636363636363634,0.0996083773199387,16,0.5,0,0.05653448442483008,32,0.3116883116883117,2,0.5,0,0
1927972279,2016-05-07,steps,0,0.47079856972586415,0.47079856972586415,0.509090909090909,0.11209489755377719,16,0.5,0,0.063621428341333,32,0.3636363636363636,2,0.5,0,0
2022484408,2016-04-12,exercise,1,0.4,0.4,0.45384615384615384,0.4,0,0.5,0,0.4,0,0.45384615384615384,0,0.5,0,0
2022484408,2016-04-12,steps,0,0.4484848484848485,0.4484848484848485,0.4846153846153846,0.4484848484848485,0,0.5,0,0.4484848484848485,0,0.4846153846153846,0,0.5,0,0
2022484408,2016-04-13,exercise,1,0.4,0.4,0.44360902255639095,0.5,1,0.5,0,0.42857142857142855,2,0.44360902255639095,0,0.5,0,0
2022484408,2016-04-13,steps,1,0.4484848484848485,0.4484848484848485,0.40601503759398494,0.3737373737373737,1,0.5,0,0.4632034632034632,2,0.40601503759398494,0,0.5,0,0
2022484408,2016-04-14,exercise,0,0.4,0.4,0.3515625,0.5714285714285714,2,0.5,0,0.5555555555555556,4,0.3515625,0,0.5,0,2
2022484408,2016-04-14,steps,1,0.4484848484848485,0.4484848484848485,0.453125,0.4632034632034632,2,0.5,0,0.5824915824915825,4,0.453125,0,0.5,0,2
2022484408,2016-04-15,exercise,1,0.4,0.4,0.3879310344827586,0.5,3,0.5,0,0.5454545454545454,6,0.3879310344827586,0,0.5,0,1
2022484408,2016-04-15,steps,0,0.4484848484848485,0.4484848484848485,0.45689655172413796,0.5303030303030303,3,0.5,0,0.5674931129476584,6,0.45689655172413796,0,0.5,0,1
2022484408,2016-04-16,exercise,1,0.4,0.4,0.42592592592592593,0.5555555555555556,4,0.5,0,0.5384615384615384,8,0.42592592592592593,0,0.5,0,0
2022484408,2016-04-16,steps,1,0.4484848484848485,0.4484848484848485,0.49074074074074076,0.47138047138047134,4,0.5,0,0.5571095571095571,8,0.49074074074074076,0,0.5,0,0
2022484408,2016-04-17,exercise,0,0.4,0.4,0.3142857142857143,0.6,5,0.5,0,0.6,10,0.3142857142857143,0,0.5,0,2
2022484408,2016-04-17,steps,1,0.4484848484848485,0.4484848484848485,0.34285714285714286,0.5242424242424242,5,0.5,0,0.6161616161616161,10,0.34285714285714286,0,0.5,0,2
2022484408,2016-04-18,exercise,1,0.4,0.4,0.4095238095238095,0.5454545454545454,6,0.5,0,0.5882352941176471,12,0.4095238095238095,0,0.5,0,1
2022484408,2016-04-18,steps,1,0.4484848484848485,0.4484848484848485,0.5047619047619047,0.5674931129476584,6,0.5,0,0.6024955436720143,12,0.5047619047619047,0,0.5,0,1
2022484408,2016-04-19,steps,1,0.4484848484848485,0.4484848484848485,0.4846153846153846,0.6035353535353535,7,0.5,0,0.6443381180223285,14,0.489010989010989,2,0.5,0,3
2022484408,2016-04-19,exercise,0,0.4,0.4,0.45384615384615384,0.5833333333333334,7,0.5,0,0.631578947368421,14,0.46703296703296704,2,0.5,0,3
2022484408,2016-04-20,exercise,1,0.4,0.4,0.44360902255639095,0.5384615384615384,8,0.5,0,0.6190476190476191,16,0.6025778732545649,2,0.5,0,0
2022484408,2016-04-20,steps,1,0.4484848484848485,0.4484848484848485,0.40601503759398494,0.634032634032634,8,0.5,0,0.6305916305916306,16,0.5757250268528463,2,0.5,0,0
2022484408,2016-04-21,exercise,1,0.4,0.4,0.3515625,0.5714285714285714,9,0.5,0,0.6521739130434783,18,0.3939732142857143,2,0.5,0,2
2022484408,2016-04-21,steps,0,0.4484848484848485,0.4484848484848485,0.453125,0.6601731601731602,9,0.5,0,0.6627140974967062,18,0.46651785714285715,2,0.5,0,2
2022484408,2016-04-22,exercise,1,0.4,0.4,0.3879310344827586,0.6,10,0.5,0,0.64,20,0.41995073891625617,2,0.5,0,0
2022484408,2016-04-22,steps,1,0.4484848484848485,0.4484848484848485,0.45689655172413796,0.6161616161616161,10,0.5,0,0.6496969696969697,20,0.4692118226600986,2,0.5,0,0
2022484408,2016-04-23,exercise,0,0.4,0.4,0.42592592592592593,0.625,11,0.5,0,0.6666666666666666,22,0.58994708994709,2,0.5,0,2
2022484408,2016-04-23,steps,0,0.4484848484848485,0.4484848484848485,0.49074074074074076,0.6401515151515151,11,0.5,0,0.675645342312009,22,0.6362433862433863,2,0.5,0,2
2022484408,2016-04-24,exercise,1,0.4,0.4,0.3142857142857143,0.5882352941176471,12,0.5,0,0.6206896551724138,24,0.36734693877551017,2,0.5,0,0
2022484408,2016-04-24,steps,1,0.4484848484848485,0.4484848484848485,0.34285714285714286,0.6024955436720143,12,0.5,0,0.6290491118077325,24,0.38775510204081637,2,0.5,0,0
2022484408,2016-04-25,exercise,1,0.4,0.4,0.4095238095238095,0.6111111111111112,13,0.5,0,0.6451612903225806,26,0.5782312925170068,2,0.5,0,2
2022484408,2016-04-25,steps,1,0.4484848484848485,0.4484848484848485,0.5047619047619047,0.6245791245791246,13,0.5,0,0.6529814271749755,26,0.6462585034013605,2,0.5,0,2
2022484408,2016-04-26,steps,1,0.4484848484848485,0.4484848484848485,0.4846153846153846,0.6443381180223285,14,0.5,0,0.6740128558310376,28,0.4914529914529915,4,0.5,0,4
2022484408,2016-04-26,exercise,1,0.4,0.4,0.45384615384615384,0.631578947368421,14,0.5,0,0.6666666666666666,28,0.47435897435897434,4,0.5,0,4
2022484408,2016-04-27,steps,1,0.4484848484848485,0.4484848484848485,0.40601503759398494,0.6621212121212121,15,0.5,0,0.6926406926406926,30,0.6700083542188805,4,0.5,0,6
2022484408,2016-04-27,exercise,0,0.4,0.4,0.44360902255639095,0.65,15,0.5,0,0.6857142857142857,30,0.6908939014202171,4,0.5,0,6
2022484408,2016-04-28,exercise,0,0.4,0.4,0.3515625,0.6190476190476191,16,0.5,0,0.6756756756756757,32,0.4175347222222222,4,0.5,0,0
2022484408,2016-04-28,steps,1,0.4484848484848485,0.4484848484848485,0.453125,0.6782106782106782,16,0.5,0,0.6822276822276823,32,0.4739583333333333,4,0.5,0,0
2022484408,2016-04-29,exercise,1,0.4,0.4,0.3879310344827586,0.5909090909090909,17,0.5,0,0.6666666666666666,34,0.5488505747126438,4,0.5,0,1
2022484408,2016-04-29,steps,1,0.4484848484848485,0.4484848484848485,0.45689655172413796,0.6928374655647382,17,0.5,0,0.6728826728826729,34,0.5871647509578545,4,0.5,0,1
2022484408,2016-04-30,exercise,1,0.4,0.4,0.42592592592592593,0.6086956521739131,18,0.5,0,0.6829268292682927,36,0.4588477366255144,4,0.5,0,3
2022484408,2016-04-30,steps,1,0.4484848484848485,0.4484848484848485,0.49074074074074076,0.7061923583662714,18,0.5,0,0.688839615668884,36,0.49485596707818935,4,0.5,0,3
2022484408,2016-05-01,exercise,0,0.4,0.4,0.3142857142857143,0.625,19,0.5,0,0.6976744186046512,38,0.5079365079365079,4,0.5,0,5
2022484408,2016-05-01,steps,1,0.4484848484848485,0.4484848484848485,0.34285714285714286,0.7184343434343434,19,0.5,0,0.7033121916842847,38,0.5238095238095238,4,0.5,0,5
2022484408,2016-05-02,exercise,1,0.4,0.4,0.4095238095238095,0.6,20,0.5,0,0.6888888888888889,40,0.671957671957672,4,0.5,0,1
2022484408,2016-05-02,steps,0,0.4484848484848485,0.4484848484848485,0.5047619047619047,0.7296969696969697,20,0.5,0,0.6942760942760943,40,0.7248677248677249,4,0.5,0,1
2022484408,2016-05-03,exercise,1,0.4,0.4,0.45384615384615384,0.6153846153846154,21,0.5,0,0.6808510638297872,42,0.5699300699300699,6,0.5,0,0
2022484408,2016-05-03,steps,1,0.4484848484848485,0.4484848484848485,0.4846153846153846,0.7016317016317016,21,0.5,0,0.6860090264345583,42,0.583916083916084,6,0.5,0,0
2022484408,2016-05-04,exercise,1,0.4,0.4,0.44360902255639095,0.6296296296296297,22,0.5,0,0.6938775510204082,44,0.6561859193438141,6,0.5,0,2
2022484408,2016-05-04,steps,1,0.4484848484848485,0.4484848484848485,0.40601503759398494,0.712682379349046,22,0.5,0,0.6988249845392702,44,0.6390977443609022,6,0.5,0,2
2022484408,2016-05-05,steps,1,0.4484848484848485,0.4484848484848485,0.453125,0.7229437229437229,23,0.5,0,0.7106357694592988,46,0.4786931818181818,6,0.5,0,4
2022484408,2016-05-05,exercise,1,0.4,0.4,0.3515625,0.6428571428571429,23,0.5,0,0.7058823529411765,46,0.4325284090909091,6,0.5,0,4
2022484408,2016-05-06,exercise,1,0.4,0.4,0.3879310344827586,0.6551724137931034,24,0.5,0,0.7169811320754716,48,0.6308777429467085,6,0.5,0,6
2022484408,2016-05-06,steps,1,0.4484848484848485,0.4484848484848485,0.45689655172413796,0.7324973876698014,24,0.5,0,0.7215551743853631,48,0.6622257053291537,6,0.5,0,6
2022484408,2016-05-07,exercise,0,0.4,0.4,0.42592592592592593,0.6666666666666666,25,0.5,0,0.7272727272727273,50,0.5572390572390572,6,0.5,0,8
2022484408,2016-05-07,steps,1,0.4484848484848485,0.4484848484848485,0.49074074074074076,0.7414141414141414,25,0.5,0,0.7316804407713499,50,0.5867003367003367,6,0.5,0,8
2022484408,2016-05-08,exercise,0,0.4,0.4,0.3142857142857143,0.6451612903225806,26,0.5,0,0.7192982456140351,52,0.5064935064935064,6,0.5,0,1
2022484408,2016-05-08,steps,0,0.4484848484848485,0.4484848484848485,0.34285714285714286,0.7497556207233627,26,0.5,0,0.723551302498671,52,0.5194805194805195,6,0.5,0,1
2022484408,2016-05-09,exercise,1,0.4,0.4,0.4095238095238095,0.625,27,0.5,0,0.6949152542372882,54,0.6406926406926406,6,0.5,0,0
2022484408,2016-05-09,steps,1,0.4484848484848485,0.4484848484848485,0.5047619047619047,0.7263257575757576,27,0.5,0,0.6990241397021058,54,0.683982683982684,6,0.5,0,0
2022484408,2016-05-10,exercise,1,0.4,0.4,0.45384615384615384,0.6363636363636364,28,0.5,0,0.7049180327868853,56,0.636094674556213,8,0.5,0,2
2022484408,2016-05-10,steps,1,0.4484848484848485,0.4484848484848485,0.4846153846153846,0.7346189164370982,28,0.5,0,0.7088922006954794,56,0.6479289940828402,8,0.5,0,2
2022484408,2016-05-11,exercise,1,0.4,0.4,0.44360902255639095,0.6470588235294118,29,0.5,0,0.7142857142857143,58,0.7090803932909195,8,0.5,0,4
2022484408,2016-05-11,steps,1,0.4484848484848485,0.4484848484848485,0.40601503759398494,0.7424242424242424,29,0.5,0,0.7181337181337182,58,0.6946211683053788,8,0.5,0,4
2022484408,2016-05-12,exercise,0,0.4,0.4,0.3515625,0.6571428571428571,30,0.5,0,0.7230769230769231,60,0.5198317307692307,8,0.5,0,6
2022484408,2016-05-12,steps,1,0.4484848484848485,0.4484848484848485,0.453125,0.7497835497835498,30,0.5,0,0.7268065268065268,60,0.5588942307692307,8,0.5,0,6
2026352035,2016-04-12,exercise,0,0.4254545454545455,0.4254545454545455,0.4846153846153846,0.4254545454545455,0,0.5,0,0.4254545454545455,0,0.4846153846153846,0,0.5,0,0
2026352035,2016-04-12,sleep,1,0.5367847411444142,0.5367847411444142,0.4098360655737705,0.5367847411444142,0,0.5,0,0.5367847411444142,0,0.4098360655737705,0,0.5,0,0
2026352035,2016-04-12,steps,0,0.4703030303030303,0.4703030303030303,0.5076923076923077,0.4703030303030303,0,0.5,0,0.4703030303030303,0,0.5076923076923077,0,0.5,0,0
2026352035,2016-04-13,exercise,0,0.4254545454545455,0.4254545454545455,0.47368421052631576,0.35454545454545455,1,0.5,0,0.30389610389610394,2,0.47368421052631576,0,0.5,0,0
2026352035,2016-04-13,sleep,1,0.5367847411444142,0.5367847411444142,0.639344262295082,0.6139872842870119,1,0.5,0,0.6139872842870119,1,0.639344262295082,0,0.5,0,0
2026352035,2016-04-13,steps,0,0.4703030303030303,0.4703030303030303,0.44360902255639095,0.39191919191919194,1,0.5,0,0.3359307359307359,2,0.44360902255639095,0,0.5,0,0
2026352035,2016-04-14,exercise,0,0.4254545454545455,0.4254545454545455,0.3671875,0.30389610389610394,2,0.5,0,0.2363636363636364,4,0.3671875,0,0.5,0,0
2026352035,2016-04-14,sleep,1,0.5367847411444142,0.5367847411444142,0.47368421052631576,0.6691319579602959,2,0.5,0,0.6691319579602959,2,0.47368421052631576,0,0.5,0,0
2026352035,2016-04-14,steps,0,0.4703030303030303,0.4703030303030303,0.4765625,0.3359307359307359,2,0.5,0,0.2612794612794613,4,0.4765625,0,0.5,0,0
2026352035,2016-04-15,steps,0,0.4703030303030303,0.4703030303030303,0.46551724137931033,0.29393939393939394,3,0.5,0,0.2137741046831956,6,0.46551724137931033,0,0.5,0,0
2026352035,2016-04-15,sleep,1,0.5367847411444142,0.5367847411444142,0.54,0.7104904632152589,3,0.5,0,0.7104904632152589,3,0.54,0,0.5,0,0
2026352035,2016-04-15,exercise,0,0.4254545454545455,0.4254545454545455,0.4224137931034483,0.26590909090909093,3,0.5,0,0.19338842975206613,6,0.4224137931034483,0,0.5,0,0
2026352035,2016-04-16,exercise,0,0.4254545454545455,0.4254545454545455,0.4444444444444444,0.2363636363636364,4,0.5,0,0.16363636363636364,8,0.4444444444444444,0,0.5,0,0
2026352035,2016-04-16,sleep,1,0.5367847411444142,0.5367847411444142,0.4897959183673469,0.7426581895246746,4,0.5,0,0.7426581895246746,4,0.4897959183673469,0,0.5,0,0
2026352035,2016-04-16,steps,0,0.4703030303030303,0.4703030303030303,0.5092592592592593,0.2612794612794613,4,0.5,0,0.1808857808857809,8,0.5092592592592593,0,0.5,0,0
2026352035,2016-04-17,exercise,0,0.4254545454545455,0.4254545454545455,0.3238095238095238,0.21272727272727274,5,0.5,0,0.14181818181818182,10,0.3238095238095238,0,0.5,0,0
2026352035,2016-04-17,sleep,1,0.5367847411444142,0.5367847411444142,0.6666666666666666,0.7683923705722071,5,0.5,0,0.7683923705722071,5,0.6666666666666666,0,0.5,0,0
2026352035,2016-04-17,steps,0,0.4703030303030303,0.4703030303030303,0.37142857142857144,0.23515151515151517,5,0.5,0,0.15676767676767678,10,0.37142857142857144,0,0.5,0,0
2026352035,2016-04-18,exercise,0,0.4254545454545455,0.4254545454545455,0.44761904761904764,0.19338842975206613,6,0.5,0,0.1251336898395722,12,0.44761904761904764,0,0.5,0,0
2026352035,2016-04-18,steps,0,0.4703030303030303,0.4703030303030303,0.5142857142857142,0.2137741046831956,6,0.5,0,0.13832442067736186,12,0.5142857142857142,0,0.5,0,0
2026352035,2016-04-19,steps,0,0.4703030303030303,0.4703030303030303,0.5076923076923077,0.19595959595959597,7,0.5,0,0.12376395534290272,14,0.4423076923076923,3,0.5,0,0
2026352035,2016-04-19,sleep,1,0.5367847411444142,0.5367847411444142,0.4098360655737705,0.7894476096110974,6,0.5,0,0.7894476096110974,6,0.3811475409836066,3,0.5,0,0
2026352035,2016-04-19,exercise,0,0.4254545454545455,0.4254545454545455,0.4846153846153846,0.17727272727272728,7,0.5,0,0.11196172248803829,14,0.42788461538461536,3,0.5,0,0
2026352035,2016-04-20,exercise,0,0.4254545454545455,0.4254545454545455,0.47368421052631576,0.16363636363636364,8,0.5,0,0.1012987012987013,16,0.42105263157894735,3,0.5,0,0
2026352035,2016-04-20,sleep,1,0.5367847411444142,0.5367847411444142,0.639344262295082,0.8069936421435059,7,0.5,0,0.8069936421435059,7,0.5245901639344263,3,0.5,0,0
2026352035,2016-04-20,steps,0,0.4703030303030303,0.4703030303030303,0.44360902255639095,0.1808857808857809,8,0.5,0,0.11197691197691198,16,0.40225563909774437,3,0.5,0,0
2026352035,2016-04-21,exercise,0,0.4254545454545455,0.4254545454545455,0.3671875,0.15194805194805197,9,0.5,0,0.0924901185770751,18,0.3544921875,3,0.5,0,0
2026352035,2016-04-21,sleep,1,0.5367847411444142,0.5367847411444142,0.47368421052631576,0.821840285055544,8,0.5,0,0.821840285055544,8,0.42105263157894735,3,0.5,0,0
2026352035,2016-04-21,steps,0,0.4703030303030303,0.4703030303030303,0.4765625,0.16796536796536796,9,0.5,0,0.10223978919631094,18,0.4228515625,3,0.5,0,0
2026352035,2016-04-22,exercise,0,0.4254545454545455,0.4254545454545455,0.4224137931034483,0.14181818181818182,10,0.5,0,0.08509090909090909,20,0.3890086206896552,3,0.5,0,0
2026352035,2016-04-22,sleep,1,0.5367847411444142,0.5367847411444142,0.54,0.834565978980148,9,0.5,0,0.834565978980148,9,0.4625,3,0.5,0,0
2026352035,2016-04-22,steps,0,0.4703030303030303,0.4703030303030303,0.46551724137931033,0.15676767676767678,10,0.5,0,0.09406060606060607,20,0.41594827586206895,3,0.5,0,0
2026352035,2016-04-23,steps,1,0.4703030303030303,0.4703030303030303,0.5092592592592593,0.14696969696969697,11,0.5,0,0.08709315375982042,22,0.4432870370370371,3,0.5,0,0
2026352035,2016-04-23,exercise,0,0.4254545454545455,0.4254545454545455,0.4444444444444444,0.13295454545454546,11,0.5,0,0.0787878787878788,22,0.4027777777777778,3,0.5,0,0
2026352035,2016-04-23,sleep,1,0.5367847411444142,0.5367847411444142,0.4897959183673469,0.8455949137148048,10,0.5,0,0.8455949137148048,10,0.43112244897959184,3,0.5,0,0
2026352035,2016-04-24,exercise,0,0.4254545454545455,0.4254545454545455,0.3238095238095238,0.1251336898395722,12,0.5,0,0.10783699059561129,24,0.3273809523809524,3,0.5,0,2
2026352035,2016-04-24,sleep,1,0.5367847411444142,0.5367847411444142,0.6666666666666666,0.8552452316076294,11,0.5,0,0.8552452316076294,11,0.5416666666666666,3,0.5,0,2
2026352035,2016-04-24,steps,0,0.4703030303030303,0.4703030303030303,0.37142857142857144,0.19714795008912656,12,0.5,0,0.1155694879832811,24,0.35714285714285715,3,0.5,0,2
2026352035,2016-04-25,exercise,0,0.4254545454545455,0.4254545454545455,0.44761904761904764,0.1181818181818182,13,0.5,0,0.10087976539589444,26,0.3197278911564626,2,0.5,0,0
2026352035,2016-04-25,sleep,1,0.5367847411444142,0.5367847411444142,0.5609756097560976,0.8637602179836512,12,0.5,0,0.8637602179836512,12,0.4006968641114983,2,0.5,0,0
2026352035,2016-04-25,steps,0,0.4703030303030303,0.4703030303030303,0.5142857142857142,0.1861952861952862,13,0.5,0,0.10811339198435972,26,0.36734693877551017,2,0.5,0,0
2026352035,2016-04-26,steps,0,0.4703030303030303,0.4703030303030303,0.5076923076923077,0.17639553429027113,14,0.5,0,0.10156106519742883,28,0.41258741258741255,6,0.5,0,0
2026352035,2016-04-26,exercise,0,0.4254545454545455,0.4254545454545455,0.4846153846153846,0.11196172248803829,14,0.5,0,0.09476584022038569,28,0.40209790209790214,6,0.5,0,0
2026352035,2016-04-27,steps,0,0.4703030303030303,0.4703030303030303,0.44360902255639095,0.16757575757575757,15,0.5,0,0.09575757575757576,30,0.38345864661654133,6,0.5,0,0
2026352035,2016-04-27,sleep,1,0.5367847411444142,0.5367847411444142,0.639344262295082,0.8713290947623373,13,0.5,0,0.8713290947623373,13,0.4724292101341282,6,0.5,0,0
2026352035,2016-04-27,exercise,0,0.4254545454545455,0.4254545454545455,0.47368421052631576,0.10636363636363637,15,0.5,0,0.08935064935064936,30,0.3971291866028708,6,0.5,0,0
2026352035,2016-04-28,exercise,0,0.4254545454545455,0.4254545454545455,0.3671875,0.1012987012987013,16,0.5,0,0.08452088452088452,32,0.3487215909090909,6,0.5,0,0
2026352035,2016-04-28,sleep,1,0.5367847411444142,0.5367847411444142,0.47368421052631576,0.8781012476695828,14,0.5,0,0.8781012476695828,14,0.3971291866028708,6,0.5,0,0
2026352035,2016-04-28,steps,0,0.4703030303030303,0.4703030303030303,0.4765625,0.1595959595959596,16,0.5,0,0.09058149058149058,32,0.3984375,6,0.5,0,0
2026352035,2016-04-29,exercise,0,0.4254545454545455,0.4254545454545455,0.4224137931034483,0.09669421487603307,17,0.5,0,0.0801864801864802,34,0.37382445141065834,6,0.5,0,0
2026352035,2016-04-29,sleep,1,0.5367847411444142,0.5367847411444142,0.54,0.8841961852861037,15,0.5,0,0.8841961852861037,15,0.4272727272727273,6,0.5,0,0
2026352035,2016-04-29,steps,1,0.4703030303030303,0.4703030303030303,0.46551724137931033,0.15234159779614326,17,0.5,0,0.08593628593628594,34,0.3934169278996865,6,0.5,0,0
2026352035,2016-04-30,exercise,0,0.4254545454545455,0.4254545454545455,0.4444444444444444,0.0924901185770751,18,0.5,0,0.10066518847006652,36,0.47474747474747475,6,0.5,0,1
2026352035,2016-04-30,sleep,1,0.5367847411444142,0.5367847411444142,0.4897959183673469,0.8897106526534321,16,0.5,0,0.8897106526534321,16,0.4953617810760668,6,0.5,0,1
2026352035,2016-04-30,steps,0,0.4703030303030303,0.4703030303030303,0.5092592592592593,0.18919631093544137,18,0.5,0,0.10613451589061346,36,0.5042087542087542,6,0.5,0,1
2026352035,2016-05-01,steps,0,0.4703030303030303,0.4703030303030303,0.37142857142857144,0.18131313131313131,19,0.5,0,0.10119802677942213,38,0.35064935064935066,6,0.5,0,0
2026352035,2016-05-01,exercise,0,0.4254545454545455,0.4254545454545455,0.3238095238095238,0.08863636363636364,19,0.5,0,0.0959830866807611,38,0.329004329004329,6,0.5,0,0
2026352035,2016-05-01,sleep,1,0.5367847411444142,0.5367847411444142,0.6666666666666666,0.8947238048055488,17,0.5,0,0.8947238048055488,17,0.4848484848484848,6,0.5,0,0
2026352035,2016-05-02,exercise,0,0.4254545454545455,0.4254545454545455,0.44761904761904764,0.08509090909090909,20,0.5,0,0.09171717171717171,40,0.3238095238095238,5,0.5,0,1
2026352035,2016-05-02,sleep,1,0.5367847411444142,0.5367847411444142,0.5609756097560976,0.8993010306835684,18,0.5,0,0.8993010306835684,18,0.3804878048780488,5,0.5,0,1
2026352035,2016-05-02,steps,1,0.4703030303030303,0.4703030303030303,0.5142857142857142,0.17406060606060605,20,0.5,0,0.0967003367003367,40,0.3571428571428571,5,0.5,0,1
2026352035,2016-05-03,exercise,0,0.4254545454545455,0.4254545454545455,0.4846153846153846,0.08181818181818182,21,0.5,0,0.10909090909090909,42,0.34023668639053256,8,0.5,0,1
2026352035,2016-05-03,steps,1,0.4703030303030303,0.4703030303030303,0.5076923076923077,0.20582750582750584,21,0.5,0,0.11386202450032237,42,0.34911242603550297,8,0.5,0,1
2026352035,2016-05-04,steps,0,0.4703030303030303,0.4703030303030303,0.44360902255639095,0.23524130190796858,22,0.5,0,0.12962275819418675,44,0.3727175080558539,9,0.5,0,1
2026352035,2016-05-04,exercise,0,0.4254545454545455,0.4254545454545455,0.47368421052631576,0.0787878787878788,22,0.5,0,0.12504638218923933,44,0.38345864661654133,9,0.5,0,1
2026352035,2016-05-04,sleep,1,0.5367847411444142,0.5367847411444142,0.639344262295082,0.903496821071753,19,0.5,0,0.903496821071753,19,0.4426229508196721,9,0.5,0,1
2026352035,2016-05-05,steps,1,0.4703030303030303,0.4703030303030303,0.4765625,0.22683982683982684,23,0.5,0,0.12453951277480689,46,0.38448660714285715,9,0.5,0,1
2026352035,2016-05-05,sleep,1,0.5367847411444142,0.5367847411444142,0.47368421052631576,0.9073569482288829,20,0.5,0,0.9073569482288829,20,0.38345864661654133,9,0.5,0,1
2026352035,2016-05-05,exercise,0,0.4254545454545455,0.4254545454545455,0.3671875,0.07597402597402599,23,0.5,0,0.12014260249554366,46,0.34542410714285715,9,0.5,0,1
2026352035,2016-05-06,exercise,0,0.4254545454545455,0.4254545454545455,0.4224137931034483,0.07335423197492164,24,0.5,0,0.13447684391080617,48,0.436576354679803,9,0.5,0,0
2026352035,2016-05-06,sleep,1,0.5367847411444142,0.5367847411444142,0.54,0.910920142527772,21,0.5,0,0.910920142527772,21,0.4785714285714286,9,0.5,0,0
2026352035,2016-05-06,steps,1,0.4703030303030303,0.4703030303030303,0.46551724137931033,0.2535005224660397,24,0.5,0,0.13870783304745568,48,0.45197044334975367,9,0.5,0,0
2026352035,2016-05-07,exercise,0,0.4254545454545455,0.4254545454545455,0.4444444444444444,0.07090909090909091,25,0.5,0,0.1477685950413223,50,0.4444444444444445,9,0.5,0,1
2026352035,2016-05-07,sleep,1,0.5367847411444142,0.5367847411444142,0.4897959183673469,0.9142193965082249,22,0.5,0,0.9142193965082249,22,0.4606413994169096,9,0.5,0,1
2026352035,2016-05-07,steps,0,0.4703030303030303,0.4703030303030303,0.5092592592592593,0.2783838383838384,25,0.5,0,0.1518457300275482,50,0.4675925925925926,9,0.5,0,1
2026352035,2016-05-08,exercise,0,0.4254545454545455,0.4254545454545455,0.3238095238095238,0.06862170087976541,26,0.5,0,0.14258373205741626,52,0.3299319727891156,9,0.5,0,0
2026352035,2016-05-08,sleep,1,0.5367847411444142,0.5367847411444142,0.6666666666666666,0.917282989490074,23,0.5,0,0.917282989490074,23,0.4523809523809524,9,0.5,0,0
2026352035,2016-05-08,steps,0,0.4703030303030303,0.4703030303030303,0.37142857142857144,0.2694037145650049,26,0.5,0,0.1465178096757044,52,0.34693877551020413,9,0.5,0,0
2026352035,2016-05-09,steps,1,0.4703030303030303,0.4703030303030303,0.5142857142857142,0.2609848484848485,27,0.5,0,0.14155110426296866,54,0.42857142857142855,8,0.5,0,0
2026352035,2016-05-09,exercise,0,0.4254545454545455,0.4254545454545455,0.44761904761904764,0.06647727272727273,27,0.5,0,0.13775038520801233,54,0.40293040293040294,8,0.5,0,0
2026352035,2016-05-09,sleep,1,0.5367847411444142,0.5367847411444142,0.5609756097560976,0.9201353001973128,24,0.5,0,0.9201353001973128,24,0.44652908067542213,8,0.5,0,0
2026352035,2016-05-10,exercise,0,0.4254545454545455,0.4254545454545455,0.4846153846153846,0.06446280991735538,28,0.5,0,0.1496274217585693,56,0.36153846153846153,10,0.5,0,2
2026352035,2016-05-10,sleep,0,0.5367847411444142,0.5367847411444142,0.4098360655737705,0.9227974568574024,25,0.5,0,0.9227974568574024,25,0.3366120218579235,10,0.5,0,2
2026352035,2016-05-10,steps,0,0.4703030303030303,0.4703030303030303,0.5076923076923077,0.2833792470156107,28,0.5,0,0.15330352707401887,56,0.3692307692307692,10,0.5,0,2
2026352035,2016-05-11,exercise,0,0.4254545454545455,0.4254545454545455,0.47368421052631576,0.0625668449197861,29,0.5,0,0.14487734487734488,58,0.3746130030959752,12,0.5,0,0
2026352035,2016-05-11,sleep,1,0.5367847411444142,0.5367847411444142,0.639344262295082,0.8930297969587765,26,0.5,0,0.8930297969587765,26,0.42333654773384766,12,0.5,0,0
2026352035,2016-05-11,steps,0,0.4703030303030303,0.4703030303030303,0.44360902255639095,0.2750445632798574,29,0.5,0,0.14843674843674845,58,0.36576735957540907,12,0.5,0,0
2026352035,2016-05-12,sleep,1,0.5367847411444142,0.5367847411444142,0.47368421052631576,0.8963726158038148,27,0.5,0,0.8963726158038148,27,0.43343653250773995,12,0.5,0,0
2026352035,2016-05-12,exercise,0,0.4254545454545455,0.4254545454545455,0.3671875,0.06077922077922079,30,0.5,0,0.14041958041958041,60,0.4021139705882353,12,0.5,0,0
2026352035,2016-05-12,steps,0,0.4703030303030303,0.4703030303030303,0.4765625,0.2671861471861472,30,0.5,0,0.14386946386946387,60,0.4342830882352941,12,0.5,0,0
2320127002,2016-04-12,exercise,0,0.4254545454545455,0.4254545454545455,0.4846153846153846,0.4254545454545455,0,0.5,0,0.4254545454545455,0,0.4846153846153846,0,0.5,0,0
2320127002,2016-04-12,steps,0,0.4715151515151515,0.4715151515151515,0.5,0.4715151515151515,0,0.5,0,0.4715151515151515,0,0.5,0,0.5,0,0
2320127002,2016-04-13,exercise,0,0.4254545454545455,0.4254545454545455,0.47368421052631576,0.35454545454545455,1,0.5,0,0.30389610389610394,2,0.47368421052631576,0,0.5,0,0
2320127002,2016-04-13,steps,0,0.4715151515151515,0.4715151515151515,0.44360902255639095,0.3929292929292929,1,0.5,0,0.33679653679653676,2,0.44360902255639095,0,0.5,0,0
2320127002,2016-04-14,exercise,0,0.4254545454545455,0.4254545454545455,0.3671875,0.30389610389610394,2,0.5,0,0.2363636363636364,4,0.3671875,0,0.5,0,0
2320127002,2016-04-14,steps,0,0.4715151515151515,0.4715151515151515,0.4765625,0.33679653679653676,2,0.5,0,0.26195286195286194,4,0.4765625,0,0.5,0,0
2320127002,2016-04-15,exercise,0,0.4254545454545455,0.4254545454545455,0.4224137931034483,0.26590909090909093,3,0.5,0,0.19338842975206613,6,0.4224137931034483,0,0.5,0,0
2320127002,2016-04-15,steps,1,0.4715151515151515,0.4715151515151515,0.46551724137931033,0.2946969696969697,3,0.5,0,0.2143250688705234,6,0.46551724137931033,0,0.5,0,0
2320127002,2016-04-16,exercise,0,0.4254545454545455,0.4254545454545455,0.4444444444444444,0.2363636363636364,4,0.5,0,0.24055944055944056,8,0.4444444444444444,0,0.5,0,1
2320127002,2016-04-16,steps,0,0.4715151515151515,0.4715151515151515,0.5092592592592593,0.37306397306397304,4,0.5,0,0.25827505827505826,8,0.5092592592592593,0,0.5,0,1
2320127002,2016-04-17,exercise,0,0.4254545454545455,0.4254545454545455,0.3238095238095238,0.21272727272727274,5,0.5,0,0.2084848484848485,10,0.3238095238095238,0,0.5,0,0
2320127002,2016-04-17,steps,0,0.4715151515151515,0.4715151515151515,0.37142857142857144,0.33575757575757575,5,0.5,0,0.22383838383838384,10,0.37142857142857144,0,0.5,0,0
2320127002,2016-04-18,exercise,0,0.4254545454545455,0.4254545454545455,0.44761904761904764,0.19338842975206613,6,0.5,0,0.1839572192513369,12,0.44761904761904764,0,0.5,0,0
2320127002,2016-04-18,steps,0,0.4715151515151515,0.4715151515151515,0.5333333333333333,0.3052341597796143,6,0.5,0,0.19750445632798574,12,0.5333333333333333,0,0.5,0,0
2320127002,2016-04-19,steps,1,0.4715151515151515,0.4715151515151515,0.5,0.27979797979797977,7,0.5,0,0.17671451355661882,14,0.35714285714285715,2,0.5,0,0
2320127002,2016-04-19,exercise,0,0.4254545454545455,0.4254545454545455,0.4846153846153846,0.17727272727272728,7,0.5,0,0.1645933014354067,14,0.34615384615384615,2,0.5,0,0
2320127002,2016-04-20,exercise,0,0.4254545454545455,0.4254545454545455,0.47368421052631576,0.16363636363636364,8,0.5,0,0.1965367965367965,16,0.3383458646616541,2,0.5,0,0
2320127002,2016-04-20,steps,0,0.4715151515151515,0.4715151515151515,0.44360902255639095,0.3351981351981352,8,0.5,0,0.2075036075036075,16,0.31686358754027927,2,0.5,0,0
2320127002,2016-04-21,exercise,0,0.4254545454545455,0.4254545454545455,0.3671875,0.15194805194805197,9,0.5,0,0.17944664031620552,18,0.2622767857142857,2,0.5,0,0
2320127002,2016-04-21,steps,0,0.4715151515151515,0.4715151515151515,0.4765625,0.31125541125541123,9,0.5,0,0.18945981554677208,18,0.3404017857142857,2,0.5,0,0
2320127002,2016-04-22,exercise,0,0.4254545454545455,0.4254545454545455,0.4224137931034483,0.14181818181818182,10,0.5,0,0.16509090909090907,20,0.4445812807881774,2,0.5,0,0
2320127002,2016-04-22,steps,1,0.4715151515151515,0.4715151515151515,0.46551724137931033,0.2905050505050505,10,0.5,0,0.1743030303030303,20,0.4753694581280788,2,0.5,0,0
2320127002,2016-04-23,exercise,0,0.4254545454545455,0.4254545454545455,0.4444444444444444,0.13295454545454546,11,0.5,0,0.1898989898989899,22,0.3174603174603175,2,0.5,0,1
2320127002,2016-04-23,steps,1,0.4715151515151515,0.4715151515151515,0.5092592592592593,0.33484848484848484,11,0.5,0,0.1984287317620651,22,0.36375661375661383,2,0.5,0,1
2320127002,2016-04-24,exercise,0,0.4254545454545455,0.4254545454545455,0.3238095238095238,0.1251336898395722,12,0.5,0,0.21128526645768025,24,0.23129251700680273,2,0.5,0,1
2320127002,2016-04-24,steps,0,0.4715151515151515,0.4715151515151515,0.37142857142857144,0.37397504456327985,12,0.5,0,0.219226750261233,24,0.2653061224489796,2,0.5,0,1
2320127002,2016-04-25,exercise,0,0.4254545454545455,0.4254545454545455,0.44761904761904764,0.1181818181818182,13,0.5,0,0.1976539589442815,26,0.3197278911564626,2,0.5,0,0
2320127002,2016-04-25,steps,0,0.4715151515151515,0.4715151515151515,0.5333333333333333,0.3531986531986532,13,0.5,0,0.2050830889540567,26,0.38095238095238093,2,0.5,0,0
2320127002,2016-04-26,steps,0,0.4715151515151515,0.4715151515151515,0.5,0.3346092503987241,14,0.5,0,0.19265381083562902,28,0.3888888888888889,4,0.5,0,0
2320127002,2016-04-26,exercise,0,0.4254545454545455,0.4254545454545455,0.4846153846153846,0.11196172248803829,14,0.5,0,0.18567493112947658,28,0.3803418803418803,4,0.5,0,0
2320127002,2016-04-27,steps,0,0.4715151515151515,0.4715151515151515,0.44360902255639095,0.31787878787878787,15,0.5,0,0.18164502164502164,30,0.24644945697577278,4,0.5,0,0
2320127002,2016-04-27,exercise,0,0.4254545454545455,0.4254545454545455,0.47368421052631576,0.10636363636363637,15,0.5,0,0.17506493506493506,30,0.2631578947368421,4,0.5,0,0
2320127002,2016-04-28,exercise,0,0.4254545454545455,0.4254545454545455,0.3671875,0.1012987012987013,16,0.5,0,0.1656019656019656,32,0.20399305555555555,4,0.5,0,0
2320127002,2016-04-28,steps,0,0.4715151515151515,0.4715151515151515,0.4765625,0.30274170274170276,16,0.5,0,0.1718263718263718,32,0.2647569444444444,4,0.5,0,0
2320127002,2016-04-29,exercise,0,0.4254545454545455,0.4254545454545455,0.4224137931034483,0.09669421487603307,17,0.5,0,0.1571095571095571,34,0.456896551724138,4,0.5,0,0
2320127002,2016-04-29,steps,0,0.4715151515151515,0.4715151515151515,0.46551724137931033,0.2889807162534435,17,0.5,0,0.163014763014763,34,0.48084291187739464,4,0.5,0,0
2320127002,2016-04-30,exercise,0,0.4254545454545455,0.4254545454545455,0.4444444444444444,0.0924901185770751,18,0.5,0,0.14944567627494457,36,0.3580246913580247,4,0.5,0,0
2320127002,2016-04-30,steps,0,0.4715151515151515,0.4715151515151515,0.5092592592592593,0.2764163372859025,18,0.5,0,0.15506282335550628,36,0.39403292181069965,4,0.5,0,0
2320127002,2016-05-01,exercise,0,0.4254545454545455,0.4254545454545455,0.3238095238095238,0.08863636363636364,19,0.5,0,0.14249471458773783,38,0.17989417989417988,4,0.5,0,0
2320127002,2016-05-01,steps,0,0.4715151515151515,0.4715151515151515,0.37142857142857144,0.2648989898989899,19,0.5,0,0.1478505990133897,38,0.20634920634920637,4,0.5,0,0
2320127002,2016-05-02,exercise,0,0.4254545454545455,0.4254545454545455,0.44761904761904764,0.08509090909090909,20,0.5,0,0.13616161616161615,40,0.2486772486772487,4,0.5,0,0
2320127002,2016-05-02,steps,0,0.4715151515151515,0.4715151515151515,0.5333333333333333,0.2543030303030303,20,0.5,0,0.14127946127946128,40,0.2962962962962963,4,0.5,0,0
2320127002,2016-05-03,exercise,0,0.4254545454545455,0.4254545454545455,0.4846153846153846,0.08181818181818182,21,0.5,0,0.13036750483558993,42,0.3111888111888112,6,0.5,0,0
2320127002,2016-05-03,steps,1,0.4715151515151515,0.4715151515151515,0.5,0.24452214452214452,21,0.5,0,0.1352675693101225,42,0.3181818181818182,6,0.5,0,0
2320127002,2016-05-04,exercise,0,0.4254545454545455,0.4254545454545455,0.47368421052631576,0.0787878787878788,22,0.5,0,0.14545454545454545,44,0.21531100478468898,6,0.5,0,1
2320127002,2016-05-04,steps,0,0.4715151515151515,0.4715151515151515,0.44360902255639095,0.2725028058361392,22,0.5,0,0.15015460729746444,44,0.20164046479835954,6,0.5,0,1
2320127002,2016-05-05,steps,1,0.4715151515151515,0.4715151515151515,0.4765625,0.26277056277056277,23,0.5,0,0.14426619132501486,46,0.21661931818181818,6,0.5,0,0
2320127002,2016-05-05,exercise,0,0.4254545454545455,0.4254545454545455,0.3671875,0.07597402597402599,23,0.5,0,0.13975044563279856,46,0.1669034090909091,6,0.5,0,0
2320127002,2016-05-06,exercise,0,0.4254545454545455,0.4254545454545455,0.4224137931034483,0.07335423197492164,24,0.5,0,0.15334476843910805,48,0.37382445141065834,6,0.5,0,0
2320127002,2016-05-06,steps,0,0.4715151515151515,0.4715151515151515,0.46551724137931033,0.28819226750261234,24,0.5,0,0.15769010863350486,48,0.3934169278996865,6,0.5,0,0
2320127002,2016-05-07,exercise,0,0.4254545454545455,0.4254545454545455,0.4444444444444444,0.07090909090909091,25,0.5,0,0.1477685950413223,50,0.29292929292929293,6,0.5,0,0
2320127002,2016-05-07,steps,0,0.4715151515151515,0.4715151515151515,0.5092592592592593,0.2785858585858586,25,0.5,0,0.15195592286501378,50,0.32239057239057245,6,0.5,0,0
2320127002,2016-05-08,exercise,0,0.4254545454545455,0.4254545454545455,0.3238095238095238,0.06862170087976541,26,0.5,0,0.14258373205741626,52,0.1471861471861472,6,0.5,0,0
2320127002,2016-05-08,steps,0,0.4715151515151515,0.4715151515151515,0.37142857142857144,0.26959921798631475,26,0.5,0,0.1466241360978203,52,0.16883116883116883,6,0.5,0,0
2320127002,2016-05-09,exercise,0,0.4254545454545455,0.4254545454545455,0.44761904761904764,0.06647727272727273,27,0.5,0,0.13775038520801233,54,0.20346320346320346,6,0.5,0,0
2320127002,2016-05-09,steps,0,0.4715151515151515,0.4715151515151515,0.5333333333333333,0.2611742424242424,27,0.5,0,0.14165382639958912,54,0.2424242424242424,6,0.5,0,0
2320127002,2016-05-10,exercise,0,0.4254545454545455,0.4254545454545455,0.4846153846153846,0.06446280991735538,28,0.5,0,0.13323397913561846,56,0.34023668639053256,8,0.5,0,0
2320127002,2016-05-10,steps,0,0.4715151515151515,0.4715151515151515,0.5,0.2532598714416896,28,0.5,0,0.1370094386487829,56,0.34615384615384615,8,0.5,0,0
2320127002,2016-05-11,exercise,0,0.4254545454545455,0.4254545454545455,0.47368421052631576,0.0625668449197861,29,0.5,0,0.129004329004329,58,0.18218623481781376,8,0.5,0,0
2320127002,2016-05-11,steps,0,0.4715151515151515,0.4715151515151515,0.44360902255639095,0.24581105169340464,29,0.5,0,0.13265993265993264,58,0.17061885482938116,8,0.5,0,0
2320127002,2016-05-12,exercise,0,0.4254545454545455,0.4254545454545455,0.3671875,0.06077922077922079,30,0.5,0,0.12503496503496503,60,0.21814903846153846,8,0.5,0,0
2320127002,2016-05-12,steps,0,0.4715151515151515,0.4715151515151515,0.4765625,0.23878787878787877,30,0.5,0,0.12857808857808858,60,0.26021634615384615,8,0.5,0,0
2347167796,2016-04-12,exercise,0,0.4105011933174224,0.4105011933174224,0.4772727272727273,0.4105011933174224,0,0.5,0,0.4105011933174224,0,0.4772727272727273,0,0.5,0,0
2347167796,2016-04-12,steps,1,0.45465393794749404,0.45465393794749404,0.48484848484848486,0.45465393794749404,0,0.5,0,0.45465393794749404,0,0.48484848484848486,0,0.5,0,0
2347167796,2016-04-13,exercise,1,0.4105011933174224,0.4105011933174224,0.4444444444444444,0.3420843277645187,1,0.5,0,0.436072280941016,2,0.4444444444444444,0,0.5,0,1
2347167796,2016-04-13,sleep,0,0.5657894736842105,0.5657894736842105,0.671875,0.5657894736842105,0,0.5,0,0.5657894736842105,0,0.671875,0,0.5,0,1
2347167796,2016-04-13,steps,0,0.45465393794749404,0.45465393794749404,0.4222222222222222,0.5455449482895783,1,0.5,0,0.4676099556767815,2,0.4222222222222222,0,0.5,0,1
2347167796,2016-04-14,exercise,1,0.4105011933174224,0.4105011933174224,0.35384615384615387,0.436072280941016,2,0.5,0,0.4502784407319014,4,0.35384615384615387,0,0.5,0,0
2347167796,2016-04-14,sleep,1,0.5657894736842105,0.5657894736842105,0.5084745762711864,0.47149122807017546,1,0.5,0,0.47149122807017546,1,0.5084745762711864,0,0.5,0,0
2347167796,2016-04-14,steps,1,0.45465393794749404,0.45465393794749404,0.46153846153846156,0.4676099556767815,2,0.5,0,0.4748077433041633,4,0.46153846153846156,0,0.5,0,0
2347167796,2016-04-15,exercise,0,0.4105011933174224,0.4105011933174224,0.41025641025641024,0.5065632458233891,3,0.5,0,0.550227815144283,6,0.41025641025641024,0,0.5,0,3
2347167796,2016-04-15,sleep,1,0.5657894736842105,0.5657894736842105,0.5686274509803921,0.5469924812030075,2,0.5,0,0.5469924812030075,2,0.5686274509803921,0,0.5,0,3
2347167796,2016-04-15,steps,1,0.45465393794749404,0.45465393794749404,0.46153846153846156,0.5341587112171837,3,0.5,0,0.5702972445215881,6,0.46153846153846156,0,0.5,0,3
2347167796,2016-04-16,steps,1,0.45465393794749404,0.45465393794749404,0.4909090909090909,0.5859188544152745,4,0.5,0,0.5594822838259592,8,0.4909090909090909,0,0.5,0,2
2347167796,2016-04-16,exercise,1,0.4105011933174224,0.4105011933174224,0.41818181818181815,0.4502784407319014,4,0.5,0,0.5425004589682394,8,0.41818181818181815,0,0.5,0,2
2347167796,2016-04-17,exercise,0,0.4105011933174224,0.4105011933174224,0.3177570093457944,0.5052505966587113,5,0.5,0,0.6035003977724742,10,0.3177570093457944,0,0.5,0,4
2347167796,2016-04-17,sleep,1,0.5657894736842105,0.5657894736842105,0.68,0.6036184210526316,3,0.5,0,0.6036184210526316,3,0.68,0,0.5,0,4
2347167796,2016-04-17,steps,1,0.45465393794749404,0.45465393794749404,0.35514018691588783,0.627326968973747,5,0.5,0,0.6182179793158313,10,0.35514018691588783,0,0.5,0,4
2347167796,2016-04-18,exercise,0,0.4105011933174224,0.4105011933174224,0.4392523364485981,0.45931872423519204,6,0.5,0,0.5913238803874772,12,0.4392523364485981,0,0.5,0,2
2347167796,2016-04-18,sleep,1,0.5657894736842105,0.5657894736842105,0.5714285714285714,0.6476608187134504,4,0.5,0,0.6476608187134504,4,0.5714285714285714,0,0.5,0,2
2347167796,2016-04-18,steps,1,0.45465393794749404,0.45465393794749404,0.5046728971962616,0.6612063354306791,6,0.5,0,0.604309981749263,12,0.5046728971962616,0,0.5,0,2
2347167796,2016-04-19,exercise,0,0.4105011933174224,0.4105011933174224,0.4772727272727273,0.4210421638822594,7,0.5,0,0.5817108403466902,14,0.4837662337662338,2,0.5,0,2
2347167796,2016-04-19,sleep,0,0.5657894736842105,0.5657894736842105,0.43548387096774194,0.6828947368421053,5,0.5,0,0.6828947368421053,5,0.4539170506912442,2,0.5,0,2
2347167796,2016-04-19,steps,1,0.45465393794749404,0.45465393794749404,0.48484848484848486,0.6894391408114559,7,0.5,0,0.5933299836703931,14,0.4891774891774892,2,0.5,0,2
2347167796,2016-04-20,steps,1,0.45465393794749404,0.45465393794749404,0.4222222222222222,0.7133284376721131,8,0.5,0,0.5844414137970224,16,0.3888888888888889,3,0.5,0,1
2347167796,2016-04-20,exercise,1,0.4105011933174224,0.4105011933174224,0.4444444444444444,0.3886543051220856,8,0.5,0,0.5739288555517673,16,0.4027777777777778,3,0.5,0,1
2347167796,2016-04-21,steps,1,0.45465393794749404,0.45465393794749404,0.46153846153846156,0.7338049778383907,9,0.5,0,0.6205769430320639,18,0.6634615384615385,3,0.5,0,3
2347167796,2016-04-21,sleep,1,0.5657894736842105,0.5657894736842105,0.5084745762711864,0.6208133971291866,6,0.5,0,0.6208133971291866,6,0.6927966101694916,3,0.5,0,3
2347167796,2016-04-21,exercise,0,0.4105011933174224,0.4105011933174224,0.35384615384615387,0.4323218547562223,9,0.5,0,0.6109785202863962,18,0.5961538461538461,3,0.5,0,3
2347167796,2016-04-22,exercise,1,0.4105011933174224,0.4105011933174224,0.41025641025641024,0.40350039777247415,10,0.5,0,0.6021002386634845,20,0.5064102564102564,3,0.5,0,0
2347167796,2016-04-22,sleep,1,0.5657894736842105,0.5657894736842105,0.5686274509803921,0.6524122807017544,7,0.5,0,0.6524122807017544,7,0.6053921568627451,3,0.5,0,0
2347167796,2016-04-22,steps,1,0.45465393794749404,0.45465393794749404,0.46153846153846156,0.7515513126491646,10,0.5,0,0.6109307875894988,20,0.5384615384615385,3,0.5,0,0
2347167796,2016-04-23,exercise,1,0.4105011933174224,0.4105011933174224,0.41818181818181815,0.44078162291169454,11,0.5,0,0.6315742950587819,22,0.5844155844155844,2,0.5,0,3
2347167796,2016-04-23,sleep,0,0.5657894736842105,0.5657894736842105,0.5384615384615384,0.6791497975708503,8,0.5,0,0.6791497975708503,8,0.6703296703296703,2,0.5,0,3
2347167796,2016-04-23,steps,1,0.45465393794749404,0.45465393794749404,0.4909090909090909,0.7670793556085919,11,0.5,0,0.639750729249536,22,0.6363636363636365,2,0.5,0,3
2347167796,2016-04-24,exercise,0,0.4105011933174224,0.4105011933174224,0.3177570093457944,0.4736768215639478,12,0.5,0,0.6569829643650729,24,0.4485981308411215,3,0.5,0,2
2347167796,2016-04-24,sleep,1,0.5657894736842105,0.5657894736842105,0.68,0.6306390977443609,9,0.5,0,0.6306390977443609,9,0.675,3,0.5,0,2
2347167796,2016-04-24,steps,0,0.45465393794749404,0.45465393794749404,0.35514018691588783,0.780780569984557,12,0.5,0,0.6645955065426714,24,0.4719626168224299,3,0.5,0,2
2347167796,2016-04-25,sleep,1,0.5657894736842105,0.5657894736842105,0.5714285714285714,0.6552631578947369,10,0.5,0,0.6552631578947369,10,0.6071428571428571,3,0.5,0,0
2347167796,2016-04-25,steps,1,0.45465393794749404,0.45465393794749404,0.5046728971962616,0.7374038716520817,13,0.5,0,0.6217183770883056,26,0.5654205607476634,3,0.5,0,0
2347167796,2016-04-25,exercise,0,0.4105011933174224,0.4105011933174224,0.4392523364485981,0.4473614425881729,13,0.5,0,0.6145969666641004,26,0.5245327102803738,3,0.5,0,0
2347167796,2016-04-26,exercise,0,0.4105011933174224,0.4105011933174224,0.4772727272727273,0.4238161035045849,14,0.5,0,0.6076516959571853,28,0.43863636363636366,5,0.5,0,0
2347167796,2016-04-26,sleep,0,0.5657894736842105,0.5657894736842105,0.43548387096774194,0.6768092105263158,11,0.5,0,0.6768092105263158,11,0.417741935483871,5,0.5,0,0
2347167796,2016-04-26,steps,1,0.45465393794749404,0.45465393794749404,0.48484848484848486,0.7512247205124984,14,0.5,0,0.6143415057496203,28,0.4424242424242424,5,0.5,0,0
2347167796,2016-04-27,exercise,1,0.4105011933174224,0.4105011933174224,0.4444444444444444,0.4026252983293556,15,0.5,0,0.6015001704739175,30,0.5222222222222223,5,0.5,0,1
2347167796,2016-04-27,sleep,1,0.5657894736842105,0.5657894736842105,0.671875,0.6369969040247678,12,0.5,0,0.6369969040247678,12,0.6359375,5,0.5,0,1
2347167796,2016-04-27,steps,1,0.45465393794749404,0.45465393794749404,0.4222222222222222,0.7636634844868735,15,0.5,0,0.6078077054210707,30,0.5111111111111111,5,0.5,0,1
2347167796,2016-04-28,exercise,0,0.4105011933174224,0.4105011933174224,0.35384615384615387,0.4310717126946244,16,0.5,0,0.6230407017996517,32,0.6153846153846154,6,0.5,0,4
2347167796,2016-04-28,sleep,0,0.5657894736842105,0.5657894736842105,0.5084745762711864,0.6571637426900585,13,0.5,0,0.6571637426900585,13,0.6856702619414484,6,0.5,0,4
2347167796,2016-04-28,steps,0,0.45465393794749404,0.45465393794749404,0.46153846153846156,0.7749176042732129,16,0.5,0,0.6290072889118236,32,0.6643356643356644,6,0.5,0,4
2347167796,2016-04-29,sleep,0,0.5657894736842105,0.5657894736842105,0.5686274509803921,0.6225761772853186,14,0.5,0,0.6225761772853186,14,0.7130124777183601,6,0.5,0,0
2347167796,2016-04-29,exercise,0,0.4105011933174224,0.4105011933174224,0.41025641025641024,0.41147754393577785,17,0.5,0,0.5910898965791568,34,0.641025641025641,6,0.5,0,0
2347167796,2016-04-29,steps,0,0.45465393794749404,0.45465393794749404,0.46153846153846156,0.7396940768062487,17,0.5,0,0.5967505048650634,34,0.6643356643356644,6,0.5,0,0
2873212765,2016-04-12,exercise,1,0.41333333333333333,0.41333333333333333,0.47692307692307695,0.41333333333333333,0,0.5,0,0.41333333333333333,0,0.47692307692307695,0,0.5,0,0
2873212765,2016-04-12,steps,1,0.46060606060606063,0.46060606060606063,0.4846153846153846,0.46060606060606063,0,0.5,0,0.46060606060606063,0,0.4846153846153846,0,0.5,0,0
2873212765,2016-04-13,exercise,0,0.41333333333333333,0.41333333333333333,0.46616541353383456,0.5111111111111111,1,0.5,0,0.5809523809523809,2,0.46616541353383456,0,0.5,0,2
2873212765,2016-04-13,steps,1,0.46060606060606063,0.46060606060606063,0.42857142857142855,0.5505050505050505,1,0.5,0,0.6147186147186147,2,0.42857142857142855,0,0.5,0,2
2873212765,2016-04-14,exercise,0,0.41333333333333333,0.41333333333333333,0.3671875,0.43809523809523804,2,0.5,0,0.5629629629629629,4,0.3671875,0,0.5,0,1
2873212765,2016-04-14,steps,1,0.46060606060606063,0.46060606060606063,0.4609375,0.6147186147186147,2,0.5,0,0.5892255892255892,4,0.4609375,0,0.5,0,1
2873212765,2016-04-15,exercise,0,0.41333333333333333,0.41333333333333333,0.4051724137931034,0.3833333333333333,3,0.5,0,0.5515151515151515,6,0.4051724137931034,0,0.5,0,1
2873212765,2016-04-15,steps,1,0.46060606060606063,0.46060606060606063,0.47413793103448276,0.6628787878787878,3,0.5,0,0.5730027548209367,6,0.47413793103448276,0,0.5,0,1
2873212765,2016-04-16,exercise,1,0.41333333333333333,0.41333333333333333,0.4074074074074074,0.34074074074074073,4,0.5,0,0.5435897435897435,8,0.4074074074074074,0,0.5,0,1
2873212765,2016-04-16,steps,1,0.46060606060606063,0.46060606060606063,0.5,0.7003367003367003,4,0.5,0,0.5617715617715617,8,0.5,0,0.5,0,1
2873212765,2016-04-17,exercise,0,0.41333333333333333,0.41333333333333333,0.3047619047619048,0.4066666666666666,5,0.5,0,0.6044444444444445,10,0.3047619047619048,0,0.5,0,3
2873212765,2016-04-17,steps,0,0.46060606060606063,0.46060606060606063,0.3619047619047619,0.7303030303030302,5,0.5,0,0.6202020202020202,10,0.3619047619047619,0,0.5,0,3
2873212765,2016-04-18,exercise,0,0.41333333333333333,0.41333333333333333,0.44761904761904764,0.3696969696969697,6,0.5,0,0.5333333333333333,12,0.44761904761904764,0,0.5,0,0
2873212765,2016-04-18,steps,0,0.46060606060606063,0.46060606060606063,0.5142857142857142,0.6639118457300275,6,0.5,0,0.5472370766488414,12,0.5142857142857142,0,0.5,0,0
2873212765,2016-04-19,steps,1,0.46060606060606063,0.46060606060606063,0.4846153846153846,0.6085858585858586,7,0.5,0,0.48963317384370014,14,0.631868131868132,2,0.5,0,0
2873212765,2016-04-19,exercise,0,0.41333333333333333,0.41333333333333333,0.47692307692307695,0.33888888888888885,7,0.5,0,0.47719298245614034,14,0.6263736263736265,2,0.5,0,0
2873212765,2016-04-20,exercise,0,0.41333333333333333,0.41333333333333333,0.46616541353383456,0.3128205128205128,8,0.5,0,0.4793650793650793,16,0.4758324382384532,2,0.5,0,0
2873212765,2016-04-20,steps,0,0.46060606060606063,0.46060606060606063,0.42857142857142855,0.6386946386946387,8,0.5,0,0.4906204906204906,16,0.4489795918367347,2,0.5,0,0
2873212765,2016-04-21,exercise,0,0.41333333333333333,0.41333333333333333,0.3671875,0.29047619047619044,9,0.5,0,0.43768115942028984,18,0.40513392857142855,2,0.5,0,0
2873212765,2016-04-21,steps,0,0.46060606060606063,0.46060606060606063,0.4609375,0.5930735930735931,9,0.5,0,0.4479578392621871,18,0.4720982142857143,2,0.5,0,0
2873212765,2016-04-22,exercise,1,0.41333333333333333,0.41333333333333333,0.4051724137931034,0.2711111111111111,10,0.5,0,0.4026666666666667,20,0.4322660098522167,2,0.5,0,0
2873212765,2016-04-22,steps,0,0.46060606060606063,0.46060606060606063,0.47413793103448276,0.5535353535353535,10,0.5,0,0.4121212121212121,20,0.4815270935960591,2,0.5,0,0
2873212765,2016-04-23,exercise,1,0.41333333333333333,0.41333333333333333,0.4074074074074074,0.31666666666666665,11,0.5,0,0.40987654320987654,22,0.5767195767195766,2,0.5,0,0
2873212765,2016-04-23,steps,1,0.46060606060606063,0.46060606060606063,0.5,0.5189393939393939,11,0.5,0,0.4186307519640853,22,0.6428571428571429,2,0.5,0,0
2873212765,2016-04-24,exercise,1,0.41333333333333333,0.41333333333333333,0.3047619047619048,0.3568627450980392,12,0.5,0,0.45057471264367815,24,0.217687074829932,2,0.5,0,2
2873212765,2016-04-24,steps,0,0.46060606060606063,0.46060606060606063,0.3619047619047619,0.5472370766488414,12,0.5,0,0.45872518286311387,24,0.2585034013605442,2,0.5,0,2
2873212765,2016-04-25,exercise,0,0.41333333333333333,0.41333333333333333,0.44761904761904764,0.3925925925925926,13,0.5,0,0.45376344086021503,26,0.3197278911564626,2,0.5,0,0
2873212765,2016-04-25,steps,0,0.46060606060606063,0.46060606060606063,0.5142857142857142,0.5168350168350169,13,0.5,0,0.4613880742913001,26,0.36734693877551017,2,0.5,0,0
2873212765,2016-04-26,steps,1,0.46060606060606063,0.46060606060606063,0.4846153846153846,0.48963317384370014,14,0.5,0,0.43342516069788795,28,0.6025641025641026,4,0.5,0,0
2873212765,2016-04-26,exercise,0,0.41333333333333333,0.41333333333333333,0.47692307692307695,0.3719298245614035,14,0.5,0,0.42626262626262623,28,0.5982905982905984,4,0.5,0,0
2873212765,2016-04-27,steps,0,0.46060606060606063,0.46060606060606063,0.42857142857142855,0.5151515151515151,15,0.5,0,0.43722943722943725,30,0.3492063492063492,4,0.5,0,0
2873212765,2016-04-27,exercise,1,0.41333333333333333,0.41333333333333333,0.46616541353383456,0.35333333333333333,15,0.5,0,0.43047619047619046,30,0.37009189640768586,4,0.5,0,0
2873212765,2016-04-28,exercise,0,0.41333333333333333,0.41333333333333333,0.3671875,0.3841269841269841,16,0.5,0,0.43423423423423424,32,0.3151041666666667,4,0.5,0,1
2873212765,2016-04-28,steps,1,0.46060606060606063,0.46060606060606063,0.4609375,0.4906204906204906,16,0.5,0,0.44062244062244066,32,0.3671875,4,0.5,0,1
2873212765,2016-04-29,exercise,1,0.41333333333333333,0.41333333333333333,0.4051724137931034,0.36666666666666664,17,0.5,0,0.4376068376068376,34,0.4473180076628352,4,0.5,0,1
2873212765,2016-04-29,steps,0,0.46060606060606063,0.46060606060606063,0.47413793103448276,0.5137741046831956,17,0.5,0,0.4436674436674437,34,0.48563218390804597,4,0.5,0,1
2873212765,2016-04-30,exercise,1,0.41333333333333333,0.41333333333333333,0.4074074074074074,0.3942028985507246,18,0.5,0,0.44065040650406506,36,0.6707818930041152,4,0.5,0,0
2873212765,2016-04-30,steps,0,0.46060606060606063,0.46060606060606063,0.5,0.4914361001317523,18,0.5,0,0.4464153732446416,36,0.7222222222222222,4,0.5,0,0
2873212765,2016-05-01,exercise,0,0.41333333333333333,0.41333333333333333,0.3047619047619048,0.41944444444444445,19,0.5,0,0.4434108527131783,38,0.2804232804232804,4,0.5,0,0
2873212765,2016-05-01,steps,0,0.46060606060606063,0.46060606060606063,0.3619047619047619,0.47095959595959597,19,0.5,0,0.44890768146582105,38,0.31216931216931215,4,0.5,0,0
2873212765,2016-05-02,exercise,0,0.41333333333333333,0.41333333333333333,0.44761904761904764,0.4026666666666667,20,0.5,0,0.4237037037037037,40,0.2486772486772487,4,0.5,0,0
2873212765,2016-05-02,steps,1,0.46060606060606063,0.46060606060606063,0.5142857142857142,0.4521212121212121,20,0.5,0,0.428956228956229,40,0.2857142857142857,4,0.5,0,0
2873212765,2016-05-03,exercise,0,0.41333333333333333,0.41333333333333333,0.47692307692307695,0.3871794871794872,21,0.5,0,0.4269503546099291,42,0.5804195804195804,6,0.5,0,1
2873212765,2016-05-03,steps,0,0.46060606060606063,0.46060606060606063,0.4846153846153846,0.47319347319347316,21,0.5,0,0.43197936814958093,42,0.583916083916084,6,0.5,0,1
2873212765,2016-05-04,exercise,0,0.41333333333333333,0.41333333333333333,0.46616541353383456,0.3728395061728395,22,0.5,0,0.4095238095238095,44,0.3937115516062884,6,0.5,0,0
2873212765,2016-05-04,steps,1,0.46060606060606063,0.46060606060606063,0.42857142857142855,0.4556677890011223,22,0.5,0,0.41434755720470007,44,0.3766233766233766,6,0.5,0,0
2873212765,2016-05-05,steps,1,0.46060606060606063,0.46060606060606063,0.4609375,0.4751082251082251,23,0.5,0,0.417706476530006,46,0.3913352272727273,6,0.5,0,1
2873212765,2016-05-05,exercise,0,0.41333333333333333,0.41333333333333333,0.3671875,0.3595238095238095,23,0.5,0,0.4130718954248366,46,0.3487215909090909,6,0.5,0,1
2873212765,2016-05-06,exercise,0,0.41333333333333333,0.41333333333333333,0.4051724137931034,0.3471264367816092,24,0.5,0,0.41635220125786165,48,0.4568965517241379,6,0.5,0,0
2873212765,2016-05-06,steps,0,0.46060606060606063,0.46060606060606063,0.47413793103448276,0.49320794148380354,24,0.5,0,0.4208118925100057,48,0.48824451410658304,6,0.5,0,0
2873212765,2016-05-07,exercise,1,0.41333333333333333,0.41333333333333333,0.4074074074074074,0.33555555555555555,25,0.5,0,0.4012121212121212,50,0.6397306397306397,6,0.5,0,0
2873212765,2016-05-07,steps,0,0.46060606060606063,0.46060606060606063,0.5,0.4767676767676768,25,0.5,0,0.40550964187327826,50,0.6818181818181818,6,0.5,0,0
2873212765,2016-05-08,exercise,1,0.41333333333333333,0.41333333333333333,0.3047619047619048,0.35698924731182796,26,0.5,0,0.4046783625730994,52,0.22943722943722944,6,0.5,0,0
2873212765,2016-05-08,steps,1,0.46060606060606063,0.46060606060606063,0.3619047619047619,0.4613880742913001,26,0.5,0,0.40882509303561937,52,0.25541125541125537,6,0.5,0,0
2873212765,2016-05-09,exercise,0,0.41333333333333333,0.41333333333333333,0.44761904761904764,0.3770833333333333,27,0.5,0,0.4248587570621469,54,0.2943722943722944,6,0.5,0,2
2873212765,2016-05-09,steps,1,0.46060606060606063,0.46060606060606063,0.5142857142857142,0.47821969696969696,27,0.5,0,0.42886492039034413,54,0.3246753246753247,6,0.5,0,2
2873212765,2016-05-10,exercise,0,0.41333333333333333,0.41333333333333333,0.47692307692307695,0.3656565656565656,28,0.5,0,0.4273224043715847,56,0.4911242603550296,8,0.5,0,1
2873212765,2016-05-10,steps,1,0.46060606060606063,0.46060606060606063,0.4846153846153846,0.4940312213039486,28,0.5,0,0.43119721808246403,56,0.4940828402366864,8,0.5,0,1
2873212765,2016-05-11,exercise,0,0.41333333333333333,0.41333333333333333,0.46616541353383456,0.35490196078431374,29,0.5,0,0.42962962962962964,58,0.41006362058993634,8,0.5,0,1
2873212765,2016-05-11,steps,0,0.46060606060606063,0.46060606060606063,0.42857142857142855,0.5089126559714795,29,0.5,0,0.4333814333814334,58,0.3956043956043956,8,0.5,0,1
2873212765,2016-05-12,exercise,0,0.41333333333333333,0.41333333333333333,0.3671875,0.34476190476190477,30,0.5,0,0.4164102564102564,60,0.3719951923076923,8,0.5,0,0
2873212765,2016-05-12,steps,0,0.46060606060606063,0.46060606060606063,0.4609375,0.4943722943722944,30,0.5,0,0.4200466200466201,60,0.40805288461538464,8,0.5,0,0
3372868164,2016-04-12,exercise,0,0.41626794258373206,0.41626794258373206,0.4772727272727273,0.41626794258373206,0,0.5,0,0.41626794258373206,0,0.4772727272727273,0,0.5,0,0
3372868164,2016-04-12,steps,0,0.46172248803827753,0.46172248803827753,0.5,0.46172248803827753,0,0.5,0,0.46172248803827753,0,0.5,0,0.5,0,0
3372868164,2016-04-13,exercise,1,0.41626794258373206,0.41626794258373206,0.4444444444444444,0.3468899521531101,1,0.5,0,0.2973342447026658,2,0.4444444444444444,0,0.5,0,0
3372868164,2016-04-13,steps,1,0.46172248803827753,0.46172248803827753,0.4222222222222222,0.3847687400318979,1,0.5,0,0.3298017771701982,2,0.4222222222222222,0,0.5,0,0
3372868164,2016-04-14,exercise,0,0.41626794258373206,0.41626794258373206,0.36153846153846153,0.44019138755980863,2,0.5,0,0.45348219032429565,4,0.36153846153846153,0,0.5,0,2
3372868164,2016-04-14,steps,0,0.46172248803827753,0.46172248803827753,0.46923076923076923,0.47265892002734106,2,0.5,0,0.47873471557682085,4,0.46923076923076923,0,0.5,0,2
3372868164,2016-04-15,exercise,0,0.41626794258373206,0.41626794258373206,0.4188034188034188,0.38516746411483255,3,0.5,0,0.3710308829926055,6,0.4188034188034188,0,0.5,0,0
3372868164,2016-04-15,steps,1,0.46172248803827753,0.46172248803827753,0.4700854700854701,0.41357655502392343,3,0.5,0,0.3916920400173989,6,0.4700854700854701,0,0.5,0,0
3372868164,2016-04-16,steps,0,0.46172248803827753,0.46172248803827753,0.5045871559633027,0.47873471557682085,4,0.5,0,0.4083548030916452,8,0.5045871559633027,0,0.5,0,1
3372868164,2016-04-16,exercise,0,0.41626794258373206,0.41626794258373206,0.44036697247706424,0.3423710792131845,4,0.5,0,0.39087228560912773,8,0.44036697247706424,0,0.5,0,1
3372868164,2016-04-17,exercise,0,0.41626794258373206,0.41626794258373206,0.32075471698113206,0.30813397129186604,5,0.5,0,0.33875598086124403,10,0.32075471698113206,0,0.5,0,0
3372868164,2016-04-17,steps,1,0.46172248803827753,0.46172248803827753,0.3584905660377358,0.4308612440191387,5,0.5,0,0.35390749601275917,10,0.3584905660377358,0,0.5,0,0
3372868164,2016-04-18,exercise,0,0.41626794258373206,0.41626794258373206,0.4392523364485981,0.28012179208351456,6,0.5,0,0.3577258654658036,12,0.4392523364485981,0,0.5,0,1
3372868164,2016-04-18,steps,1,0.46172248803827753,0.46172248803827753,0.5046728971962616,0.48260113092648976,6,0.5,0,0.3710948494230228,12,0.5046728971962616,0,0.5,0,1
3372868164,2016-04-19,exercise,0,0.41626794258373206,0.41626794258373206,0.4772727272727273,0.2567783094098884,7,0.5,0,0.3727020901536137,14,0.34090909090909094,2,0.5,0,1
3372868164,2016-04-19,steps,0,0.46172248803827753,0.46172248803827753,0.5,0.5257177033492823,7,0.5,0,0.38466381264165195,14,0.35714285714285715,2,0.5,0,1
3372868164,2016-04-20,exercise,1,0.41626794258373206,0.41626794258373206,0.4444444444444444,0.23702613176297388,8,0.5,0,0.33720665299612673,16,0.6031746031746031,2,0.5,0,0
3372868164,2016-04-20,steps,0,0.46172248803827753,0.46172248803827753,0.4222222222222222,0.4852778800147221,8,0.5,0,0.3480291638186375,16,0.5873015873015872,2,0.5,0,0
3372868164,2016-04-21,steps,1,0.46172248803827753,0.46172248803827753,0.46923076923076923,0.4506151742993848,9,0.5,0,0.361244019138756,18,0.3351648351648352,2,0.5,0,0
3372868164,2016-04-21,exercise,0,0.41626794258373206,0.41626794258373206,0.36153846153846153,0.2915242652084758,9,0.5,0,0.3513625962138548,18,0.25824175824175827,2,0.5,0,0
3372868164,2016-04-22,exercise,0,0.41626794258373206,0.41626794258373206,0.4188034188034188,0.2720893141945774,10,0.5,0,0.36325358851674644,20,0.44200244200244204,2,0.5,0,0
3372868164,2016-04-22,steps,0,0.46172248803827753,0.46172248803827753,0.4700854700854701,0.4872408293460925,10,0.5,0,0.3723444976076555,20,0.47863247863247865,2,0.5,0,0
3372868164,2016-04-23,exercise,0,0.41626794258373206,0.41626794258373206,0.44036697247706424,0.2550837320574163,11,0.5,0,0.3363459152932837,22,0.3145478374836173,2,0.5,0,0
3372868164,2016-04-23,steps,1,0.46172248803827753,0.46172248803827753,0.5045871559633027,0.4567882775119617,11,0.5,0,0.3447634237107921,22,0.3604193971166448,2,0.5,0,0
3372868164,2016-04-24,exercise,0,0.41626794258373206,0.41626794258373206,0.32075471698113206,0.24007880664227416,12,0.5,0,0.34763240389374694,24,0.3719676549865229,2,0.5,0,1
3372868164,2016-04-24,steps,0,0.46172248803827753,0.46172248803827753,0.3584905660377358,0.4887419082465522,12,0.5,0,0.3554693944893582,24,0.398921832884097,2,0.5,0,1
3372868164,2016-04-25,exercise,0,0.41626794258373206,0.41626794258373206,0.4392523364485981,0.22674109516214783,13,0.5,0,0.3252045068683439,26,0.4566088117489987,2,0.5,0,0
3372868164,2016-04-25,steps,1,0.46172248803827753,0.46172248803827753,0.5046728971962616,0.46158958001063266,13,0.5,0,0.33253588516746413,26,0.5033377837116154,2,0.5,0,0
3372868164,2016-04-26,steps,1,0.46172248803827753,0.46172248803827753,0.5,0.48992697053638884,14,0.5,0,0.3426852254603451,28,0.2777777777777778,4,0.5,0,1
3372868164,2016-04-26,exercise,0,0.41626794258373206,0.41626794258373206,0.4772727272727273,0.21480735331150846,14,0.5,0,0.3357981731187473,28,0.2651515151515152,4,0.5,0,1
3372868164,2016-04-27,exercise,1,0.41626794258373206,0.41626794258373206,0.4444444444444444,0.20406698564593304,15,0.5,0,0.34518113465481887,30,0.5802469135802469,4,0.5,0,0
3372868164,2016-04-27,steps,1,0.46172248803827753,0.46172248803827753,0.4222222222222222,0.5154306220095694,15,0.5,0,0.35167464114832536,30,0.5679012345679012,4,0.5,0,0
3372868164,2016-04-28,exercise,0,0.41626794258373206,0.41626794258373206,0.36153846153846153,0.24196855775803147,16,0.5,0,0.38057674899780164,32,0.31196581196581197,4,0.5,0,2
3372868164,2016-04-28,steps,0,0.46172248803827753,0.46172248803827753,0.46923076923076923,0.5385053542948279,16,0.5,0,0.38671925514030775,32,0.3717948717948718,4,0.5,0,2
3372868164,2016-04-29,exercise,0,0.41626794258373206,0.41626794258373206,0.4188034188034188,0.23096998695084822,17,0.5,0,0.36105999263894,34,0.34377967711301044,4,0.5,0,0
3372868164,2016-04-29,steps,0,0.46172248803827753,0.46172248803827753,0.4700854700854701,0.5140278381905176,17,0.5,0,0.3668874984664458,34,0.37226970560303896,4,0.5,0,0
3372868164,2016-04-30,exercise,0,0.41626794258373206,0.41626794258373206,0.44036697247706424,0.22092781360515917,18,0.5,0,0.34344731007118684,36,0.35575942915392456,4,0.5,0,0
3372868164,2016-04-30,steps,0,0.46172248803827753,0.46172248803827753,0.5045871559633027,0.49167880174745165,18,0.5,0,0.3489905473217412,36,0.3914373088685015,4,0.5,0,0
3372868164,2016-05-01,exercise,0,0.41626794258373206,0.41626794258373206,0.32075471698113206,0.21172248803827753,19,0.5,0,0.32747301657950373,38,0.2893081761006289,4,0.5,0,0
3372868164,2016-05-01,steps,0,0.46172248803827753,0.46172248803827753,0.3584905660377358,0.4711921850079745,19,0.5,0,0.3327584288416602,38,0.310272536687631,4,0.5,0,0
3977333714,2016-04-12,exercise,1,0.39588377723970947,0.39588377723970947,0.4461538461538462,0.39588377723970947,0,0.5,0,0.39588377723970947,0,0.4461538461538462,0,0.5,0,0
3977333714,2016-04-12,sleep,0,0.6076294277929155,0.6076294277929155,0.4576271186440678,0.6076294277929155,0,0.5,0,0.6076294277929155,0,0.4576271186440678,0,0.5,0,0
3977333714,2016-04-12,steps,1,0.4539951573849879,0.4539951573849879,0.4846153846153846,0.4539951573849879,0,0.5,0,0.4539951573849879,0,0.4846153846153846,0,0.5,0,0
3977333714,2016-04-13,exercise,1,0.39588377723970947,0.39588377723970947,0.45112781954887216,0.49656981436642456,1,0.5,0,0.5684884123140782,2,0.45112781954887216,0,0.5,0,1
3977333714,2016-04-13,sleep,0,0.6076294277929155,0.6076294277929155,0.7096774193548387,0.5063578564940963,1,0.5,0,0.5063578564940963,1,0.7096774193548387,0,0.5,0,1
3977333714,2016-04-13,steps,1,0.4539951573849879,0.4539951573849879,0.42105263157894735,0.5449959644874899,1,0.5,0,0.6099965409892771,2,0.42105263157894735,0,0.5,0,1
3977333714,2016-04-14,exercise,0,0.39588377723970947,0.39588377723970947,0.35658914728682173,0.5684884123140782,2,0.5,0,0.6643798762442831,4,0.35658914728682173,0,0.5,0,1
3977333714,2016-04-14,sleep,0,0.6076294277929155,0.6076294277929155,0.5517241379310345,0.4340210198520825,2,0.5,0,0.4340210198520825,2,0.5517241379310345,0,0.5,0,1
3977333714,2016-04-14,steps,1,0.4539951573849879,0.4539951573849879,0.46511627906976744,0.6099965409892771,2,0.5,0,0.6966639763249933,4,0.46511627906976744,0,0.5,0,1
3977333714,2016-04-15,steps,0,0.4539951573849879,0.4539951573849879,0.4827586206896552,0.6587469733656175,3,0.5,0,0.6609068897204491,6,0.4827586206896552,0,0.5,0,1
3977333714,2016-04-15,sleep,1,0.6076294277929155,0.6076294277929155,0.6,0.3797683923705722,3,0.5,0,0.3797683923705722,3,0.6,0,0.5,0,1
3977333714,2016-04-15,exercise,1,0.39588377723970947,0.39588377723970947,0.39655172413793105,0.4974273607748184,3,0.5,0,0.6344926260180498,6,0.39655172413793105,0,0.5,0,1
3977333714,2016-04-16,exercise,1,0.39588377723970947,0.39588377723970947,0.4074074074074074,0.5532687651331719,4,0.5,0,0.6138014527845036,8,0.4074074074074074,0,0.5,0,2
3977333714,2016-04-16,sleep,0,0.6076294277929155,0.6076294277929155,0.5714285714285714,0.4486830154405086,4,0.5,0,0.4486830154405086,4,0.5714285714285714,0,0.5,0,2
3977333714,2016-04-16,steps,1,0.4539951573849879,0.4539951573849879,0.48148148148148145,0.5855528652138822,4,0.5,0,0.6361519836096108,8,0.48148148148148145,0,0.5,0,2
3977333714,2016-04-17,exercise,1,0.39588377723970947,0.39588377723970947,0.2857142857142857,0.5979418886198548,5,0.5,0,0.6652945924132365,10,0.2857142857142857,0,0.5,0,1
3977333714,2016-04-17,sleep,0,0.6076294277929155,0.6076294277929155,0.75,0.40381471389645773,5,0.5,0,0.40381471389645773,5,0.75,0,0.5,0,1
3977333714,2016-04-17,steps,0,0.4539951573849879,0.4539951573849879,0.34285714285714286,0.626997578692494,5,0.5,0,0.6846650524616626,10,0.34285714285714286,0,0.5,0,1
3977333714,2016-04-18,exercise,1,0.39588377723970947,0.39588377723970947,0.4095238095238095,0.6344926260180498,6,0.5,0,0.6458481697763852,12,0.4095238095238095,0,0.5,0,0
3977333714,2016-04-18,sleep,0,0.6076294277929155,0.6076294277929155,0.6341463414634146,0.3671042853604161,6,0.5,0,0.3671042853604161,6,0.6341463414634146,0,0.5,0,0
3977333714,2016-04-18,steps,1,0.4539951573849879,0.4539951573849879,0.49523809523809526,0.5699977988113581,6,0.5,0,0.6629397521720553,12,0.49523809523809526,0,0.5,0,0
3977333714,2016-04-19,steps,1,0.4539951573849879,0.4539951573849879,0.4846153846153846,0.6058313155770784,7,0.5,0,0.6984197782592073,14,0.5528846153846154,3,0.5,0,1
3977333714,2016-04-19,exercise,1,0.39588377723970947,0.39588377723970947,0.4461538461538462,0.6649515738498789,7,0.5,0,0.6831273097999236,14,0.5288461538461539,3,0.5,0,1
3977333714,2016-04-19,sleep,0,0.6076294277929155,0.6076294277929155,0.4576271186440678,0.33651226158038144,7,0.5,0,0.33651226158038144,7,0.5360169491525424,3,0.5,0,1
3977333714,2016-04-20,exercise,1,0.39588377723970947,0.39588377723970947,0.45112781954887216,0.6907245297075806,8,0.5,0,0.7133056612475499,16,0.5319548872180451,3,0.5,0,0
3977333714,2016-04-20,sleep,0,0.6076294277929155,0.6076294277929155,0.7096774193548387,0.3106267029972752,8,0.5,0,0.3106267029972752,8,0.6935483870967742,3,0.5,0,0
3977333714,2016-04-20,steps,1,0.4539951573849879,0.4539951573849879,0.42105263157894735,0.6361519836096108,8,0.5,0,0.7271417041392828,16,0.513157894736842,3,0.5,0,0
3977333714,2016-04-21,exercise,0,0.39588377723970947,0.39588377723970947,0.35658914728682173,0.7128156347284678,9,0.5,0,0.738235603747763,18,0.3478682170542636,3,0.5,0,1
3977333714,2016-04-21,sleep,0,0.6076294277929155,0.6076294277929155,0.5517241379310345,0.28843908135461266,9,0.5,0,0.28843908135461266,9,0.4698275862068966,3,0.5,0,1
3977333714,2016-04-21,steps,0,0.4539951573849879,0.4539951573849879,0.46511627906976744,0.6621411276374957,9,0.5,0,0.7508685124749973,18,0.41569767441860467,3,0.5,0,1
3977333714,2016-04-22,steps,0,0.4539951573849879,0.4539951573849879,0.4827586206896552,0.617998385794996,10,0.5,0,0.6907990314769975,20,0.5517241379310345,3,0.5,0,0
3977333714,2016-04-22,sleep,0,0.6076294277929155,0.6076294277929155,0.6,0.26920980926430516,10,0.5,0,0.26920980926430516,10,0.625,3,0.5,0,0
3977333714,2016-04-22,exercise,0,0.39588377723970947,0.39588377723970947,0.39655172413793105,0.6652945924132365,10,0.5,0,0.679176755447942,20,0.4978448275862069,3,0.5,0,0
3977333714,2016-04-23,exercise,1,0.39588377723970947,0.39588377723970947,0.4074074074074074,0.6237136803874093,11,0.5,0,0.6288673661555018,22,0.5046296296296295,3,0.5,0,0
3977333714,2016-04-23,sleep,0,0.6076294277929155,0.6076294277929155,0.5714285714285714,0.25238419618528607,11,0.5,0,0.25238419618528607,11,0.6071428571428571,3,0.5,0,0
3977333714,2016-04-23,steps,1,0.4539951573849879,0.4539951573849879,0.48148148148148145,0.5793734866828087,11,0.5,0,0.6396287328490717,22,0.5509259259259259,3,0.5,0,0
3977333714,2016-04-24,exercise,1,0.39588377723970947,0.39588377723970947,0.2857142857142857,0.6458481697763852,12,0.5,0,0.6544627202137431,24,0.30357142857142855,3,0.5,0,2
3977333714,2016-04-24,sleep,0,0.6076294277929155,0.6076294277929155,0.75,0.2375380669979163,12,0.5,0,0.2375380669979163,12,0.59375,3,0.5,0,2
3977333714,2016-04-24,steps,1,0.4539951573849879,0.4539951573849879,0.34285714285714286,0.6041162227602905,12,0.5,0,0.6644819236870668,24,0.3392857142857143,3,0.5,0,2
3977333714,2016-04-25,sleep,0,0.6076294277929155,0.6076294277929155,0.6341463414634146,0.2243415077202543,13,0.5,0,0.2243415077202543,13,0.6463414634146342,3,0.5,0,2
3977333714,2016-04-25,steps,1,0.4539951573849879,0.4539951573849879,0.49523809523809526,0.6261097659402745,13,0.5,0,0.6861282511911271,26,0.5595238095238095,3,0.5,0,2
3977333714,2016-04-25,exercise,1,0.39588377723970947,0.39588377723970947,0.4095238095238095,0.6655232714554749,13,0.5,0,0.6767554479418887,26,0.5059523809523809,3,0.5,0,2
3977333714,2016-04-26,steps,0,0.4539951573849879,0.4539951573849879,0.4846153846153846,0.645788199311839,14,0.5,0,0.7051507814219679,28,0.583916083916084,6,0.5,0,1
3977333714,2016-04-26,sleep,0,0.6076294277929155,0.6076294277929155,0.4576271186440678,0.21253405994550406,14,0.5,0,0.21253405994550406,14,0.5716486902927581,6,0.5,0,1
3977333714,2016-04-26,exercise,1,0.39588377723970947,0.39588377723970947,0.4461538461538462,0.6831273097999236,14,0.5,0,0.6963460268545014,28,0.5664335664335665,6,0.5,0,1
3977333714,2016-04-27,exercise,0,0.39588377723970947,0.39588377723970947,0.45112781954887216,0.6989709443099275,15,0.5,0,0.685126253891387,30,0.5686944634313055,6,0.5,0,1
3977333714,2016-04-27,sleep,0,0.6076294277929155,0.6076294277929155,0.7096774193548387,0.20190735694822887,15,0.5,0,0.20190735694822887,15,0.686217008797654,6,0.5,0,1
3977333714,2016-04-27,steps,0,0.4539951573849879,0.4539951573849879,0.42105263157894735,0.613498789346247,15,0.5,0,0.6934278796264268,30,0.555023923444976,6,0.5,0,1
3977333714,2016-04-28,exercise,0,0.39588377723970947,0.39588377723970947,0.35658914728682173,0.6656866136285023,16,0.5,0,0.6480924023296905,32,0.25299506694855534,6,0.5,0,0
3977333714,2016-04-28,sleep,0,0.6076294277929155,0.6076294277929155,0.5517241379310345,0.1922927209030751,16,0.5,0,0.1922927209030751,16,0.34169278996865204,6,0.5,0,0
3977333714,2016-04-28,steps,0,0.4539951573849879,0.4539951573849879,0.46511627906976744,0.58428456128214,16,0.5,0,0.6559452915385119,32,0.3023255813953489,6,0.5,0,0
3977333714,2016-04-29,sleep,0,0.6076294277929155,0.6076294277929155,0.6,0.18355214268020806,17,0.5,0,0.18355214268020806,17,0.45454545454545453,6,0.5,0,0
3977333714,2016-04-29,steps,0,0.4539951573849879,0.4539951573849879,0.4827586206896552,0.5577261721329518,17,0.5,0,0.6223070714596138,34,0.4012539184952978,6,0.5,0,0
3977333714,2016-04-29,exercise,1,0.39588377723970947,0.39588377723970947,0.39655172413793105,0.6354281311908431,17,0.5,0,0.6148568945179115,34,0.3620689655172414,6,0.5,0,0
3977333714,2016-04-30,exercise,1,0.39588377723970947,0.39588377723970947,0.4074074074074074,0.6512790820086325,18,0.5,0,0.6092541191755744,36,0.5488215488215488,6,0.5,0,1
3977333714,2016-04-30,sleep,0,0.6076294277929155,0.6076294277929155,0.5714285714285714,0.1755716147375903,18,0.5,0,0.1755716147375903,18,0.6233766233766234,6,0.5,0,1
3977333714,2016-04-30,steps,1,0.4539951573849879,0.4539951573849879,0.48148148148148145,0.5334772081271713,18,0.5,0,0.6163408728518278,36,0.5824915824915825,6,0.5,0,1
3977333714,2016-05-01,exercise,1,0.39588377723970947,0.39588377723970947,0.2857142857142857,0.6658091202582729,19,0.5,0,0.6274283461906639,38,0.4025974025974026,6,0.5,0,2
3977333714,2016-05-01,sleep,0,0.6076294277929155,0.6076294277929155,0.75,0.16825613079019072,19,0.5,0,0.16825613079019072,19,0.6136363636363636,6,0.5,0,2
3977333714,2016-05-01,steps,1,0.4539951573849879,0.4539951573849879,0.34285714285714286,0.5529156577885391,19,0.5,0,0.634185483416859,38,0.4285714285714286,6,0.5,0,2
3977333714,2016-05-02,steps,1,0.4539951573849879,0.4539951573849879,0.49523809523809526,0.5707990314769976,20,0.5,0,0.6504439063761097,40,0.5887445887445888,6,0.5,0,2
3977333714,2016-05-02,exercise,1,0.39588377723970947,0.39588377723970947,0.4095238095238095,0.679176755447942,20,0.5,0,0.6439870863599677,40,0.5497835497835498,6,0.5,0,2
3977333714,2016-05-02,sleep,0,0.6076294277929155,0.6076294277929155,0.6341463414634146,0.16152588555858308,20,0.5,0,0.16152588555858308,20,0.6518847006651884,6,0.5,0,2
3977333714,2016-05-03,sleep,0,0.6076294277929155,0.6076294277929155,0.4576271186440678,0.1553133514986376,21,0.5,0,0.1553133514986376,21,0.5205811138014528,9,0.5,0,0
3977333714,2016-05-03,steps,1,0.4539951573849879,0.4539951573849879,0.4846153846153846,0.5873067610355747,21,0.5,0,0.6653186337643604,42,0.5302197802197802,9,0.5,0,0
3977333714,2016-05-03,exercise,1,0.39588377723970947,0.39588377723970947,0.4461538461538462,0.6915161110076364,21,0.5,0,0.6591365720467777,42,0.5164835164835165,9,0.5,0,0
3977333714,2016-05-04,exercise,1,0.39588377723970947,0.39588377723970947,0.45112781954887216,0.7029414402295758,22,0.5,0,0.6730493650244601,44,0.4468313641245972,9,0.5,0,1
3977333714,2016-05-04,sleep,0,0.6076294277929155,0.6076294277929155,0.7096774193548387,0.14956100514683618,22,0.5,0,0.14956100514683618,22,0.5391705069124424,9,0.5,0,1
3977333714,2016-05-04,steps,1,0.4539951573849879,0.4539951573849879,0.42105263157894735,0.6025916958120348,22,0.5,0,0.6789790976923457,44,0.43609022556390975,9,0.5,0,1
3977333714,2016-05-05,exercise,1,0.39588377723970947,0.39588377723970947,0.35658914728682173,0.713550674507091,23,0.5,0,0.6858709585529127,46,0.19878183831672205,9,0.5,0,2
3977333714,2016-05-05,sleep,0,0.6076294277929155,0.6076294277929155,0.5517241379310345,0.14421954067730633,23,0.5,0,0.14421954067730633,23,0.2684729064039409,9,0.5,0,2
3977333714,2016-05-05,steps,1,0.4539951573849879,0.4539951573849879,0.46511627906976744,0.6167848495330335,23,0.5,0,0.6915681526848028,46,0.23754152823920266,9,0.5,0,2
3977333714,2016-05-06,exercise,1,0.39588377723970947,0.39588377723970947,0.39655172413793105,0.7234282374551223,24,0.5,0,0.6977248846452555,48,0.35591133004926107,9,0.5,0,2
3977333714,2016-05-06,sleep,0,0.6076294277929155,0.6076294277929155,0.6,0.13924645306774402,24,0.5,0,0.13924645306774402,24,0.42857142857142855,9,0.5,0,2
3977333714,2016-05-06,steps,0,0.4539951573849879,0.4539951573849879,0.4827586206896552,0.6299991650663772,24,0.5,0,0.7032070903193385,48,0.38669950738916253,9,0.5,0,2
3977333714,2016-05-07,sleep,0,0.6076294277929155,0.6076294277929155,0.5714285714285714,0.13460490463215258,25,0.5,0,0.13460490463215258,25,0.6326530612244898,9,0.5,0,0
3977333714,2016-05-07,steps,1,0.4539951573849879,0.4539951573849879,0.48148148148148145,0.6089991928974979,25,0.5,0,0.6958177415804534,50,0.6005291005291006,9,0.5,0,0
3977333714,2016-05-07,exercise,1,0.39588377723970947,0.39588377723970947,0.4074074074074074,0.7326472962066183,25,0.5,0,0.6905348888399735,50,0.5740740740740741,9,0.5,0,0
3977333714,2016-05-08,exercise,1,0.39588377723970947,0.39588377723970947,0.2857142857142857,0.7412715769741467,26,0.5,0,0.7013933137929569,52,0.45918367346938777,9,0.5,0,1
3977333714,2016-05-08,sleep,0,0.6076294277929155,0.6076294277929155,0.75,0.1302628109343412,26,0.5,0,0.1302628109343412,26,0.625,9,0.5,0,1
3977333714,2016-05-08,steps,1,0.4539951573849879,0.4539951573849879,0.34285714285714286,0.621612122158869,26,0.5,0,0.7064908032793848,52,0.4795918367346939,9,0.5,0,1
3977333714,2016-05-09,exercise,1,0.39588377723970947,0.39588377723970947,0.4095238095238095,0.7493568401937046,27,0.5,0,0.7115155743423482,54,0.5748299319727891,9,0.5,0,2
3977333714,2016-05-09,steps,1,0.4539951573849879,0.4539951573849879,0.49523809523809526,0.6334367433414043,27,0.5,0,0.7164402675749989,54,0.6054421768707483,9,0.5,0,2
3977333714,2016-05-10,exercise,1,0.39588377723970947,0.39588377723970947,0.4461538461538462,0.7569520874605621,28,0.5,0,0.7209740801016155,56,0.5429864253393665,12,0.5,0,4
3977333714,2016-05-10,sleep,0,0.6076294277929155,0.6076294277929155,0.4576271186440678,0.12619209809264303,27,0.5,0,0.12619209809264303,27,0.5463609172482552,12,0.5,0,4
3977333714,2016-05-10,steps,1,0.4539951573849879,0.4539951573849879,0.4846153846153846,0.6445447208159072,28,0.5,0,0.725737307982376,56,0.5542986425339367,12,0.5,0,4
3977333714,2016-05-11,exercise,0,0.39588377723970947,0.39588377723970947,0.45112781954887216,0.7641005554764279,29,0.5,0,0.7298320458126754,58,0.48562582927908005,12,0.5,0,2
3977333714,2016-05-11,steps,0,0.4539951573849879,0.4539951573849879,0.42105263157894735,0.6549992878507335,29,0.5,0,0.7344440601099197,58,0.4767801857585139,12,0.5,0,2
4020332650,2016-04-12,exercise,1,0.4135876042908224,0.4135876042908224,0.4696969696969697,0.4135876042908224,0,0.5,0,0.4135876042908224,0,0.4696969696969697,0,0.5,0,0
4020332650,2016-04-12,sleep,1,0.5670103092783505,0.5670103092783505,0.4098360655737705,0.5670103092783505,0,0.5,0,0.5670103092783505,0,0.4098360655737705,0,0.5,0,0
4020332650,2016-04-12,steps,0,0.4684147794994041,0.4684147794994041,0.5075757575757576,0.4684147794994041,0,0.5,0,0.4684147794994041,0,0.5075757575757576,0,0.5,0,0
4020332650,2016-04-14,exercise,0,0.4135876042908224,0.4135876042908224,0.35384615384615387,0.5113230035756854,1,0.5,0,0.4382768602077303,2,0.35384615384615387,0,0.5,0,0
4020332650,2016-04-14,steps,0,0.4684147794994041,0.4684147794994041,0.46923076923076923,0.39034564958283674,1,0.5,0,0.47743912821386003,2,0.46923076923076923,0,0.5,0,0
4020332650,2016-04-15,exercise,0,0.4135876042908224,0.4135876042908224,0.4152542372881356,0.4382768602077303,2,0.5,0,0.34088200238379024,4,0.4152542372881356,0,0.5,0,0
4020332650,2016-04-15,steps,0,0.4684147794994041,0.4684147794994041,0.4745762711864407,0.3345819853567172,2,0.5,0,0.3713415441663356,4,0.4745762711864407,0,0.5,0,0
4020332650,2016-04-16,exercise,1,0.4135876042908224,0.4135876042908224,0.42727272727272725,0.383492252681764,3,0.5,0,0.2789034564958284,6,0.42727272727272725,0,0.5,0,0
4020332650,2016-04-16,steps,0,0.4684147794994041,0.4684147794994041,0.509090909090909,0.29275923718712754,3,0.5,0,0.3038248997724564,6,0.509090909090909,0,0.5,0,0
4020332650,2016-04-17,steps,0,0.4684147794994041,0.4684147794994041,0.3644859813084112,0.2602304330552245,4,0.5,0,0.33400568442284767,8,0.3644859813084112,0,0.5,0,0
4020332650,2016-04-17,exercise,0,0.4135876042908224,0.4135876042908224,0.3177570093457944,0.45199311349490134,4,0.5,0,0.312918309342624,8,0.3177570093457944,0,0.5,0,0
4020332650,2016-04-18,exercise,0,0.4135876042908224,0.4135876042908224,0.44339622641509435,0.4067938021454112,5,0.5,0,0.2711958680969408,10,0.44339622641509435,0,0.5,0,0
4020332650,2016-04-18,steps,0,0.4684147794994041,0.4684147794994041,0.5283018867924528,0.23420738974970204,5,0.5,0,0.289471593166468,10,0.5283018867924528,0,0.5,0,0
4020332650,2016-05-02,exercise,0,0.4135876042908224,0.4135876042908224,0.44339622641509435,0.36981254740491926,6,0.5,0,0.23929047185024188,12,0.316711590296496,2,0.5,0,0
4020332650,2016-05-02,steps,0,0.4684147794994041,0.4684147794994041,0.5283018867924528,0.21291580886336547,6,0.5,0,0.25541611161747174,12,0.3773584905660377,2,0.5,0,0
4020332650,2016-05-03,exercise,0,0.4135876042908224,0.4135876042908224,0.4696969696969697,0.338994835121176,7,0.5,0,0.2141020011291638,14,0.5435606060606061,3,0.5,0,0
4020332650,2016-05-03,sleep,0,0.5670103092783505,0.5670103092783505,0.4098360655737705,0.6391752577319587,1,0.5,0,0.6391752577319587,1,0.5061475409836066,3,0.5,0,0
4020332650,2016-05-03,steps,0,0.4684147794994041,0.4684147794994041,0.5075757575757576,0.19517282479141837,7,0.5,0,0.2285302051314221,14,0.5672348484848485,3,0.5,0,0
4020332650,2016-05-04,sleep,1,0.5670103092783505,0.5670103092783505,0.6615384615384615,0.5478645066273932,2,0.5,0,0.5478645066273932,2,0.6615384615384615,0,0.5,0,0
4020332650,2016-05-04,steps,1,0.4684147794994041,0.4684147794994041,0.4264705882352941,0.18015953057669387,8,0.5,0,0.2067654236903343,16,0.4264705882352941,0,0.5,0,0
4020332650,2016-05-04,exercise,1,0.4135876042908224,0.4135876042908224,0.45588235294117646,0.312918309342624,8,0.5,0,0.19371133435495771,16,0.45588235294117646,0,0.5,0,0
4020332650,2016-05-05,exercise,1,0.4135876042908224,0.4135876042908224,0.35384615384615387,0.361995572961008,9,0.5,0,0.2638233922371353,18,0.2527472527472528,2,0.5,0,3
4020332650,2016-05-05,sleep,0,0.5670103092783505,0.5670103092783505,0.5245901639344263,0.604381443298969,3,0.5,0,0.604381443298969,3,0.3747072599531616,2,0.5,0,3
4020332650,2016-05-05,steps,1,0.4684147794994041,0.4684147794994041,0.46923076923076923,0.23871956410693002,9,0.5,0,0.27574234336943565,18,0.3351648351648352,2,0.5,0,3
4020332650,2016-05-06,exercise,0,0.4135876042908224,0.4135876042908224,0.4152542372881356,0.40452920143027415,10,0.5,0,0.32271752085816446,20,0.29661016949152547,2,0.5,0,1
4020332650,2016-05-06,sleep,1,0.5670103092783505,0.5670103092783505,0.5660377358490566,0.5372279495990836,4,0.5,0,0.5372279495990836,4,0.40431266846361186,2,0.5,0,1
4020332650,2016-05-06,steps,0,0.4684147794994041,0.4684147794994041,0.4745762711864407,0.289471593166468,10,0.5,0,0.3336829558998808,20,0.3389830508474576,2,0.5,0,1
4020332650,2016-05-07,exercise,0,0.4135876042908224,0.4135876042908224,0.42727272727272725,0.379246126340882,11,0.5,0,0.29881251931311525,22,0.44805194805194803,2,0.5,0,0
4020332650,2016-05-07,steps,0,0.4684147794994041,0.4684147794994041,0.509090909090909,0.27137961859356374,11,0.5,0,0.30896569990729705,22,0.5064935064935064,2,0.5,0,0
4020332650,2016-05-08,sleep,0,0.5670103092783505,0.5670103092783505,0.7058823529411765,0.5835051546391752,5,0.5,0,0.5835051546391752,5,0.504201680672269,2,0.5,0,0
4020332650,2016-05-08,steps,0,0.4684147794994041,0.4684147794994041,0.3644859813084112,0.25541611161747174,12,0.5,0,0.2876577206033455,24,0.26034712950600797,2,0.5,0,0
4020332650,2016-05-08,exercise,0,0.4135876042908224,0.4135876042908224,0.3177570093457944,0.3569375306737713,12,0.5,0,0.2782047593604866,24,0.22696929238985314,2,0.5,0,0
4020332650,2016-05-09,exercise,0,0.4135876042908224,0.4135876042908224,0.44339622641509435,0.3371076678585618,13,0.5,0,0.26025606520819716,26,0.24633123689727465,4,0.5,0,0
4020332650,2016-05-09,steps,0,0.4684147794994041,0.4684147794994041,0.5283018867924528,0.24122632763872331,13,0.5,0,0.2690991579837748,26,0.29350104821802936,4,0.5,0,0
4020332650,2016-05-10,exercise,0,0.4135876042908224,0.4135876042908224,0.4696969696969697,0.3193651590239006,14,0.5,0,0.2444829703470943,28,0.3953168044077135,6,0.5,0,0
4020332650,2016-05-10,sleep,1,0.5670103092783505,0.5670103092783505,0.4098360655737705,0.5304592314901593,6,0.5,0,0.5304592314901593,6,0.3681073025335321,6,0.5,0,0
4020332650,2016-05-10,steps,0,0.4684147794994041,0.4684147794994041,0.5075757575757576,0.2285302051314221,14,0.5,0,0.2527901181059703,28,0.412534435261708,6,0.5,0,0
4020332650,2016-05-11,exercise,0,0.4135876042908224,0.4135876042908224,0.45588235294117646,0.3033969010727056,15,0.5,0,0.2305125148986889,30,0.6599264705882353,3,0.5,0,0
4020332650,2016-05-11,steps,0,0.4684147794994041,0.4684147794994041,0.4264705882352941,0.21710369487485098,15,0.5,0,0.23834496849991485,30,0.6415441176470589,3,0.5,0,0
4020332650,2016-05-12,exercise,0,0.4135876042908224,0.4135876042908224,0.35384615384615387,0.288949429593053,16,0.5,0,0.21805237895821922,32,0.3769230769230769,5,0.5,0,0
4020332650,2016-05-12,steps,0,0.4684147794994041,0.4684147794994041,0.46923076923076923,0.2067654236903343,16,0.5,0,0.22546145668910864,32,0.4346153846153847,5,0.5,0,0
4057192912,2016-04-12,exercise,0,0.4114888628370457,0.4114888628370457,0.4701492537313433,0.4114888628370457,0,0.5,0,0.4114888628370457,0,0.4701492537313433,0,0.5,0,0
4057192912,2016-04-12,steps,1,0.4618991793669402,0.4618991793669402,0.4925373134328358,0.4618991793669402,0,0.5,0,0.4618991793669402,0,0.4925373134328358,0,0.5,0,0
4057192912,2016-04-13,exercise,0,0.4114888628370457,0.4114888628370457,0.45985401459854014,0.34290738569753815,1,0.5,0,0.4367777591693184,2,0.45985401459854014,0,0.5,0,1
4057192912,2016-04-13,steps,0,0.4618991793669402,0.4618991793669402,0.4306569343065693,0.5515826494724502,1,0.5,0,0.47278512811924295,2,0.4306569343065693,0,0.5,0,1
4057192912,2016-04-15,exercise,0,0.4114888628370457,0.4114888628370457,0.4117647058823529,0.29392061631217553,2,0.5,0,0.3397160349094699,4,0.4117647058823529,0,0.5,0,0
4057192912,2016-04-15,steps,0,0.4618991793669402,0.4618991793669402,0.47058823529411764,0.47278512811924295,2,0.5,0,0.3677217663149668,4,0.47058823529411764,0,0.5,0,0
4319703577,2016-04-13,exercise,0,0.41646489104116224,0.41646489104116224,0.45864661654135336,0.41646489104116224,0,0.5,0,0.41646489104116224,0,0.45864661654135336,0,0.5,0,0
4319703577,2016-04-13,steps,1,0.46246973365617433,0.46246973365617433,0.41353383458646614,0.46246973365617433,0,0.5,0,0.46246973365617433,0,0.41353383458646614,0,0.5,0,0
4319703577,2016-04-14,exercise,0,0.41646489104116224,0.41646489104116224,0.3515625,0.3470540758676352,1,0.5,0,0.4403320650294016,2,0.3515625,0,0.5,0,1
4319703577,2016-04-14,sleep,1,0.5432432432432432,0.5432432432432432,0.5084745762711864,0.5432432432432432,0,0.5,0,0.5432432432432432,0,0.5084745762711864,0,0.5,0,1
4319703577,2016-04-14,steps,1,0.46246973365617433,0.46246973365617433,0.4609375,0.5520581113801453,1,0.5,0,0.47319266689726736,2,0.4609375,0,0.5,0,1
4319703577,2016-04-15,exercise,0,0.41646489104116224,0.41646489104116224,0.41379310344827586,0.29747492217225874,2,0.5,0,0.453591606133979,4,0.41379310344827586,0,0.5,0,2
4319703577,2016-04-15,sleep,1,0.5432432432432432,0.5432432432432432,0.54,0.6193693693693694,1,0.5,0,0.6193693693693694,1,0.54,0,0.5,0,2
4319703577,2016-04-15,steps,0,0.46246973365617433,0.46246973365617433,0.46551724137931033,0.6160498097544103,2,0.5,0,0.47914985203120797,4,0.46551724137931033,0,0.5,0,2
4319703577,2016-04-16,steps,0,0.46246973365617433,0.46246973365617433,0.5092592592592593,0.539043583535109,3,0.5,0,0.39203169711644287,6,0.5092592592592593,0,0.5,0,0
4319703577,2016-04-16,sleep,1,0.5432432432432432,0.5432432432432432,0.4897959183673469,0.6737451737451737,2,0.5,0,0.6737451737451737,2,0.4897959183673469,0,0.5,0,0
4319703577,2016-04-16,exercise,0,0.41646489104116224,0.41646489104116224,0.4351851851851852,0.2602905569007264,3,0.5,0,0.3711204050187101,6,0.4351851851851852,0,0.5,0,0
4319703577,2016-04-17,exercise,0,0.41646489104116224,0.41646489104116224,0.3238095238095238,0.2313693839117568,4,0.5,0,0.31402495809275466,8,0.3238095238095238,0,0.5,0,0
4319703577,2016-04-17,steps,0,0.46246973365617433,0.46246973365617433,0.37142857142857144,0.47914985203120797,4,0.5,0,0.33171912832929784,8,0.37142857142857144,0,0.5,0,0
4319703577,2016-04-18,exercise,0,0.41646489104116224,0.41646489104116224,0.44761904761904764,0.20823244552058112,5,0.5,0,0.2721549636803874,10,0.44761904761904764,0,0.5,0,0
4319703577,2016-04-18,sleep,1,0.5432432432432432,0.5432432432432432,0.55,0.714527027027027,3,0.5,0,0.714527027027027,3,0.55,0,0.5,0,0
4319703577,2016-04-18,steps,0,0.46246973365617433,0.46246973365617433,0.5047619047619047,0.43123486682808715,5,0.5,0,0.28748991121872475,10,0.5047619047619047,0,0.5,0,0
4319703577,2016-04-19,exercise,0,0.41646489104116224,0.41646489104116224,0.4732824427480916,0.18930222320052828,6,0.5,0,0.24013673265916533,12,0.4732824427480916,0,0.5,0,0
4319703577,2016-04-19,sleep,1,0.5432432432432432,0.5432432432432432,0.38333333333333336,0.7462462462462462,4,0.5,0,0.7462462462462462,4,0.38333333333333336,0,0.5,0,0
4319703577,2016-04-19,steps,0,0.46246973365617433,0.46246973365617433,0.5114503816793893,0.39203169711644287,6,0.5,0,0.2536675687224042,12,0.5114503816793893,0,0.5,0,0
4319703577,2016-04-20,sleep,1,0.5432432432432432,0.5432432432432432,0.6666666666666666,0.7716216216216216,5,0.5,0,0.7716216216216216,5,0.619047619047619,2,0.5,0,0
4319703577,2016-04-20,steps,0,0.46246973365617433,0.46246973365617433,0.41353383458646614,0.35936238902340595,7,0.5,0,0.22696571938320376,14,0.4382384532760472,2,0.5,0,0
4319703577,2016-04-20,exercise,1,0.41646489104116224,0.41646489104116224,0.45864661654135336,0.1735270379338176,7,0.5,0,0.2148591818529374,14,0.47046186895810954,2,0.5,0,0
4319703577,2016-04-21,exercise,0,0.41646489104116224,0.41646489104116224,0.3515625,0.2371018811696778,8,0.5,0,0.24201545024789575,16,0.4697265625,3,0.5,0,2
4319703577,2016-04-21,steps,0,0.46246973365617433,0.46246973365617433,0.4609375,0.33171912832929784,8,0.5,0,0.25296898420385105,16,0.5380859375,3,0.5,0,2
4319703577,2016-04-22,exercise,0,0.41646489104116224,0.41646489104116224,0.41379310344827586,0.2201660325147008,9,0.5,0,0.22097062848720916,18,0.38362068965517243,3,0.5,0,0
4319703577,2016-04-22,sleep,1,0.5432432432432432,0.5432432432432432,0.54,0.7923832923832923,6,0.5,0,0.7923832923832923,6,0.4625,3,0.5,0,0
4319703577,2016-04-22,steps,0,0.46246973365617433,0.46246973365617433,0.46551724137931033,0.30802490487720513,9,0.5,0,0.23097168122960313,18,0.41594827586206895,3,0.5,0,0
4319703577,2016-04-23,exercise,0,0.41646489104116224,0.41646489104116224,0.4351851851851852,0.20548829701372073,10,0.5,0,0.20329297820823242,20,0.39699074074074076,3,0.5,0,0
4319703577,2016-04-23,sleep,1,0.5432432432432432,0.5432432432432432,0.4897959183673469,0.8096846846846847,7,0.5,0,0.8096846846846847,7,0.43112244897959184,3,0.5,0,0
4319703577,2016-04-23,steps,0,0.46246973365617433,0.46246973365617433,0.5092592592592593,0.28748991121872475,10,0.5,0,0.21249394673123487,20,0.4432870370370371,3,0.5,0,0
4319703577,2016-04-24,sleep,1,0.5432432432432432,0.5432432432432432,0.673469387755102,0.8243243243243243,8,0.5,0,0.8243243243243243,8,0.4810495626822157,2,0.5,0,0
4319703577,2016-04-24,steps,0,0.46246973365617433,0.46246973365617433,0.37142857142857144,0.2695217917675545,11,0.5,0,0.19675365438077302,22,0.2653061224489796,2,0.5,0,0
4319703577,2016-04-24,exercise,0,0.41646489104116224,0.41646489104116224,0.3238095238095238,0.1926452784503632,11,0.5,0,0.1882342390816967,22,0.23129251700680273,2,0.5,0,0
4319703577,2016-04-25,exercise,0,0.41646489104116224,0.41646489104116224,0.44761904761904764,0.18131320324740066,12,0.5,0,0.17525256742089002,24,0.40476190476190477,3,0.5,0,0
4319703577,2016-04-25,sleep,1,0.5432432432432432,0.5432432432432432,0.55,0.8368725868725868,9,0.5,0,0.8368725868725868,9,0.46875,3,0.5,0,0
4319703577,2016-04-25,steps,1,0.46246973365617433,0.46246973365617433,0.5047619047619047,0.2536675687224042,12,0.5,0,0.18318443683727142,24,0.44047619047619047,3,0.5,0,0
4319703577,2016-04-26,exercise,0,0.41646489104116224,0.41646489104116224,0.4732824427480916,0.17124024751143396,13,0.5,0,0.1962040146840584,26,0.4208015267175573,3,0.5,0,1
4319703577,2016-04-26,sleep,1,0.5432432432432432,0.5432432432432432,0.38333333333333336,0.8477477477477477,10,0.5,0,0.8477477477477477,10,0.36458333333333337,3,0.5,0,1
4319703577,2016-04-26,steps,0,0.46246973365617433,0.46246973365617433,0.5114503816793893,0.2951304815711595,13,0.5,0,0.20362415058970554,26,0.4446564885496183,3,0.5,0,1
4319703577,2016-04-27,sleep,0,0.5432432432432432,0.5432432432432432,0.6666666666666666,0.8572635135135135,11,0.5,0,0.8572635135135135,11,0.6333333333333333,5,0.5,0,0
4319703577,2016-04-27,steps,1,0.46246973365617433,0.46246973365617433,0.41353383458646614,0.2795972983305722,14,0.5,0,0.19128329297820823,28,0.506766917293233,5,0.5,0,0
4319703577,2016-04-27,exercise,0,0.41646489104116224,0.41646489104116224,0.45864661654135336,0.162227602905569,14,0.5,0,0.18431286227896396,28,0.5293233082706766,5,0.5,0,0
4319703577,2016-04-28,steps,1,0.46246973365617433,0.46246973365617433,0.4609375,0.3156174334140436,15,0.5,0,0.20892424766516776,30,0.43046875,5,0.5,0,0
4319703577,2016-04-28,exercise,1,0.41646489104116224,0.41646489104116224,0.3515625,0.15411622276029055,15,0.5,0,0.2023521272915946,30,0.37578125,5,0.5,0,0
4319703577,2016-04-28,sleep,1,0.5432432432432432,0.5432432432432432,0.5084745762711864,0.8068362480127186,12,0.5,0,0.8068362480127186,12,0.4542372881355933,5,0.5,0,0
4319703577,2016-04-29,exercise,0,0.41646489104116224,0.41646489104116224,0.41379310344827586,0.19439640262884814,16,0.5,0,0.24546822851907596,32,0.36990595611285265,6,0.5,0,3
4319703577,2016-04-29,sleep,1,0.5432432432432432,0.5432432432432432,0.54,0.8175675675675675,13,0.5,0,0.8175675675675675,13,0.4272727272727273,6,0.5,0,3
4319703577,2016-04-29,steps,1,0.46246973365617433,0.46246973365617433,0.46551724137931033,0.3482070794419463,16,0.5,0,0.2516850991427263,32,0.3934169278996865,6,0.5,0,3
4319703577,2016-04-30,exercise,1,0.41646489104116224,0.41646489104116224,0.4351851851851852,0.18556020250935504,17,0.5,0,0.2585211398770721,34,0.3796296296296296,6,0.5,0,1
4319703577,2016-04-30,sleep,1,0.5432432432432432,0.5432432432432432,0.4897959183673469,0.8271692745376956,14,0.5,0,0.8271692745376956,14,0.4044526901669759,6,0.5,0,1
4319703577,2016-04-30,steps,1,0.46246973365617433,0.46246973365617433,0.5092592592592593,0.3778340303764033,17,0.5,0,0.26441919662258645,34,0.41329966329966333,6,0.5,0,1
4319703577,2016-05-01,exercise,0,0.41646489104116224,0.41646489104116224,0.3238095238095238,0.22097062848720916,18,0.5,0,0.29469084037087345,36,0.2619047619047619,5,0.5,0,5
4319703577,2016-05-01,sleep,1,0.5432432432432432,0.5432432432432432,0.673469387755102,0.8358108108108109,15,0.5,0,0.8358108108108109,15,0.43673469387755104,5,0.5,0,5
4319703577,2016-05-01,steps,0,0.46246973365617433,0.46246973365617433,0.37142857142857144,0.404884724707864,18,0.5,0,0.3003011870312408,36,0.2857142857142857,5,0.5,0,5
4319703577,2016-05-02,steps,1,0.46246973365617433,0.46246973365617433,0.5047619047619047,0.38801452784503637,19,0.5,0,0.2863336899600203,38,0.5021645021645021,6,0.5,0,0
4319703577,2016-05-02,exercise,0,0.41646489104116224,0.41646489104116224,0.44761904761904764,0.2117635189669088,19,0.5,0,0.28098428965594907,38,0.4761904761904762,6,0.5,0,0
4319703577,2016-05-02,sleep,1,0.5432432432432432,0.5432432432432432,0.55,0.8436293436293437,16,0.5,0,0.8436293436293437,16,0.5227272727272727,6,0.5,0,0
4319703577,2016-05-03,exercise,0,0.41646489104116224,0.41646489104116224,0.4732824427480916,0.20329297820823242,20,0.5,0,0.2907183212267958,40,0.39694656488549623,6,0.5,0,2
4319703577,2016-05-03,sleep,1,0.5432432432432432,0.5432432432432432,0.38333333333333336,0.8507371007371008,17,0.5,0,0.8507371007371008,17,0.3560606060606061,6,0.5,0,2
4319703577,2016-05-03,steps,0,0.46246973365617433,0.46246973365617433,0.5114503816793893,0.4124939467312349,20,0.5,0,0.2958299704062416,40,0.414295628036086,6,0.5,0,2
4319703577,2016-05-04,exercise,1,0.41646489104116224,0.41646489104116224,0.45864661654135336,0.1954740175079158,21,0.5,0,0.2783473288341662,42,0.4840948525159051,8,0.5,0,0
4319703577,2016-05-04,steps,1,0.46246973365617433,0.46246973365617433,0.41353383458646614,0.3966287949338797,21,0.5,0,0.2832414610272526,42,0.46674378253325616,8,0.5,0,0
4319703577,2016-05-05,steps,1,0.46246973365617433,0.46246973365617433,0.4609375,0.4189758766029953,22,0.5,0,0.3124969115975688,44,0.5618990384615384,8,0.5,0,2
4319703577,2016-05-05,exercise,1,0.41646489104116224,0.41646489104116224,0.3515625,0.22527127611873374,22,0.5,0,0.3078025399021594,44,0.5198317307692307,8,0.5,0,2
4319703577,2016-05-06,steps,1,0.46246973365617433,0.46246973365617433,0.46551724137931033,0.4397267381528883,23,0.5,0,0.3394578170251151,46,0.45197044334975367,9,0.5,0,4
4319703577,2016-05-06,exercise,1,0.41646489104116224,0.41646489104116224,0.41379310344827586,0.25294015911449325,23,0.5,0,0.33494753833736884,46,0.4334975369458128,9,0.5,0,4
4319703577,2016-05-06,sleep,1,0.5432432432432432,0.5432432432432432,0.54,0.8572267920094008,18,0.5,0,0.8572267920094008,18,0.4785714285714286,9,0.5,0,4
4319703577,2016-05-07,exercise,0,0.41646489104116224,0.41646489104116224,0.4351851851851852,0.27870084328295897,24,0.5,0,0.36004385764539265,48,0.5125661375661376,9,0.5,0,7
4319703577,2016-05-07,sleep,1,0.5432432432432432,0.5432432432432432,0.4897959183673469,0.8631756756756758,19,0.5,0,0.8631756756756758,19,0.532069970845481,9,0.5,0,7
4319703577,2016-05-07,steps,0,0.46246973365617433,0.46246973365617433,0.5092592592592593,0.4590465058027887,24,0.5,0,0.36438393713737494,48,0.5390211640211641,9,0.5,0,7
4319703577,2016-05-08,exercise,0,0.41646489104116224,0.41646489104116224,0.3238095238095238,0.269410815173527,25,0.5,0,0.34695135373101477,50,0.2783882783882784,8,0.5,0,0
4319703577,2016-05-08,sleep,1,0.5432432432432432,0.5432432432432432,0.673469387755102,0.8686486486486487,20,0.5,0,0.8686486486486487,20,0.41287284144427,8,0.5,0,0
4319703577,2016-05-08,steps,0,0.46246973365617433,0.46246973365617433,0.37142857142857144,0.4437449556093624,25,0.5,0,0.3511336121505613,50,0.2967032967032967,8,0.5,0,0
4319703577,2016-05-09,exercise,0,0.41646489104116224,0.41646489104116224,0.44761904761904764,0.26072014371631647,26,0.5,0,0.3347776220211546,52,0.5170068027210885,9,0.5,0,0
4319703577,2016-05-09,sleep,1,0.5432432432432432,0.5432432432432432,0.55,0.8737006237006237,21,0.5,0,0.8737006237006237,21,0.5535714285714286,9,0.5,0,0
4319703577,2016-05-09,steps,1,0.46246973365617433,0.46246973365617433,0.5047619047619047,0.4294306022026088,26,0.5,0,0.3388131345312434,52,0.5374149659863946,9,0.5,0,0
4319703577,2016-05-10,exercise,1,0.41646489104116224,0.41646489104116224,0.4732824427480916,0.2525726392251816,27,0.5,0,0.34037838059670866,54,0.3833151581243185,9,0.5,0,1
4319703577,2016-05-10,sleep,1,0.5432432432432432,0.5432432432432432,0.38333333333333336,0.8783783783783784,22,0.5,0,0.8783783783783784,22,0.3511904761904762,9,0.5,0,1
4319703577,2016-05-10,steps,0,0.46246973365617433,0.46246973365617433,0.5114503816793893,0.44726089588377727,27,0.5,0,0.3442770960725572,54,0.3969465648854961,9,0.5,0,1
4319703577,2016-05-11,sleep,1,0.5432432432432432,0.5432432432432432,0.6666666666666666,0.8827220077220078,23,0.5,0,0.8827220077220078,23,0.6222222222222221,10,0.5,0,0
4319703577,2016-05-11,exercise,0,0.41646489104116224,0.41646489104116224,0.45864661654135336,0.27522195318805487,28,0.5,0,0.34561187631484935,56,0.5528822055137844,10,0.5,0,0
4319703577,2016-05-11,steps,1,0.46246973365617433,0.46246973365617433,0.41353383458646614,0.43370753540245066,28,0.5,0,0.3493827650537848,56,0.537844611528822,10,0.5,0,0
4319703577,2016-05-12,sleep,0,0.5432432432432432,0.5432432432432432,0.5084745762711864,0.8867660764212488,24,0.5,0,0.8867660764212488,24,0.6361581920903955,10,0.5,0,2
4319703577,2016-05-12,exercise,0,0.41646489104116224,0.41646489104116224,0.3515625,0.2671271898589944,29,0.5,0,0.3505130865905684,58,0.5838541666666667,10,0.5,0,2
4319703577,2016-05-12,steps,0,0.46246973365617433,0.46246973365617433,0.4609375,0.450363196125908,29,0.5,0,0.35416426457588684,58,0.6203125,10,0.5,0,2
4388161847,2016-04-13,exercise,0,0.40556900726392253,0.40556900726392253,0.45112781954887216,0.40556900726392253,0,0.5,0,0.40556900726392253,0,0.45112781954887216,0,0.5,0,0
4388161847,2016-04-13,steps,0,0.4539951573849879,0.4539951573849879,0.41353383458646614,0.4539951573849879,0,0.5,0,0.4539951573849879,0,0.41353383458646614,0,0.5,0,0
4388161847,2016-04-14,exercise,1,0.40556900726392253,0.40556900726392253,0.34375,0.33797417271993546,1,0.5,0,0.28969214804565896,2,0.34375,0,0.5,0,0
4388161847,2016-04-14,steps,1,0.4539951573849879,0.4539951573849879,0.453125,0.37832929782082325,1,0.5,0,0.3242822552749914,2,0.453125,0,0.5,0,0
4388161847,2016-04-15,exercise,0,0.40556900726392253,0.40556900726392253,0.4051724137931034,0.4325492909028018,2,0.5,0,0.4475383373688459,4,0.4051724137931034,0,0.5,0,2
4388161847,2016-04-15,sleep,1,0.5706666666666667,0.5706666666666667,0.5660377358490566,0.5706666666666667,0,0.5,0,0.5706666666666667,0,0.5660377358490566,0,0.5,0,2
4388161847,2016-04-15,steps,0,0.4539951573849879,0.4539951573849879,0.46551724137931033,0.46713939813213423,2,0.5,0,0.4744417541027711,4,0.46551724137931033,0,0.5,0,2
4388161847,2016-04-16,sleep,1,0.5706666666666667,0.5706666666666667,0.5510204081632653,0.6422222222222222,1,0.5,0,0.6422222222222222,1,0.5510204081632653,0,0.5,0,0
4388161847,2016-04-16,steps,0,0.4539951573849879,0.4539951573849879,0.49074074074074076,0.40874697336561744,3,0.5,0,0.3881796169931764,6,0.49074074074074076,0,0.5,0,0
4388161847,2016-04-16,exercise,0,0.40556900726392253,0.40556900726392253,0.42592592592592593,0.3784806295399516,3,0.5,0,0.3661677305745103,6,0.42592592592592593,0,0.5,0,0
4388161847,2016-04-17,exercise,0,0.40556900726392253,0.40556900726392253,0.3047619047619048,0.33642722625773475,4,0.5,0,0.3098342335630472,8,0.3047619047619048,0,0.5,0,0
4388161847,2016-04-17,sleep,1,0.5706666666666667,0.5706666666666667,0.6666666666666666,0.6933333333333334,2,0.5,0,0.6933333333333334,2,0.6666666666666666,0,0.5,0,0
4388161847,2016-04-17,steps,0,0.4539951573849879,0.4539951573849879,0.3523809523809524,0.36333064299165996,4,0.5,0,0.3284596759173031,8,0.3523809523809524,0,0.5,0,0
4388161847,2016-04-18,exercise,0,0.40556900726392253,0.40556900726392253,0.42857142857142855,0.3027845036319613,5,0.5,0,0.26852300242130756,10,0.42857142857142855,0,0.5,0,0
4388161847,2016-04-18,steps,1,0.4539951573849879,0.4539951573849879,0.5047619047619047,0.32699757869249396,5,0.5,0,0.2846650524616627,10,0.5047619047619047,0,0.5,0,0
4388161847,2016-04-19,steps,1,0.4539951573849879,0.4539951573849879,0.4961832061068702,0.3881796169931764,6,0.5,0,0.30999857570146705,12,0.4961832061068702,0,0.5,0,1
4388161847,2016-04-19,exercise,0,0.40556900726392253,0.40556900726392253,0.46564885496183206,0.27525863966541936,6,0.5,0,0.2957555903717419,12,0.46564885496183206,0,0.5,0,1
4388161847,2016-04-19,sleep,0,0.5706666666666667,0.5706666666666667,0.4426229508196721,0.7316666666666667,3,0.5,0,0.7316666666666667,3,0.4426229508196721,0,0.5,0,1
4388161847,2016-04-20,steps,1,0.4539951573849879,0.4539951573849879,0.41353383458646614,0.4391646489104117,7,0.5,0,0.32999872562762844,14,0.29538131041890436,2,0.5,0,0
4388161847,2016-04-20,exercise,1,0.40556900726392253,0.40556900726392253,0.45112781954887216,0.25232041969330105,7,0.5,0,0.3172550019115586,14,0.32223415682062295,2,0.5,0,0
4388161847,2016-04-20,sleep,1,0.5706666666666667,0.5706666666666667,0.6612903225806451,0.6503703703703704,4,0.5,0,0.6503703703703704,4,0.4723502304147465,2,0.5,0,0
4388161847,2016-04-21,exercise,0,0.40556900726392253,0.40556900726392253,0.34375,0.3098342335630472,8,0.5,0,0.3822783350628387,16,0.53125,2,0.5,0,3
4388161847,2016-04-21,sleep,0,0.5706666666666667,0.5706666666666667,0.5254237288135594,0.6853333333333333,5,0.5,0,0.6853333333333333,5,0.6610169491525424,2,0.5,0,3
4388161847,2016-04-21,steps,1,0.4539951573849879,0.4539951573849879,0.453125,0.48230582976345693,8,0.5,0,0.39380837080594955,16,0.609375,2,0.5,0,3
4388161847,2016-04-22,exercise,1,0.40556900726392253,0.40556900726392253,0.4051724137931034,0.28770321687997236,9,0.5,0,0.3925150015791136,18,0.3782327586206896,3,0.5,0,1
4388161847,2016-04-22,steps,0,0.4539951573849879,0.4539951573849879,0.46551724137931033,0.5192839847803529,9,0.5,0,0.40304242551847563,18,0.41594827586206895,3,0.5,0,1
4388161847,2016-04-23,steps,1,0.4539951573849879,0.4539951573849879,0.49074074074074076,0.48466505246166264,10,0.5,0,0.4107990314769976,20,0.43171296296296297,3,0.5,0,0
4388161847,2016-04-23,exercise,1,0.40556900726392253,0.40556900726392253,0.42592592592592593,0.3351896690879742,10,0.5,0,0.4011138014527845,20,0.3912037037037037,3,0.5,0,0
4388161847,2016-04-23,sleep,0,0.5706666666666667,0.5706666666666667,0.5510204081632653,0.623030303030303,6,0.5,0,0.623030303030303,6,0.4693877551020408,3,0.5,0,0
4388161847,2016-04-24,exercise,0,0.40556900726392253,0.40556900726392253,0.3047619047619048,0.3767403147699758,11,0.5,0,0.4454757420859116,22,0.31547619047619047,3,0.5,0,0
4388161847,2016-04-24,sleep,1,0.5706666666666667,0.5706666666666667,0.6666666666666666,0.5711111111111111,7,0.5,0,0.5711111111111111,7,0.5416666666666666,3,0.5,0,0
4388161847,2016-04-24,steps,0,0.4539951573849879,0.4539951573849879,0.3523809523809524,0.5168734866828087,11,0.5,0,0.45444354766388667,22,0.34523809523809523,3,0.5,0,0
4388161847,2016-04-25,exercise,1,0.40556900726392253,0.40556900726392253,0.42857142857142855,0.35457911978350665,12,0.5,0,0.4147532771144694,24,0.4489795918367347,2,0.5,0,0
4388161847,2016-04-25,steps,1,0.4539951573849879,0.4539951573849879,0.5047619047619047,0.48646916393676115,12,0.5,0,0.4231026133422393,24,0.5034013605442177,2,0.5,0,0
4388161847,2016-04-26,sleep,0,0.5706666666666667,0.5706666666666667,0.4426229508196721,0.6041025641025641,8,0.5,0,0.6041025641025641,8,0.4016393442622951,3,0.5,0,2
4388161847,2016-04-26,steps,0,0.4539951573849879,0.4539951573849879,0.4961832061068702,0.5149986548291633,13,0.5,0,0.4603217995782239,26,0.4351145038167939,3,0.5,0,2
4388161847,2016-04-26,exercise,1,0.40556900726392253,0.40556900726392253,0.46564885496183206,0.3904358353510896,13,0.5,0,0.45251113020385847,26,0.416030534351145,3,0.5,0,2
4388161847,2016-04-27,sleep,1,0.5706666666666667,0.5706666666666667,0.6612903225806451,0.560952380952381,9,0.5,0,0.560952380952381,9,0.6306451612903226,5,0.5,0,1
4388161847,2016-04-27,steps,1,0.4539951573849879,0.4539951573849879,0.41353383458646614,0.4878934624697337,14,0.5,0,0.4627265389977255,28,0.506766917293233,5,0.5,0,1
4388161847,2016-04-27,exercise,1,0.40556900726392253,0.40556900726392253,0.45112781954887216,0.4225181598062954,14,0.5,0,0.4553892435248368,28,0.525563909774436,5,0.5,0,1
4388161847,2016-04-28,exercise,1,0.40556900726392253,0.40556900726392253,0.34375,0.45139225181598064,15,0.5,0,0.4865098581805603,30,0.471875,5,0.5,0,4
4388161847,2016-04-28,sleep,0,0.5706666666666667,0.5706666666666667,0.5254237288135594,0.5902222222222222,10,0.5,0,0.5902222222222222,10,0.5627118644067797,5,0.5,0,4
4388161847,2016-04-28,steps,1,0.4539951573849879,0.4539951573849879,0.453125,0.513498789346247,15,0.5,0,0.4934278796264268,30,0.5265625,5,0.5,0,4
4388161847,2016-04-29,exercise,0,0.40556900726392253,0.40556900726392253,0.4051724137931034,0.47751643030093394,16,0.5,0,0.5142660820626922,32,0.40258620689655167,5,0.5,0,2
4388161847,2016-04-29,steps,1,0.4539951573849879,0.4539951573849879,0.46551724137931033,0.5366655136630923,16,0.5,0,0.5208101564033767,32,0.43275862068965515,5,0.5,0,2
4388161847,2016-04-30,exercise,0,0.40556900726392253,0.40556900726392253,0.42592592592592593,0.4558111380145279,17,0.5,0,0.5135344881107593,34,0.4663299663299663,6,0.5,0,1
4388161847,2016-04-30,sleep,0,0.5706666666666667,0.5706666666666667,0.5510204081632653,0.5533333333333333,11,0.5,0,0.5533333333333333,11,0.5231910946196661,6,0.5,0,1
4388161847,2016-04-30,steps,1,0.4539951573849879,0.4539951573849879,0.49074074074074076,0.5577261721329518,17,0.5,0,0.5197429688955112,34,0.49579124579124584,6,0.5,0,1
4388161847,2016-05-01,steps,1,0.4539951573849879,0.4539951573849879,0.3523809523809524,0.5769554689967366,18,0.5,0,0.5187798972420716,36,0.341991341991342,6,0.5,0,1
4388161847,2016-05-01,sleep,1,0.5706666666666667,0.5706666666666667,0.6666666666666666,0.5207843137254902,12,0.5,0,0.5207843137254902,12,0.4848484848484848,6,0.5,0,1
4388161847,2016-05-01,exercise,1,0.40556900726392253,0.40556900726392253,0.3047619047619048,0.4359932624486788,18,0.5,0,0.5128742691785271,36,0.3203463203463203,6,0.5,0,1
4388161847,2016-05-02,exercise,0,0.40556900726392253,0.40556900726392253,0.42857142857142855,0.45949354317998387,19,0.5,0,0.5355312799144095,38,0.5714285714285714,4,0.5,0,4
4388161847,2016-05-02,sleep,0,0.5706666666666667,0.5706666666666667,0.6046511627906976,0.5474074074074075,13,0.5,0,0.5474074074074075,13,0.6692506459948321,4,0.5,0,4
4388161847,2016-05-02,steps,1,0.4539951573849879,0.4539951573849879,0.5047619047619047,0.5945823244552059,19,0.5,0,0.5411622276029056,38,0.6137566137566137,4,0.5,0,4
4388161847,2016-05-03,exercise,1,0.40556900726392253,0.40556900726392253,0.46564885496183206,0.4411138014527845,20,0.5,0,0.5339521119182136,40,0.3934767522553782,6,0.5,0,1
4388161847,2016-05-03,steps,1,0.4539951573849879,0.4539951573849879,0.4961832061068702,0.6107990314769975,20,0.5,0,0.5393327952649987,40,0.40735600277585005,6,0.5,0,1
4388161847,2016-05-04,exercise,1,0.40556900726392253,0.40556900726392253,0.45112781954887216,0.4626094244738313,21,0.5,0,0.5537839369429705,42,0.6350491613649508,8,0.5,0,3
4388161847,2016-05-04,sleep,0,0.5706666666666667,0.5706666666666667,0.6612903225806451,0.5185964912280702,14,0.5,0,0.5185964912280702,14,0.7158808933002482,8,0.5,0,3
4388161847,2016-05-04,steps,1,0.4539951573849879,0.4539951573849879,0.41353383458646614,0.625768299497113,21,0.5,0,0.5589356550409561,42,0.6205899363794101,8,0.5,0,3
4388161847,2016-05-05,steps,1,0.4539951573849879,0.4539951573849879,0.453125,0.6396287328490717,22,0.5,0,0.576938281365815,44,0.5588942307692307,8,0.5,0,2
4388161847,2016-05-05,exercise,1,0.40556900726392253,0.40556900726392253,0.34375,0.48251277912294865,22,0.5,0,0.5719968374759105,44,0.5168269230769231,8,0.5,0,2
4388161847,2016-05-05,sleep,1,0.5706666666666667,0.5706666666666667,0.5254237288135594,0.4926666666666667,15,0.5,0,0.4926666666666667,15,0.5867014341590613,8,0.5,0,2
4388161847,2016-05-06,exercise,1,0.40556900726392253,0.40556900726392253,0.4051724137931034,0.5009944655828433,23,0.5,0,0.5887812752219531,46,0.4188218390804597,7,0.5,0,4
4388161847,2016-05-06,steps,1,0.4539951573849879,0.4539951573849879,0.46551724137931033,0.6524991352473192,23,0.5,0,0.5935289369985282,46,0.4439655172413793,7,0.5,0,4
4388161847,2016-05-07,exercise,1,0.40556900726392253,0.40556900726392253,0.42592592592592593,0.5182015529765384,24,0.5,0,0.6042989629494266,48,0.43783068783068785,9,0.5,0,6
4388161847,2016-05-07,sleep,0,0.5706666666666667,0.5706666666666667,0.5510204081632653,0.5168253968253969,16,0.5,0,0.5168253968253969,16,0.4825072886297376,9,0.5,0,6
4388161847,2016-05-07,steps,1,0.4539951573849879,0.4539951573849879,0.49074074074074076,0.6644819236870668,24,0.5,0,0.6088674676778291,48,0.460978835978836,9,0.5,0,6
4388161847,2016-05-08,steps,1,0.4539951573849879,0.4539951573849879,0.3523809523809524,0.6756658595641646,25,0.5,0,0.6230904688531806,50,0.48299319727891155,9,0.5,0,2
4388161847,2016-05-08,exercise,1,0.40556900726392253,0.40556900726392253,0.3047619047619048,0.5342615012106537,25,0.5,0,0.6186880915694475,50,0.46598639455782315,9,0.5,0,2
4388161847,2016-05-08,sleep,1,0.5706666666666667,0.5706666666666667,0.6666666666666666,0.49333333333333335,17,0.5,0,0.49333333333333335,17,0.5952380952380951,9,0.5,0,2
4388161847,2016-05-09,exercise,1,0.40556900726392253,0.40556900726392253,0.42857142857142855,0.5492853237522455,26,0.5,0,0.6320674567775371,52,0.5119047619047619,7,0.5,0,4
4388161847,2016-05-09,steps,0,0.4539951573849879,0.4539951573849879,0.5047619047619047,0.6861282511911271,26,0.5,0,0.6363153646828936,52,0.5436507936507936,7,0.5,0,4
4388161847,2016-05-10,exercise,0,0.40556900726392253,0.40556900726392253,0.46564885496183206,0.5633701573849879,27,0.5,0,0.6275905938359256,54,0.48678802113916614,8,0.5,0,0
4388161847,2016-05-10,sleep,0,0.5706666666666667,0.5706666666666667,0.4426229508196721,0.5153623188405797,18,0.5,0,0.5153623188405797,18,0.47793190416141235,8,0.5,0,0
4388161847,2016-05-10,steps,0,0.4539951573849879,0.4539951573849879,0.4961832061068702,0.6646867433414043,27,0.5,0,0.6316945048631345,54,0.4985320023487962,8,0.5,0,0
4388161847,2016-05-11,sleep,1,0.5706666666666667,0.5706666666666667,0.6612903225806451,0.4938888888888889,19,0.5,0,0.4938888888888889,19,0.7066532258064516,11,0.5,0,0
4388161847,2016-05-11,exercise,0,0.40556900726392253,0.40556900726392253,0.45112781954887216,0.5462983344339276,28,0.5,0,0.6070138530544199,56,0.6409774436090225,11,0.5,0,0
4388161847,2016-05-11,steps,1,0.4539951573849879,0.4539951573849879,0.41353383458646614,0.6445447208159072,28,0.5,0,0.6109832096217203,56,0.6292293233082706,11,0.5,0,0
4388161847,2016-05-12,exercise,0,0.40556900726392253,0.40556900726392253,0.34375,0.5302307363623415,29,0.5,0,0.603616587878089,58,0.607421875,11,0.5,0,2
4388161847,2016-05-12,steps,0,0.4539951573849879,0.4539951573849879,0.453125,0.6549992878507335,29,0.5,0,0.6074599331257927,58,0.6416015625,11,0.5,0,2
4445114986,2016-04-12,exercise,0,0.42303030303030303,0.42303030303030303,0.4846153846153846,0.42303030303030303,0,0.5,0,0.42303030303030303,0,0.4846153846153846,0,0.5,0,0
4445114986,2016-04-12,sleep,0,0.5718157181571816,0.5718157181571816,0.423728813559322,0.5718157181571816,0,0.5,0,0.5718157181571816,0,0.423728813559322,0,0.5,0,0
4445114986,2016-04-12,steps,0,0.47515151515151516,0.47515151515151516,0.5153846153846153,0.47515151515151516,0,0.5,0,0.47515151515151516,0,0.5153846153846153,0,0.5,0,0
4445114986,2016-04-13,exercise,0,0.42303030303030303,0.42303030303030303,0.46616541353383456,0.3525252525252525,1,0.5,0,0.3021645021645022,2,0.46616541353383456,0,0.5,0,0
4445114986,2016-04-13,sleep,0,0.5718157181571816,0.5718157181571816,0.6885245901639344,0.476513098464318,1,0.5,0,0.476513098464318,1,0.6885245901639344,0,0.5,0,0
4445114986,2016-04-13,steps,0,0.47515151515151516,0.47515151515151516,0.43609022556390975,0.395959595959596,1,0.5,0,0.3393939393939394,2,0.43609022556390975,0,0.5,0,0
4445114986,2016-04-14,exercise,0,0.42303030303030303,0.42303030303030303,0.3671875,0.3021645021645022,2,0.5,0,0.235016835016835,4,0.3671875,0,0.5,0,0
4445114986,2016-04-14,sleep,1,0.5718157181571816,0.5718157181571816,0.49122807017543857,0.4084397986837011,2,0.5,0,0.4084397986837011,2,0.49122807017543857,0,0.5,0,0
4445114986,2016-04-14,steps,0,0.47515151515151516,0.47515151515151516,0.484375,0.3393939393939394,2,0.5,0,0.26397306397306397,4,0.484375,0,0.5,0,0
4445114986,2016-04-15,steps,1,0.47515151515151516,0.47515151515151516,0.46551724137931033,0.296969696969697,3,0.5,0,0.21597796143250692,6,0.46551724137931033,0,0.5,0,0
4445114986,2016-04-15,exercise,0,0.42303030303030303,0.42303030303030303,0.4224137931034483,0.2643939393939394,3,0.5,0,0.19228650137741046,6,0.4224137931034483,0,0.5,0,0
4445114986,2016-04-15,sleep,0,0.5718157181571816,0.5718157181571816,0.5882352941176471,0.4823848238482385,3,0.5,0,0.4823848238482385,3,0.5882352941176471,0,0.5,0,0
4445114986,2016-04-16,exercise,0,0.42303030303030303,0.42303030303030303,0.4444444444444444,0.235016835016835,4,0.5,0,0.23962703962703963,8,0.4444444444444444,0,0.5,0,0
4445114986,2016-04-16,sleep,1,0.5718157181571816,0.5718157181571816,0.54,0.4287865100873231,4,0.5,0,0.4287865100873231,4,0.54,0,0.5,0,0
4445114986,2016-04-16,steps,0,0.47515151515151516,0.47515151515151516,0.5185185185185185,0.37508417508417513,4,0.5,0,0.2596736596736597,8,0.5185185185185185,0,0.5,0,0
4445114986,2016-04-17,exercise,0,0.42303030303030303,0.42303030303030303,0.3238095238095238,0.21151515151515152,5,0.5,0,0.20767676767676768,10,0.3238095238095238,0,0.5,0,0
4445114986,2016-04-17,steps,0,0.47515151515151516,0.47515151515151516,0.37142857142857144,0.3375757575757576,5,0.5,0,0.22505050505050506,10,0.37142857142857144,0,0.5,0,0
4445114986,2016-04-18,steps,0,0.47515151515151516,0.47515151515151516,0.5333333333333333,0.3068870523415978,6,0.5,0,0.19857397504456328,12,0.5333333333333333,0,0.5,0,0
4445114986,2016-04-18,exercise,1,0.42303030303030303,0.42303030303030303,0.4380952380952381,0.19228650137741046,6,0.5,0,0.18324420677361855,12,0.4380952380952381,0,0.5,0,0
4445114986,2016-04-19,steps,0,0.47515151515151516,0.47515151515151516,0.5153846153846153,0.28131313131313135,7,0.5,0,0.23030303030303031,14,0.3221153846153846,3,0.5,0,1
4445114986,2016-04-19,sleep,1,0.5718157181571816,0.5718157181571816,0.423728813559322,0.48590785907859074,5,0.5,0,0.48590785907859074,5,0.26483050847457623,3,0.5,0,1
4445114986,2016-04-19,exercise,0,0.42303030303030303,0.42303030303030303,0.4846153846153846,0.2595959595959596,7,0.5,0,0.21658692185007974,14,0.30288461538461536,3,0.5,0,1
4445114986,2016-04-20,exercise,0,0.42303030303030303,0.42303030303030303,0.46616541353383456,0.23962703962703963,8,0.5,0,0.19595959595959597,16,0.2913533834586466,3,0.5,0,0
4445114986,2016-04-20,sleep,1,0.5718157181571816,0.5718157181571816,0.6885245901639344,0.5326435082532643,6,0.5,0,0.5326435082532643,6,0.430327868852459,3,0.5,0,0
4445114986,2016-04-20,steps,0,0.47515151515151516,0.47515151515151516,0.43609022556390975,0.2596736596736597,8,0.5,0,0.20836940836940837,16,0.2725563909774436,3,0.5,0,0
4445114986,2016-04-21,exercise,0,0.42303030303030303,0.42303030303030303,0.3671875,0.22251082251082252,9,0.5,0,0.17891963109354414,18,0.3544921875,3,0.5,0,0
4445114986,2016-04-21,sleep,0,0.5718157181571816,0.5718157181571816,0.49122807017543857,0.5715898825654923,7,0.5,0,0.5715898825654923,7,0.4320175438596491,3,0.5,0,0
4445114986,2016-04-21,steps,0,0.47515151515151516,0.47515151515151516,0.484375,0.24112554112554113,9,0.5,0,0.19025032938076417,18,0.427734375,3,0.5,0,0
4445114986,2016-04-22,exercise,0,0.42303030303030303,0.42303030303030303,0.4224137931034483,0.20767676767676768,10,0.5,0,0.16460606060606062,20,0.3890086206896552,3,0.5,0,0
4445114986,2016-04-22,sleep,0,0.5718157181571816,0.5718157181571816,0.5882352941176471,0.5276214300604545,8,0.5,0,0.5276214300604545,8,0.49264705882352944,3,0.5,0,0
4445114986,2016-04-22,steps,1,0.47515151515151516,0.47515151515151516,0.46551724137931033,0.22505050505050506,10,0.5,0,0.17503030303030304,20,0.41594827586206895,3,0.5,0,0
4445114986,2016-04-23,steps,0,0.47515151515151516,0.47515151515151516,0.5185185185185185,0.2734848484848485,11,0.5,0,0.1991021324354658,22,0.44907407407407407,3,0.5,0,1
4445114986,2016-04-23,exercise,0,0.42303030303030303,0.42303030303030303,0.4444444444444444,0.1946969696969697,11,0.5,0,0.18945005611672278,22,0.4027777777777778,3,0.5,0,1
4445114986,2016-04-24,exercise,0,0.42303030303030303,0.42303030303030303,0.3238095238095238,0.18324420677361855,12,0.5,0,0.17638453500522466,24,0.23129251700680273,2,0.5,0,0
4445114986,2016-04-24,steps,0,0.47515151515151516,0.47515151515151516,0.37142857142857144,0.257397504456328,12,0.5,0,0.18537095088819228,24,0.2653061224489796,2,0.5,0,0
4445114986,2016-04-25,exercise,0,0.42303030303030303,0.42303030303030303,0.4380952380952381,0.17306397306397306,13,0.5,0,0.16500488758553275,26,0.4557823129251701,2,0.5,0,0
4445114986,2016-04-25,sleep,0,0.5718157181571816,0.5718157181571816,0.5853658536585366,0.48993418505613623,9,0.5,0,0.48993418505613623,9,0.5609756097560975,2,0.5,0,0
4445114986,2016-04-25,steps,0,0.47515151515151516,0.47515151515151516,0.5333333333333333,0.24309764309764312,13,0.5,0,0.1734115347018573,26,0.5238095238095238,2,0.5,0,0
4445114986,2016-04-26,exercise,0,0.42303030303030303,0.42303030303030303,0.4846153846153846,0.16395534290271133,14,0.5,0,0.15500459136822772,28,0.3111888111888112,6,0.5,0,0
4445114986,2016-04-26,sleep,0,0.5718157181571816,0.5718157181571816,0.423728813559322,0.4572719060523938,10,0.5,0,0.4572719060523938,10,0.28351309707241906,6,0.5,0,0
4445114986,2016-04-26,steps,0,0.47515151515151516,0.47515151515151516,0.5153846153846153,0.23030303030303031,14,0.5,0,0.16290174471992655,28,0.32517482517482516,6,0.5,0,0
4445114986,2016-04-27,sleep,0,0.5718157181571816,0.5718157181571816,0.6885245901639344,0.4286924119241192,11,0.5,0,0.4286924119241192,11,0.40387481371087924,6,0.5,0,0
4445114986,2016-04-27,steps,0,0.47515151515151516,0.47515151515151516,0.43609022556390975,0.2187878787878788,15,0.5,0,0.1535930735930736,30,0.2891319207108681,6,0.5,0,0
4445114986,2016-04-27,exercise,0,0.42303030303030303,0.42303030303030303,0.46616541353383456,0.15575757575757576,15,0.5,0,0.14614718614718614,30,0.3028024606971975,6,0.5,0,0
4445114986,2016-04-28,exercise,0,0.42303030303030303,0.42303030303030303,0.3671875,0.14834054834054836,16,0.5,0,0.13824733824733826,32,0.2578125,6,0.5,0,0
4445114986,2016-04-28,sleep,1,0.5718157181571816,0.5718157181571816,0.49122807017543857,0.40347521122270047,12,0.5,0,0.40347521122270047,12,0.3141945773524721,6,0.5,0,0
4445114986,2016-04-28,steps,0,0.47515151515151516,0.47515151515151516,0.484375,0.20836940836940837,16,0.5,0,0.1452907452907453,32,0.31107954545454547,6,0.5,0,0
4445114986,2016-04-29,exercise,0,0.42303030303030303,0.42303030303030303,0.4224137931034483,0.1415977961432507,17,0.5,0,0.13115773115773116,34,0.37382445141065834,6,0.5,0,0
4445114986,2016-04-29,steps,0,0.47515151515151516,0.47515151515151516,0.46551724137931033,0.19889807162534437,17,0.5,0,0.13783993783993784,34,0.3934169278996865,6,0.5,0,0
4445114986,2016-04-30,exercise,0,0.42303030303030303,0.42303030303030303,0.4444444444444444,0.13544137022397892,18,0.5,0,0.12475979305247598,36,0.32222222222222224,5,0.5,0,0
4445114986,2016-04-30,sleep,0,0.5718157181571816,0.5718157181571816,0.54,0.43661547726588373,13,0.5,0,0.43661547726588373,13,0.37,5,0.5,0,0
4445114986,2016-04-30,steps,0,0.47515151515151516,0.47515151515151516,0.5185185185185185,0.19025032938076417,18,0.5,0,0.13111603843311162,36,0.3592592592592593,5,0.5,0,0
4445114986,2016-05-01,steps,0,0.47515151515151516,0.47515151515151516,0.37142857142857144,0.18232323232323233,19,0.5,0,0.12501761804087386,38,0.20634920634920637,4,0.5,0,0
4445114986,2016-05-01,sleep,1,0.5718157181571816,0.5718157181571816,0.7,0.4136357153045214,14,0.5,0,0.4136357153045214,14,0.3888888888888889,4,0.5,0,0
4445114986,2016-05-01,exercise,0,0.42303030303030303,0.42303030303030303,0.3238095238095238,0.1297979797979798,19,0.5,0,0.1189570119802678,38,0.17989417989417988,4,0.5,0,0
4445114986,2016-05-02,exercise,0,0.42303030303030303,0.42303030303030303,0.4380952380952381,0.12460606060606061,20,0.5,0,0.11367003367003367,40,0.3190476190476191,5,0.5,0,0
4445114986,2016-05-02,sleep,1,0.5718157181571816,0.5718157181571816,0.5853658536585366,0.44295392953929535,15,0.5,0,0.44295392953929535,15,0.3926829268292683,5,0.5,0,0
4445114986,2016-05-02,steps,0,0.47515151515151516,0.47515151515151516,0.5333333333333333,0.17503030303030304,20,0.5,0,0.11946127946127946,40,0.36666666666666664,5,0.5,0,0
4445114986,2016-05-03,exercise,0,0.42303030303030303,0.42303030303030303,0.4846153846153846,0.11981351981351981,21,0.5,0,0.10883301096067054,42,0.2445054945054945,9,0.5,0,0
4445114986,2016-05-03,sleep,1,0.5718157181571816,0.5718157181571816,0.423728813559322,0.469479932894567,16,0.5,0,0.469479932894567,16,0.2227602905569007,9,0.5,0,0
4445114986,2016-05-03,steps,0,0.47515151515151516,0.47515151515151516,0.5153846153846153,0.1682983682983683,21,0.5,0,0.11437782076079948,42,0.2554945054945055,9,0.5,0,0
4445114986,2016-05-04,exercise,0,0.42303030303030303,0.42303030303030303,0.46616541353383456,0.1153759820426487,22,0.5,0,0.10439084724799011,44,0.2379162191192266,9,0.5,0,0
4445114986,2016-05-04,sleep,0,0.5718157181571816,0.5718157181571816,0.6885245901639344,0.4935944813993594,17,0.5,0,0.4935944813993594,17,0.3173302107728337,9,0.5,0,0
4445114986,2016-05-04,steps,0,0.47515151515151516,0.47515151515151516,0.43609022556390975,0.16206509539842873,22,0.5,0,0.10970933828076686,44,0.22717508055853922,9,0.5,0,0
4445114986,2016-05-05,steps,0,0.47515151515151516,0.47515151515151516,0.484375,0.1562770562770563,23,0.5,0,0.10540701128936424,46,0.3158482142857143,9,0.5,0,0
4445114986,2016-05-05,sleep,1,0.5718157181571816,0.5718157181571816,0.49122807017543857,0.4721338517733003,18,0.5,0,0.4721338517733003,18,0.3182957393483709,9,0.5,0,0
4445114986,2016-05-05,exercise,0,0.42303030303030303,0.42303030303030303,0.3671875,0.11125541125541126,23,0.5,0,0.10029708853238266,46,0.2739955357142857,9,0.5,0,0
4445114986,2016-05-06,exercise,0,0.42303030303030303,0.42303030303030303,0.4224137931034483,0.10741901776384535,24,0.5,0,0.09651229273870783,48,0.31631299734748014,8,0.5,0,0
4445114986,2016-05-06,sleep,1,0.5718157181571816,0.5718157181571816,0.5882352941176471,0.4941282746160795,19,0.5,0,0.4941282746160795,19,0.3800904977375566,8,0.5,0,0
4445114986,2016-05-06,steps,0,0.47515151515151516,0.47515151515151516,0.46551724137931033,0.1508881922675026,24,0.5,0,0.10142938822184105,48,0.3328912466843501,8,0.5,0,0
4445114986,2016-05-07,exercise,0,0.42303030303030303,0.42303030303030303,0.4444444444444444,0.10383838383838384,25,0.5,0,0.09300275482093665,50,0.24786324786324787,8,0.5,0,0
4445114986,2016-05-07,sleep,0,0.5718157181571816,0.5718157181571816,0.54,0.5143631436314363,20,0.5,0,0.5143631436314363,20,0.2846153846153846,8,0.5,0,0
4445114986,2016-05-07,steps,0,0.47515151515151516,0.47515151515151516,0.5185185185185185,0.14585858585858585,25,0.5,0,0.09774104683195593,50,0.27635327635327633,8,0.5,0,0
4445114986,2016-05-08,steps,0,0.47515151515151516,0.47515151515151516,0.37142857142857144,0.14115347018572827,26,0.5,0,0.09431153641679958,52,0.2380952380952381,7,0.5,0,0
4445114986,2016-05-08,exercise,0,0.42303030303030303,0.42303030303030303,0.3238095238095238,0.10048875855327469,26,0.5,0,0.08973950026581606,52,0.21825396825396826,7,0.5,0,0
4445114986,2016-05-08,sleep,0,0.5718157181571816,0.5718157181571816,0.7,0.49457994579945797,21,0.5,0,0.49457994579945797,21,0.375,7,0.5,0,0
4445114986,2016-05-09,exercise,0,0.42303030303030303,0.42303030303030303,0.4380952380952381,0.09734848484848485,27,0.5,0,0.0866974833076528,54,0.32234432234432236,8,0.5,0,0
4445114986,2016-05-09,sleep,1,0.5718157181571816,0.5718157181571816,0.5853658536585366,0.4762621700291077,22,0.5,0,0.4762621700291077,22,0.3789868667917448,8,0.5,0,0
4445114986,2016-05-09,steps,0,0.47515151515151516,0.47515151515151516,0.5333333333333333,0.13674242424242425,27,0.5,0,0.0911145351823318,54,0.3589743589743589,8,0.5,0,0
4445114986,2016-05-10,exercise,0,0.42303030303030303,0.42303030303030303,0.4846153846153846,0.09439853076216713,28,0.5,0,0.08385494287133631,56,0.26018099547511314,12,0.5,0,0
4445114986,2016-05-10,sleep,0,0.5718157181571816,0.5718157181571816,0.423728813559322,0.49496709252806814,23,0.5,0,0.49496709252806814,23,0.24227318045862412,12,0.5,0,0
4445114986,2016-05-10,steps,0,0.47515151515151516,0.47515151515151516,0.5153846153846153,0.13259871441689625,28,0.5,0,0.08812717337307502,56,0.2692307692307692,12,0.5,0,0
4445114986,2016-05-11,sleep,1,0.5718157181571816,0.5718157181571816,0.6885245901639344,0.4778992617512382,24,0.5,0,0.4778992617512382,24,0.26133076181292186,12,0.5,0,0
4445114986,2016-05-11,exercise,1,0.42303030303030303,0.42303030303030303,0.46616541353383456,0.09162210338680928,29,0.5,0,0.08119288119288119,58,0.19593100398053956,12,0.5,0,0
4445114986,2016-05-11,steps,1,0.47515151515151516,0.47515151515151516,0.43609022556390975,0.128698752228164,29,0.5,0,0.08532948532948534,58,0.18708536045997345,12,0.5,0,0
4445114986,2016-05-12,sleep,1,0.5718157181571816,0.5718157181571816,0.49122807017543857,0.4953026196928636,25,0.5,0,0.4953026196928636,25,0.32094943240454077,12,0.5,0,3
4445114986,2016-05-12,exercise,0,0.42303030303030303,0.42303030303030303,0.3671875,0.11757575757575758,30,0.5,0,0.10946386946386946,60,0.2844669117647059,12,0.5,0,3
4445114986,2016-05-12,steps,0,0.47515151515151516,0.47515151515151516,0.484375,0.1535930735930736,30,0.5,0,0.11347319347319347,60,0.31893382352941174,12,0.5,0,3
4558609924,2016-04-12,exercise,0,0.41333333333333333,0.41333333333333333,0.46923076923076923,0.41333333333333333,0,0.5,0,0.41333333333333333,0,0.46923076923076923,0,0.5,0,0
4558609924,2016-04-12,steps,0,0.4618181818181818,0.4618181818181818,0.5076923076923077,0.4618181818181818,0,0.5,0,0.4618181818181818,0,0.5076923076923077,0,0.5,0,0
4558609924,2016-04-13,exercise,1,0.41333333333333333,0.41333333333333333,0.45864661654135336,0.3444444444444444,1,0.5,0,0.2952380952380952,2,0.45864661654135336,0,0.5,0,0
4558609924,2016-04-13,steps,0,0.4618181818181818,0.4618181818181818,0.43609022556390975,0.38484848484848483,1,0.5,0,0.32987012987012987,2,0.43609022556390975,0,0.5,0,0
4558609924,2016-04-14,exercise,0,0.41333333333333333,0.41333333333333333,0.3671875,0.43809523809523804,2,0.5,0,0.34074074074074073,4,0.3671875,0,0.5,0,0
4558609924,2016-04-14,steps,0,0.4618181818181818,0.4618181818181818,0.4765625,0.32987012987012987,2,0.5,0,0.36767676767676766,4,0.4765625,0,0.5,0,0
4558609924,2016-04-15,exercise,1,0.41333333333333333,0.41333333333333333,0.39655172413793105,0.3833333333333333,3,0.5,0,0.27878787878787875,6,0.39655172413793105,0,0.5,0,0
4558609924,2016-04-15,steps,1,0.4618181818181818,0.4618181818181818,0.45689655172413796,0.28863636363636364,3,0.5,0,0.30082644628099175,6,0.45689655172413796,0,0.5,0,0
4558609924,2016-04-16,exercise,0,0.41333333333333333,0.41333333333333333,0.4444444444444444,0.45185185185185184,4,0.5,0,0.38974358974358975,8,0.4444444444444444,0,0.5,0,2
4558609924,2016-04-16,steps,0,0.4618181818181818,0.4618181818181818,0.49074074074074076,0.36767676767676766,4,0.5,0,0.4083916083916084,8,0.49074074074074076,0,0.5,0,2
4558609924,2016-04-17,exercise,0,0.41333333333333333,0.41333333333333333,0.3142857142857143,0.4066666666666666,5,0.5,0,0.3377777777777778,10,0.3142857142857143,0,0.5,0,0
4558609924,2016-04-17,steps,0,0.4618181818181818,0.4618181818181818,0.3619047619047619,0.33090909090909093,5,0.5,0,0.3539393939393939,10,0.3619047619047619,0,0.5,0,0
4558609924,2016-04-18,exercise,1,0.41333333333333333,0.41333333333333333,0.42857142857142855,0.3696969696969697,6,0.5,0,0.2980392156862745,12,0.42857142857142855,0,0.5,0,0
4558609924,2016-04-18,steps,1,0.4618181818181818,0.4618181818181818,0.49523809523809526,0.30082644628099175,6,0.5,0,0.31229946524064167,12,0.49523809523809526,0,0.5,0,0
4558609924,2016-04-19,steps,0,0.4618181818181818,0.4618181818181818,0.5076923076923077,0.35909090909090907,7,0.5,0,0.38468899521531097,14,0.3626373626373626,2,0.5,0,2
4558609924,2016-04-19,exercise,0,0.41333333333333333,0.41333333333333333,0.46923076923076923,0.4222222222222222,7,0.5,0,0.3719298245614035,14,0.3351648351648352,2,0.5,0,2
4558609924,2016-04-20,exercise,0,0.41333333333333333,0.41333333333333333,0.45864661654135336,0.38974358974358975,8,0.5,0,0.3365079365079365,16,0.47046186895810954,2,0.5,0,0
4558609924,2016-04-20,steps,0,0.4618181818181818,0.4618181818181818,0.43609022556390975,0.33146853146853145,8,0.5,0,0.34805194805194806,16,0.45435016111707843,2,0.5,0,0
4558609924,2016-04-21,exercise,0,0.41333333333333333,0.41333333333333333,0.3671875,0.3619047619047619,9,0.5,0,0.30724637681159417,18,0.2622767857142857,2,0.5,0,0
4558609924,2016-04-21,sleep,0,0.5714285714285714,0.5714285714285714,0.5245901639344263,0.5714285714285714,0,0.5,0,0.5714285714285714,0,0.3747072599531616,2,0.5,0,0
4558609924,2016-04-21,steps,1,0.4618181818181818,0.4618181818181818,0.4765625,0.3077922077922078,9,0.5,0,0.31778656126482213,18,0.3404017857142857,2,0.5,0,0
4558609924,2016-04-22,exercise,1,0.41333333333333333,0.41333333333333333,0.39655172413793105,0.3377777777777778,10,0.5,0,0.32266666666666666,20,0.5689655172413793,2,0.5,0,1
4558609924,2016-04-22,steps,1,0.4618181818181818,0.4618181818181818,0.45689655172413796,0.3539393939393939,10,0.5,0,0.33236363636363636,20,0.6120689655172414,2,0.5,0,1
4558609924,2016-04-23,exercise,0,0.41333333333333333,0.41333333333333333,0.4444444444444444,0.37916666666666665,11,0.5,0,0.3728395061728395,22,0.3174603174603175,2,0.5,0,3
4558609924,2016-04-23,steps,1,0.4618181818181818,0.4618181818181818,0.49074074074074076,0.3943181818181818,11,0.5,0,0.3818181818181818,22,0.3505291005291005,2,0.5,0,3
4558609924,2016-04-24,exercise,0,0.41333333333333333,0.41333333333333333,0.3142857142857143,0.3568627450980392,12,0.5,0,0.3816091954022988,24,0.22448979591836735,2,0.5,0,1
4558609924,2016-04-24,steps,0,0.4618181818181818,0.4618181818181818,0.3619047619047619,0.4299465240641711,12,0.5,0,0.38996865203761755,24,0.2585034013605442,2,0.5,0,1
4558609924,2016-04-25,exercise,0,0.41333333333333333,0.41333333333333333,0.42857142857142855,0.337037037037037,13,0.5,0,0.35698924731182796,26,0.5918367346938774,2,0.5,0,0
4558609924,2016-04-25,steps,1,0.4618181818181818,0.4618181818181818,0.49523809523809526,0.406060606060606,13,0.5,0,0.36480938416422287,26,0.6394557823129252,2,0.5,0,0
4558609924,2016-04-26,exercise,1,0.41333333333333333,0.41333333333333333,0.46923076923076923,0.3192982456140351,14,0.5,0,0.3656565656565656,28,0.2606837606837607,4,0.5,0,1
4558609924,2016-04-26,steps,1,0.4618181818181818,0.4618181818181818,0.5076923076923077,0.4373205741626794,14,0.5,0,0.37300275482093664,28,0.28205128205128205,4,0.5,0,1
4558609924,2016-04-27,steps,1,0.4618181818181818,0.4618181818181818,0.43609022556390975,0.46545454545454545,15,0.5,0,0.4088311688311688,30,0.3533834586466165,4,0.5,0,3
4558609924,2016-04-27,exercise,0,0.41333333333333333,0.41333333333333333,0.45864661654135336,0.35333333333333333,15,0.5,0,0.4019047619047619,30,0.3659147869674185,4,0.5,0,3
4558609924,2016-04-28,exercise,0,0.41333333333333333,0.41333333333333333,0.3671875,0.3365079365079365,16,0.5,0,0.4072072072072072,32,0.28359375,5,0.5,0,0
4558609924,2016-04-28,steps,0,0.4618181818181818,0.4618181818181818,0.4765625,0.4909090909090909,16,0.5,0,0.41375921375921376,32,0.33828125,5,0.5,0,0
4558609924,2016-04-29,exercise,1,0.41333333333333333,0.41333333333333333,0.39655172413793105,0.3212121212121212,17,0.5,0,0.38632478632478634,34,0.6647509578544061,4,0.5,0,0
4558609924,2016-04-29,sleep,0,0.5714285714285714,0.5714285714285714,0.5849056603773585,0.4761904761904761,1,0.5,0,0.4761904761904761,1,0.7693920335429769,4,0.5,0,0
4558609924,2016-04-29,steps,1,0.4618181818181818,0.4618181818181818,0.45689655172413796,0.46859504132231405,17,0.5,0,0.39254079254079255,34,0.6982758620689656,4,0.5,0,0
4558609924,2016-04-30,exercise,0,0.41333333333333333,0.41333333333333333,0.4444444444444444,0.3507246376811594,18,0.5,0,0.416260162601626,36,0.3580246913580247,4,0.5,0,2
4558609924,2016-04-30,steps,1,0.4618181818181818,0.4618181818181818,0.49074074074074076,0.491699604743083,18,0.5,0,0.4221729490022173,36,0.3837448559670782,4,0.5,0,2
4558609924,2016-05-01,steps,0,0.4618181818181818,0.4618181818181818,0.3619047619047619,0.5128787878787878,19,0.5,0,0.42579281183932344,38,0.20105820105820105,4,0.5,0,1
4558609924,2016-05-01,exercise,0,0.41333333333333333,0.41333333333333333,0.3142857142857143,0.3361111111111111,19,0.5,0,0.4201550387596899,38,0.1746031746031746,4,0.5,0,1
4558609924,2016-05-02,exercise,0,0.41333333333333333,0.41333333333333333,0.42857142857142855,0.32266666666666666,20,0.5,0,0.4014814814814815,40,0.5714285714285714,4,0.5,0,0
4558609924,2016-05-02,steps,1,0.4618181818181818,0.4618181818181818,0.49523809523809526,0.49236363636363634,20,0.5,0,0.4068686868686869,40,0.6084656084656085,4,0.5,0,0
4558609924,2016-05-03,exercise,1,0.41333333333333333,0.41333333333333333,0.46923076923076923,0.31025641025641026,21,0.5,0,0.4056737588652482,42,0.39510489510489516,6,0.5,0,1
4558609924,2016-05-03,steps,0,0.4618181818181818,0.4618181818181818,0.5076923076923077,0.5118881118881119,21,0.5,0,0.41083172147001934,42,0.41258741258741255,6,0.5,0,1
4558609924,2016-05-04,exercise,0,0.41333333333333333,0.41333333333333333,0.45864661654135336,0.3358024691358025,22,0.5,0,0.4095238095238095,44,0.3902939166097061,6,0.5,0,0
4558609924,2016-05-04,steps,0,0.4618181818181818,0.4618181818181818,0.43609022556390975,0.49292929292929294,22,0.5,0,0.4144712430426716,44,0.38004101161995896,6,0.5,0,0
4558609924,2016-05-05,steps,0,0.4618181818181818,0.4618181818181818,0.4765625,0.4753246753246753,23,0.5,0,0.3982174688057041,46,0.2819010416666667,7,0.5,0,0
4558609924,2016-05-05,exercise,0,0.41333333333333333,0.41333333333333333,0.3671875,0.3238095238095238,23,0.5,0,0.3934640522875817,46,0.236328125,7,0.5,0,0
4558609924,2016-05-06,exercise,0,0.41333333333333333,0.41333333333333333,0.39655172413793105,0.31264367816091954,24,0.5,0,0.37861635220125783,48,0.6652298850574713,7,0.5,0,0
4558609924,2016-05-06,steps,0,0.4618181818181818,0.4618181818181818,0.45689655172413796,0.45893416927899683,24,0.5,0,0.3831903945111492,48,0.6903735632183908,7,0.5,0,0
4558609924,2016-05-07,exercise,0,0.41333333333333333,0.41333333333333333,0.4444444444444444,0.3022222222222222,25,0.5,0,0.36484848484848487,50,0.38383838383838387,6,0.5,0,0
4558609924,2016-05-07,steps,1,0.4618181818181818,0.4618181818181818,0.49074074074074076,0.4436363636363636,25,0.5,0,0.36925619834710743,50,0.4048821548821549,6,0.5,0,0
4558609924,2016-05-08,exercise,1,0.41333333333333333,0.41333333333333333,0.3142857142857143,0.2924731182795699,26,0.5,0,0.3695906432748538,52,0.14285714285714285,6,0.5,0,1
4558609924,2016-05-08,sleep,0,0.5714285714285714,0.5714285714285714,0.7058823529411765,0.4081632653061224,2,0.5,0,0.4081632653061224,2,0.32085561497326204,6,0.5,0,1
4558609924,2016-05-08,steps,1,0.4618181818181818,0.4618181818181818,0.3619047619047619,0.46158357771260994,26,0.5,0,0.37384370015948964,52,0.1645021645021645,6,0.5,0,1
4558609924,2016-05-09,exercise,1,0.41333333333333333,0.41333333333333333,0.42857142857142855,0.3145833333333333,27,0.5,0,0.39096045197740115,54,0.5584415584415584,6,0.5,0,2
4558609924,2016-05-09,steps,1,0.4618181818181818,0.4618181818181818,0.49523809523809526,0.4784090909090909,27,0.5,0,0.3950693374422188,54,0.5887445887445888,6,0.5,0,2
4558609924,2016-05-10,exercise,0,0.41333333333333333,0.41333333333333333,0.46923076923076923,0.33535353535353535,28,0.5,0,0.41092896174863386,56,0.4112426035502959,8,0.5,0,3
4558609924,2016-05-10,steps,0,0.4618181818181818,0.4618181818181818,0.5076923076923077,0.49421487603305786,28,0.5,0,0.41490312965722803,56,0.4260355029585799,8,0.5,0,3
4558609924,2016-05-11,exercise,1,0.41333333333333333,0.41333333333333333,0.45864661654135336,0.3254901960784314,29,0.5,0,0.3978835978835979,58,0.33024869866975126,8,0.5,0,0
4558609924,2016-05-11,steps,0,0.4618181818181818,0.4618181818181818,0.43609022556390975,0.47967914438502673,29,0.5,0,0.4017316017316017,58,0.3215731636784268,8,0.5,0,0
4558609924,2016-05-12,exercise,0,0.41333333333333333,0.41333333333333333,0.3671875,0.34476190476190477,30,0.5,0,0.40102564102564103,60,0.20256696428571427,9,0.5,0,0
4558609924,2016-05-12,steps,0,0.4618181818181818,0.4618181818181818,0.4765625,0.465974025974026,30,0.5,0,0.40475524475524477,60,0.24162946428571427,9,0.5,0,0
4702921684,2016-04-12,exercise,0,0.41404358353510895,0.41404358353510895,0.4846153846153846,0.41404358353510895,0,0.5,0,0.41404358353510895,0,0.4846153846153846,0,0.5,0,0
4702921684,2016-04-12,sleep,0,0.5788043478260869,0.5788043478260869,0.4406779661016949,0.5788043478260869,0,0.5,0,0.5788043478260869,0,0.4406779661016949,0,0.5,0,0
4702921684,2016-04-12,steps,0,0.46246973365617433,0.46246973365617433,0.5076923076923077,0.46246973365617433,0,0.5,0,0.46246973365617433,0,0.5076923076923077,0,0.5,0,0
4702921684,2016-04-13,exercise,0,0.41404358353510895,0.41404358353510895,0.47368421052631576,0.3450363196125908,1,0.5,0,0.29574541681079214,2,0.47368421052631576,0,0.5,0,0
4702921684,2016-04-13,sleep,1,0.5788043478260869,0.5788043478260869,0.6721311475409836,0.4823369565217391,1,0.5,0,0.4823369565217391,1,0.6721311475409836,0,0.5,0,0
4702921684,2016-04-13,steps,0,0.46246973365617433,0.46246973365617433,0.42857142857142855,0.3853914447134786,1,0.5,0,0.3303355240401245,2,0.42857142857142855,0,0.5,0,0
4702921684,2016-04-14,exercise,0,0.41404358353510895,0.41404358353510895,0.3515625,0.29574541681079214,2,0.5,0,0.23002421307506055,4,0.3515625,0,0.5,0,0
4702921684,2016-04-14,sleep,1,0.5788043478260869,0.5788043478260869,0.5263157894736842,0.5562888198757764,2,0.5,0,0.5562888198757764,2,0.5263157894736842,0,0.5,0,0
4702921684,2016-04-14,steps,0,0.46246973365617433,0.46246973365617433,0.484375,0.3303355240401245,2,0.5,0,0.25692762980898576,4,0.484375,0,0.5,0,0
4702921684,2016-04-15,steps,0,0.46246973365617433,0.46246973365617433,0.47413793103448276,0.28904358353510895,3,0.5,0,0.21021351529826104,6,0.47413793103448276,0,0.5,0,0
4702921684,2016-04-15,exercise,0,0.41404358353510895,0.41404358353510895,0.41379310344827586,0.2587772397094431,3,0.5,0,0.188201628879595,6,0.41379310344827586,0,0.5,0,0
4702921684,2016-04-15,sleep,0,0.5788043478260869,0.5788043478260869,0.6078431372549019,0.6117527173913043,3,0.5,0,0.6117527173913043,3,0.6078431372549019,0,0.5,0,0
4702921684,2016-04-16,exercise,0,0.41404358353510895,0.41404358353510895,0.42592592592592593,0.23002421307506055,4,0.5,0,0.15924753212888806,8,0.42592592592592593,0,0.5,0,0
4702921684,2016-04-16,sleep,0,0.5788043478260869,0.5788043478260869,0.5306122448979592,0.543780193236715,4,0.5,0,0.543780193236715,4,0.5306122448979592,0,0.5,0,0
4702921684,2016-04-16,steps,1,0.46246973365617433,0.46246973365617433,0.48148148148148145,0.25692762980898576,4,0.5,0,0.17787297448314396,8,0.48148148148148145,0,0.5,0,0
4702921684,2016-04-17,steps,1,0.46246973365617433,0.46246973365617433,0.33962264150943394,0.33123486682808717,5,0.5,0,0.2208232445520581,10,0.33962264150943394,0,0.5,0,1
4702921684,2016-04-17,exercise,1,0.41404358353510895,0.41404358353510895,0.29245283018867924,0.20702179176755447,5,0.5,0,0.204681194511703,10,0.29245283018867924,0,0.5,0,1
4702921684,2016-04-17,sleep,1,0.5788043478260869,0.5788043478260869,0.68,0.48940217391304347,5,0.5,0,0.48940217391304347,5,0.68,0,0.5,0,1
4702921684,2016-04-18,sleep,0,0.5788043478260869,0.5788043478260869,0.6097560975609756,0.5358201581027667,6,0.5,0,0.5358201581027667,6,0.6097560975609756,0,0.5,0,4
4702921684,2016-04-18,steps,1,0.46246973365617433,0.46246973365617433,0.5142857142857142,0.39203169711644287,6,0.5,0,0.3124910981341689,12,0.5142857142857142,0,0.5,0,4
4702921684,2016-04-18,exercise,0,0.41404358353510895,0.41404358353510895,0.4380952380952381,0.2791107197886859,6,0.5,0,0.2982481128044438,12,0.4380952380952381,0,0.5,0,4
4702921684,2016-04-19,exercise,0,0.41404358353510895,0.41404358353510895,0.4846153846153846,0.25585149313962874,7,0.5,0,0.3194851535618708,14,0.30288461538461536,3,0.5,0,0
4702921684,2016-04-19,sleep,1,0.5788043478260869,0.5788043478260869,0.4406779661016949,0.49116847826086957,7,0.5,0,0.49116847826086957,7,0.2754237288135593,3,0.5,0,0
4702921684,2016-04-19,steps,0,0.46246973365617433,0.46246973365617433,0.5076923076923077,0.4426957223567393,7,0.5,0,0.3322288772779406,14,0.3173076923076923,3,0.5,0,0
4702921684,2016-04-20,exercise,0,0.41404358353510895,0.41404358353510895,0.47368421052631576,0.236170609051965,8,0.5,0,0.2890579960797878,16,0.42105263157894735,3,0.5,0,0
4702921684,2016-04-20,sleep,1,0.5788043478260869,0.5788043478260869,0.6721311475409836,0.530309364548495,8,0.5,0,0.530309364548495,8,0.5450819672131147,3,0.5,0,0
4702921684,2016-04-20,steps,0,0.46246973365617433,0.46246973365617433,0.42857142857142855,0.4086422052523747,8,0.5,0,0.30058803182289867,16,0.39285714285714285,3,0.5,0,0
4702921684,2016-04-21,steps,0,0.46246973365617433,0.46246973365617433,0.484375,0.3794534763057765,9,0.5,0,0.27444994209916834,18,0.427734375,3,0.5,0,0
4702921684,2016-04-21,exercise,1,0.41404358353510895,0.41404358353510895,0.3515625,0.2193012798339675,9,0.5,0,0.2639225181598063,18,0.3447265625,3,0.5,0,0
4702921684,2016-04-21,sleep,0,0.5788043478260869,0.5788043478260869,0.5263157894736842,0.563858695652174,9,0.5,0,0.563858695652174,9,0.4539473684210526,3,0.5,0,0
4702921684,2016-04-22,steps,0,0.46246973365617433,0.46246973365617433,0.47413793103448276,0.35415657788539145,10,0.5,0,0.29249394673123486,20,0.2963362068965517,3,0.5,0,0
4702921684,2016-04-22,exercise,0,0.41404358353510895,0.41404358353510895,0.41379310344827586,0.2713478611783697,10,0.5,0,0.2828087167070218,20,0.25862068965517243,3,0.5,0,0
4702921684,2016-04-23,exercise,1,0.41404358353510895,0.41404358353510895,0.42592592592592593,0.25438861985472155,11,0.5,0,0.26185992287687204,22,0.3912037037037037,3,0.5,0,0
4702921684,2016-04-23,sleep,1,0.5788043478260869,0.5788043478260869,0.5306122448979592,0.5262681159420289,10,0.5,0,0.5262681159420289,10,0.4566326530612245,3,0.5,0,0
4702921684,2016-04-23,steps,1,0.46246973365617433,0.46246973365617433,0.48148148148148145,0.3320217917675545,11,0.5,0,0.2708277284548471,22,0.42592592592592593,3,0.5,0,0
4702921684,2016-04-24,exercise,1,0.41404358353510895,0.41404358353510895,0.29245283018867924,0.2982481128044438,12,0.5,0,0.3127661350922602,24,0.5577830188679245,3,0.5,0,3
4702921684,2016-04-24,sleep,1,0.5788043478260869,0.5788043478260869,0.68,0.5558763586956521,11,0.5,0,0.5558763586956521,11,0.8,3,0.5,0,3
4702921684,2016-04-24,steps,1,0.46246973365617433,0.46246973365617433,0.33962264150943394,0.37131462754593364,12,0.5,0,0.3211154713200301,24,0.5872641509433962,3,0.5,0,3
4702921684,2016-04-25,sleep,0,0.5788043478260869,0.5788043478260869,0.6097560975609756,0.5820012787723785,12,0.5,0,0.5820012787723785,12,0.5060975609756098,3,0.5,0,6
4702921684,2016-04-25,steps,0,0.46246973365617433,0.46246973365617433,0.5142857142857142,0.40624159268227067,13,0.5,0,0.36491447317035075,26,0.4464285714285714,3,0.5,0,6
4702921684,2016-04-25,exercise,0,0.41404358353510895,0.41404358353510895,0.4380952380952381,0.3372343287597525,13,0.5,0,0.35710380379598533,26,0.39880952380952384,3,0.5,0,6
4702921684,2016-04-26,sleep,0,0.5788043478260869,0.5788043478260869,0.4406779661016949,0.5496678743961352,13,0.5,0,0.5496678743961352,13,0.2912172573189522,6,0.5,0,0
4702921684,2016-04-26,steps,0,0.46246973365617433,0.46246973365617433,0.5076923076923077,0.384860456225309,14,0.5,0,0.3427984444933598,28,0.32167832167832167,6,0.5,0,0
4702921684,2016-04-26,exercise,0,0.41404358353510895,0.41404358353510895,0.4846153846153846,0.3194851535618708,14,0.5,0,0.3354611490204711,28,0.3111888111888112,6,0.5,0,0
4702921684,2016-04-27,exercise,0,0.41404358353510895,0.41404358353510895,0.47368421052631576,0.3035108958837772,15,0.5,0,0.3162919405050156,30,0.3971291866028708,6,0.5,0,0
4702921684,2016-04-27,sleep,1,0.5788043478260869,0.5788043478260869,0.6721311475409836,0.5207379862700229,14,0.5,0,0.5207379862700229,14,0.4873323397913562,6,0.5,0,0
4702921684,2016-04-27,steps,1,0.46246973365617433,0.46246973365617433,0.42857142857142855,0.36561743341404357,15,0.5,0,0.3232099619508821,30,0.3766233766233766,6,0.5,0,0
4702921684,2016-04-28,exercise,1,0.41404358353510895,0.41404358353510895,0.3515625,0.2890579960797878,16,0.5,0,0.32622210588312284,32,0.3416193181818182,6,0.5,0,1
4702921684,2016-04-28,sleep,1,0.5788043478260869,0.5788043478260869,0.5263157894736842,0.5447010869565216,15,0.5,0,0.5447010869565216,15,0.4210526315789474,6,0.5,0,1
4702921684,2016-04-28,steps,0,0.46246973365617433,0.46246973365617433,0.484375,0.3958261270609939,16,0.5,0,0.3327661802238074,32,0.40198863636363635,6,0.5,0,1
4702921684,2016-04-29,exercise,1,0.41404358353510895,0.41404358353510895,0.41379310344827586,0.32137354171252475,17,0.5,0,0.33513379276091143,34,0.20689655172413796,5,0.5,0,0
4702921684,2016-04-29,sleep,0,0.5788043478260869,0.5788043478260869,0.6078431372549019,0.5663819875776397,16,0.5,0,0.5663819875776397,16,0.30392156862745096,5,0.5,0,0
4702921684,2016-04-29,steps,0,0.46246973365617433,0.46246973365617433,0.47413793103448276,0.3778340303764033,17,0.5,0,0.3413422735456634,34,0.23706896551724138,5,0.5,0,0
4702921684,2016-04-30,steps,1,0.46246973365617433,0.46246973365617433,0.48148148148148145,0.36140646383829883,18,0.5,0,0.34908167483611885,36,0.5824915824915825,6,0.5,0,0
4702921684,2016-04-30,exercise,0,0.41404358353510895,0.41404358353510895,0.42592592592592593,0.35087903989893676,18,0.5,0,0.3431760467725743,36,0.5572390572390572,6,0.5,0,0
4702921684,2016-04-30,sleep,0,0.5788043478260869,0.5788043478260869,0.5306122448979592,0.5406373517786561,17,0.5,0,0.5406373517786561,17,0.6048237476808906,6,0.5,0,0
4702921684,2016-05-02,exercise,1,0.41404358353510895,0.41404358353510895,0.4380952380952381,0.33625907990314774,19,0.5,0,0.35047018413198944,38,0.29004329004329005,6,0.5,0,0
4702921684,2016-05-02,steps,0,0.46246973365617433,0.46246973365617433,0.5142857142857142,0.38801452784503637,19,0.5,0,0.3561011318204854,38,0.3246753246753247,6,0.5,0,0
4702921684,2016-05-03,exercise,0,0.41404358353510895,0.41404358353510895,0.4846153846153846,0.3628087167070218,20,0.5,0,0.35711595372612326,40,0.2445054945054945,9,0.5,0,0
4702921684,2016-05-03,sleep,0,0.5788043478260869,0.5788043478260869,0.4406779661016949,0.5171313799621927,18,0.5,0,0.5171313799621927,18,0.2288135593220339,9,0.5,0,0
4702921684,2016-05-03,steps,0,0.46246973365617433,0.46246973365617433,0.5076923076923077,0.3724939467312349,20,0.5,0,0.3624966370729083,40,0.25274725274725274,9,0.5,0,0
4702921684,2016-05-04,exercise,0,0.41404358353510895,0.41404358353510895,0.47368421052631576,0.3488545352952133,21,0.5,0,0.3419195301633095,42,0.4548872180451128,9,0.5,0,0
4702921684,2016-05-04,sleep,0,0.5788043478260869,0.5788043478260869,0.6721311475409836,0.49558423913043476,19,0.5,0,0.49558423913043476,19,0.5257611241217799,9,0.5,0,0
4702921684,2016-05-04,steps,0,0.46246973365617433,0.46246973365617433,0.42857142857142855,0.35816725647234127,21,0.5,0,0.34707124826129515,42,0.4387755102040816,9,0.5,0,0
4702921684,2016-05-05,steps,0,0.46246973365617433,0.46246973365617433,0.484375,0.3449018025289212,22,0.5,0,0.33290507486287496,44,0.45870535714285715,9,0.5,0,0
4702921684,2016-05-05,exercise,0,0.41404358353510895,0.41404358353510895,0.3515625,0.3359339969509461,22,0.5,0,0.3279636309729703,44,0.41127232142857145,9,0.5,0,0
4702921684,2016-05-05,sleep,0,0.5788043478260869,0.5788043478260869,0.5263157894736842,0.47576086956521735,20,0.5,0,0.47576086956521735,20,0.4736842105263158,9,0.5,0,0
4702921684,2016-05-06,exercise,0,0.41404358353510895,0.41404358353510895,0.41379310344827586,0.32393635420269806,23,0.5,0,0.3151023121112852,46,0.23607427055702918,8,0.5,0,0
4702921684,2016-05-06,sleep,0,0.5788043478260869,0.5788043478260869,0.6078431372549019,0.4574623745819398,21,0.5,0,0.4574623745819398,21,0.31070889894419307,8,0.5,0,0
4702921684,2016-05-06,steps,1,0.46246973365617433,0.46246973365617433,0.47413793103448276,0.33258388101003117,23,0.5,0,0.31984997388786024,46,0.2592838196286472,8,0.5,0,0
4702921684,2016-05-07,exercise,1,0.41404358353510895,0.41404358353510895,0.42592592592592593,0.3127661350922602,24,0.5,0,0.3220795833523688,48,0.5092592592592593,9,0.5,0,1
4702921684,2016-05-07,sleep,1,0.5788043478260869,0.5788043478260869,0.5306122448979592,0.44051932367149754,22,0.5,0,0.44051932367149754,22,0.5466472303206997,9,0.5,0,1
4702921684,2016-05-07,steps,1,0.46246973365617433,0.46246973365617433,0.48148148148148145,0.35559822994071977,24,0.5,0,0.32664808808077117,48,0.5291005291005291,9,0.5,0,1
4702921684,2016-05-08,steps,1,0.46246973365617433,0.46246973365617433,0.33962264150943394,0.37707828894269574,25,0.5,0,0.3511336121505613,50,0.6998284734133791,6,0.5,0,4
4702921684,2016-05-08,exercise,1,0.41404358353510895,0.41404358353510895,0.29245283018867924,0.3356739305891849,25,0.5,0,0.3467312348668281,50,0.6783876500857633,6,0.5,0,4
4702921684,2016-05-09,exercise,0,0.41404358353510895,0.41404358353510895,0.4380952380952381,0.35710380379598533,26,0.5,0,0.3696529459241324,52,0.32234432234432236,8,0.5,0,6
4702921684,2016-05-09,sleep,1,0.5788043478260869,0.5788043478260869,0.6097560975609756,0.46050077639751547,23,0.5,0,0.46050077639751547,23,0.3883677298311445,8,0.5,0,6
4702921684,2016-05-09,steps,1,0.46246973365617433,0.46246973365617433,0.5142857142857142,0.39717253768647975,26,0.5,0,0.373900853829489,52,0.3516483516483516,8,0.5,0,6
4702921684,2016-05-10,exercise,0,0.41404358353510895,0.41404358353510895,0.4846153846153846,0.3459443099273608,27,0.5,0,0.374071490130094,54,0.2013574660633484,12,0.5,0,1
4702921684,2016-05-10,sleep,0,0.5788043478260869,0.5788043478260869,0.4406779661016949,0.4791041979010494,24,0.5,0,0.4791041979010494,24,0.1884346959122632,12,0.5,0,1
4702921684,2016-05-10,steps,1,0.46246973365617433,0.46246973365617433,0.5076923076923077,0.41601089588377727,27,0.5,0,0.3781754011573029,54,0.20814479638009048,12,0.5,0,1
4702921684,2016-05-11,sleep,0,0.5788043478260869,0.5788043478260869,0.6721311475409836,0.4631340579710145,25,0.5,0,0.4631340579710145,25,0.43297974927675986,12,0.5,0,1
4702921684,2016-05-11,exercise,0,0.41404358353510895,0.41404358353510895,0.47368421052631576,0.3354611490204711,28,0.5,0,0.378200293732386,56,0.3746130030959752,12,0.5,0,1
4702921684,2016-05-11,steps,1,0.46246973365617433,0.46246973365617433,0.42857142857142855,0.43370753540245066,28,0.5,0,0.3821696502996864,56,0.36134453781512604,12,0.5,0,1
4702921684,2016-05-12,sleep,0,0.5788043478260869,0.5788043478260869,0.5263157894736842,0.4481942496493688,26,0.5,0,0.4481942496493688,26,0.39009287925696595,12,0.5,0,1
4702921684,2016-05-12,exercise,0,0.41404358353510895,0.41404358353510895,0.3515625,0.32559464463751603,29,0.5,0,0.382066951074215,58,0.33869485294117646,12,0.5,0,1
4702921684,2016-05-12,steps,0,0.46246973365617433,0.46246973365617433,0.484375,0.450363196125908,29,0.5,0,0.3859102963219186,58,0.37775735294117646,12,0.5,0,1
5553957443,2016-04-12,exercise,0,0.40969696969696967,0.40969696969696967,0.46153846153846156,0.40969696969696967,0,0.5,0,0.40969696969696967,0,0.46153846153846156,0,0.5,0,0
5553957443,2016-04-12,sleep,1,0.5686813186813187,0.5686813186813187,0.4406779661016949,0.5686813186813187,0,0.5,0,0.5686813186813187,0,0.4406779661016949,0,0.5,0,0
5553957443,2016-04-12,steps,1,0.4593939393939394,0.4593939393939394,0.47692307692307695,0.4593939393939394,0,0.5,0,0.4593939393939394,0,0.47692307692307695,0,0.5,0,0
5553957443,2016-04-13,exercise,0,0.40969696969696967,0.40969696969696967,0.46616541353383456,0.3414141414141414,1,0.5,0,0.4354978354978355,2,0.46616541353383456,0,0.5,0,2
5553957443,2016-04-13,sleep,0,0.5686813186813187,0.5686813186813187,0.6721311475409836,0.6405677655677655,1,0.5,0,0.6405677655677655,1,0.6721311475409836,0,0.5,0,2
5553957443,2016-04-13,steps,0,0.4593939393939394,0.4593939393939394,0.43609022556390975,0.5494949494949495,1,0.5,0,0.47099567099567097,2,0.43609022556390975,0,0.5,0,2
5553957443,2016-04-14,exercise,1,0.40969696969696967,0.40969696969696967,0.3359375,0.29264069264069265,2,0.5,0,0.3387205387205387,4,0.3359375,0,0.5,0,0
5553957443,2016-04-14,sleep,0,0.5686813186813187,0.5686813186813187,0.5263157894736842,0.5490580847723704,2,0.5,0,0.5490580847723704,2,0.5263157894736842,0,0.5,0,0
5553957443,2016-04-14,steps,1,0.4593939393939394,0.4593939393939394,0.453125,0.47099567099567097,2,0.5,0,0.36632996632996634,4,0.453125,0,0.5,0,0
5553957443,2016-04-15,steps,1,0.4593939393939394,0.4593939393939394,0.4482758620689655,0.5371212121212121,3,0.5,0,0.4815426997245179,6,0.4482758620689655,0,0.5,0,1
5553957443,2016-04-15,sleep,0,0.5686813186813187,0.5686813186813187,0.58,0.48042582417582413,3,0.5,0,0.48042582417582413,3,0.58,0,0.5,0,1
5553957443,2016-04-15,exercise,1,0.40969696969696967,0.40969696969696967,0.39655172413793105,0.38106060606060604,3,0.5,0,0.45895316804407715,6,0.39655172413793105,0,0.5,0,1
5553957443,2016-04-16,exercise,0,0.40969696969696967,0.40969696969696967,0.4444444444444444,0.44983164983164986,4,0.5,0,0.5421911421911422,8,0.4444444444444444,0,0.5,0,1
5553957443,2016-04-16,sleep,1,0.5686813186813187,0.5686813186813187,0.5102040816326531,0.427045177045177,4,0.5,0,0.427045177045177,4,0.5102040816326531,0,0.5,0,1
5553957443,2016-04-16,steps,0,0.4593939393939394,0.4593939393939394,0.5185185185185185,0.5885521885521885,4,0.5,0,0.5613053613053613,8,0.5185185185185185,0,0.5,0,1
5553957443,2016-04-17,exercise,0,0.40969696969696967,0.40969696969696967,0.3238095238095238,0.4048484848484849,5,0.5,0,0.4698989898989899,10,0.3238095238095238,0,0.5,0,0
5553957443,2016-04-17,sleep,0,0.5686813186813187,0.5686813186813187,0.6875,0.4843406593406593,5,0.5,0,0.4843406593406593,5,0.6875,0,0.5,0,0
5553957443,2016-04-17,steps,0,0.4593939393939394,0.4593939393939394,0.37142857142857144,0.5296969696969697,5,0.5,0,0.48646464646464643,10,0.37142857142857144,0,0.5,0,0
5553957443,2016-04-18,exercise,0,0.40969696969696967,0.40969696969696967,0.42857142857142855,0.36804407713498627,6,0.5,0,0.4146167557932264,12,0.42857142857142855,0,0.5,0,0
5553957443,2016-04-18,sleep,1,0.5686813186813187,0.5686813186813187,0.575,0.4403096903096903,6,0.5,0,0.4403096903096903,6,0.575,0,0.5,0,0
5553957443,2016-04-18,steps,0,0.4593939393939394,0.4593939393939394,0.5142857142857142,0.4815426997245179,6,0.5,0,0.42923351158645273,12,0.5142857142857142,0,0.5,0,0
5553957443,2016-04-19,steps,1,0.4593939393939394,0.4593939393939394,0.47692307692307695,0.4414141414141414,7,0.5,0,0.38405103668261564,14,0.5480769230769231,3,0.5,0,0
5553957443,2016-04-19,sleep,0,0.5686813186813187,0.5686813186813187,0.4406779661016949,0.48695054945054944,7,0.5,0,0.48695054945054944,7,0.5254237288135593,3,0.5,0,0
5553957443,2016-04-19,exercise,1,0.40969696969696967,0.40969696969696967,0.46153846153846156,0.3373737373737374,7,0.5,0,0.37097288676236045,14,0.5384615384615385,3,0.5,0,0
5553957443,2016-04-20,exercise,0,0.40969696969696967,0.40969696969696967,0.46616541353383456,0.3883449883449884,8,0.5,0,0.4308802308802309,16,0.2913533834586466,3,0.5,0,2
5553957443,2016-04-20,sleep,1,0.5686813186813187,0.5686813186813187,0.6721311475409836,0.44949281487743026,8,0.5,0,0.44949281487743026,8,0.42008196721311475,3,0.5,0,2
5553957443,2016-04-20,steps,0,0.4593939393939394,0.4593939393939394,0.43609022556390975,0.48438228438228437,8,0.5,0,0.4427128427128427,16,0.2725563909774436,3,0.5,0,2
5553957443,2016-04-21,exercise,1,0.40969696969696967,0.40969696969696967,0.3359375,0.36060606060606065,9,0.5,0,0.39341238471673257,18,0.4599609375,3,0.5,0,0
5553957443,2016-04-21,sleep,0,0.5686813186813187,0.5686813186813187,0.5263157894736842,0.4888147566718995,9,0.5,0,0.4888147566718995,9,0.5789473684210527,3,0.5,0,0
5553957443,2016-04-21,steps,1,0.4593939393939394,0.4593939393939394,0.453125,0.4497835497835498,9,0.5,0,0.40421607378129115,18,0.533203125,3,0.5,0,0
5553957443,2016-04-22,exercise,0,0.40969696969696967,0.40969696969696967,0.39655172413793105,0.4032323232323233,10,0.5,0,0.44193939393939397,20,0.4978448275862069,3,0.5,0,2
5553957443,2016-04-22,sleep,0,0.5686813186813187,0.5686813186813187,0.58,0.4562271062271062,10,0.5,0,0.4562271062271062,10,0.6125,3,0.5,0,2
5553957443,2016-04-22,steps,1,0.4593939393939394,0.4593939393939394,0.4482758620689655,0.48646464646464643,10,0.5,0,0.4518787878787879,20,0.5301724137931034,3,0.5,0,2
5553957443,2016-04-23,steps,0,0.4593939393939394,0.4593939393939394,0.5185185185185185,0.518560606060606,11,0.5,0,0.4554433221099888,22,0.44907407407407407,3,0.5,0,1
5553957443,2016-04-23,sleep,1,0.5686813186813187,0.5686813186813187,0.5102040816326531,0.42771291208791207,11,0.5,0,0.42771291208791207,11,0.44387755102040816,3,0.5,0,1
5553957443,2016-04-23,exercise,0,0.40969696969696967,0.40969696969696967,0.4444444444444444,0.37803030303030305,11,0.5,0,0.4462401795735129,22,0.4027777777777778,3,0.5,0,1
5553957443,2016-04-24,exercise,0,0.40969696969696967,0.40969696969696967,0.3238095238095238,0.3557932263814617,12,0.5,0,0.4154649947753396,24,0.20238095238095238,3,0.5,0,0
5553957443,2016-04-24,sleep,1,0.5686813186813187,0.5686813186813187,0.6875,0.46137685843568194,12,0.5,0,0.46137685843568194,12,0.4296875,3,0.5,0,0
5553957443,2016-04-24,steps,0,0.4593939393939394,0.4593939393939394,0.37142857142857144,0.48805704099821745,12,0.5,0,0.4240334378265413,24,0.23214285714285715,3,0.5,0,0
5553957443,2016-04-25,exercise,1,0.40969696969696967,0.40969696969696967,0.42857142857142855,0.33602693602693606,13,0.5,0,0.3886608015640274,26,0.39285714285714285,3,0.5,0,0
5553957443,2016-04-25,sleep,1,0.5686813186813187,0.5686813186813187,0.575,0.4913003663003663,13,0.5,0,0.4913003663003663,13,0.484375,3,0.5,0,0
5553957443,2016-04-25,steps,1,0.4593939393939394,0.4593939393939394,0.5142857142857142,0.46094276094276093,13,0.5,0,0.39667644183773215,26,0.4464285714285714,3,0.5,0,0
5553957443,2016-04-26,exercise,1,0.40969696969696967,0.40969696969696967,0.46153846153846156,0.37097288676236045,14,0.5,0,0.4257116620752984,28,0.5734265734265734,6,0.5,0,3
5553957443,2016-04-26,sleep,0,0.5686813186813187,0.5686813186813187,0.4406779661016949,0.518074031231926,14,0.5,0,0.518074031231926,14,0.5639445300462249,6,0.5,0,3
5553957443,2016-04-26,steps,1,0.4593939393939394,0.4593939393939394,0.47692307692307695,0.4893141945773525,14,0.5,0,0.4332415059687787,28,0.5804195804195804,6,0.5,0,3
5553957443,2016-04-27,steps,1,0.4593939393939394,0.4593939393939394,0.43609022556390975,0.5148484848484849,15,0.5,0,0.4656277056277056,30,0.2891319207108681,6,0.5,0,2
5553957443,2016-04-27,sleep,0,0.5686813186813187,0.5686813186813187,0.6721311475409836,0.49217032967032964,15,0.5,0,0.49217032967032964,15,0.39642324888226527,6,0.5,0,2
5553957443,2016-04-27,exercise,1,0.40969696969696967,0.40969696969696967,0.46616541353383456,0.40242424242424246,15,0.5,0,0.4585281385281385,30,0.3028024606971975,6,0.5,0,2
5553957443,2016-04-28,exercise,1,0.40969696969696967,0.40969696969696967,0.3359375,0.4308802308802309,16,0.5,0,0.48779688779688773,32,0.5163352272727273,6,0.5,0,2
5553957443,2016-04-28,sleep,0,0.5686813186813187,0.5686813186813187,0.5263157894736842,0.4687336473050759,16,0.5,0,0.4687336473050759,16,0.6028708133971292,6,0.5,0,2
5553957443,2016-04-28,steps,1,0.4593939393939394,0.4593939393939394,0.453125,0.537950937950938,16,0.5,0,0.49451269451269453,32,0.5696022727272727,6,0.5,0,2
5553957443,2016-04-29,exercise,1,0.40969696969696967,0.40969696969696967,0.39655172413793105,0.45674931129476587,17,0.5,0,0.514063714063714,34,0.45297805642633227,6,0.5,0,2
5553957443,2016-04-29,sleep,1,0.5686813186813187,0.5686813186813187,0.58,0.4474275724275724,17,0.5,0,0.4474275724275724,17,0.5363636363636364,6,0.5,0,2
5553957443,2016-04-29,steps,1,0.4593939393939394,0.4593939393939394,0.4482758620689655,0.5589531680440771,17,0.5,0,0.5204351204351204,34,0.47648902821316613,6,0.5,0,2
5553957443,2016-04-30,exercise,0,0.40969696969696967,0.40969696969696967,0.4444444444444444,0.480368906455863,18,0.5,0,0.5377679231337767,36,0.38383838383838387,6,0.5,0,5
5553957443,2016-04-30,sleep,1,0.5686813186813187,0.5686813186813187,0.5102040816326531,0.47145246058289536,18,0.5,0,0.47145246058289536,18,0.4137291280148423,6,0.5,0,5
5553957443,2016-04-30,steps,0,0.4593939393939394,0.4593939393939394,0.5185185185185185,0.5781291172595521,18,0.5,0,0.5438285291943828,36,0.4175084175084175,6,0.5,0,5
5553957443,2016-05-01,steps,0,0.4593939393939394,0.4593939393939394,0.37142857142857144,0.554040404040404,19,0.5,0,0.5185341789992953,38,0.25974025974025977,6,0.5,0,0
5553957443,2016-05-01,sleep,1,0.5686813186813187,0.5686813186813187,0.6875,0.4934752747252747,19,0.5,0,0.4934752747252747,19,0.4034090909090909,6,0.5,0,0
5553957443,2016-05-01,exercise,0,0.40969696969696967,0.40969696969696967,0.3238095238095238,0.46035353535353535,19,0.5,0,0.5127554615926708,38,0.2380952380952381,6,0.5,0,0
5553957443,2016-05-02,exercise,0,0.40969696969696967,0.40969696969696967,0.42857142857142855,0.44193939393939397,20,0.5,0,0.48996632996632994,40,0.5584415584415584,6,0.5,0,0
5553957443,2016-05-02,sleep,0,0.5686813186813187,0.5686813186813187,0.575,0.5137362637362637,20,0.5,0,0.5137362637362637,20,0.625,6,0.5,0,0
5553957443,2016-05-02,steps,0,0.4593939393939394,0.4593939393939394,0.5142857142857142,0.5318787878787878,20,0.5,0,0.4954882154882155,40,0.5974025974025974,6,0.5,0,0
5553957443,2016-05-03,exercise,0,0.40969696969696967,0.40969696969696967,0.46153846153846156,0.42494172494172494,21,0.5,0,0.4691166989039329,42,0.5934065934065934,9,0.5,0,0
5553957443,2016-05-03,sleep,0,0.5686813186813187,0.5686813186813187,0.4406779661016949,0.4939771766694844,21,0.5,0,0.4939771766694844,21,0.585956416464891,9,0.5,0,0
5553957443,2016-05-03,steps,1,0.4593939393939394,0.4593939393939394,0.47692307692307695,0.5114219114219114,21,0.5,0,0.47440361057382335,42,0.5989010989010989,9,0.5,0,0
5553957443,2016-05-04,exercise,0,0.40969696969696967,0.40969696969696967,0.46616541353383456,0.4092031425364759,22,0.5,0,0.4703772418058132,44,0.38077336197636946,9,0.5,0,1
5553957443,2016-05-04,sleep,1,0.5686813186813187,0.5686813186813187,0.6721311475409836,0.4756817256817257,22,0.5,0,0.4756817256817257,22,0.45433255269320844,9,0.5,0,1
5553957443,2016-05-04,steps,0,0.4593939393939394,0.4593939393939394,0.43609022556390975,0.5295173961840628,22,0.5,0,0.4754483611626469,44,0.37003222341568204,9,0.5,0,1
5553957443,2016-05-05,steps,1,0.4593939393939394,0.4593939393939394,0.453125,0.5106060606060606,23,0.5,0,0.4568033273915627,46,0.5904017857142857,9,0.5,0,0
5553957443,2016-05-05,exercise,1,0.40969696969696967,0.40969696969696967,0.3359375,0.3945887445887446,23,0.5,0,0.4519310754604872,46,0.5485491071428571,9,0.5,0,0
5553957443,2016-05-05,sleep,1,0.5686813186813187,0.5686813186813187,0.5263157894736842,0.4944073783359498,23,0.5,0,0.4944073783359498,23,0.6165413533834586,9,0.5,0,0
5553957443,2016-05-06,exercise,1,0.40969696969696967,0.40969696969696967,0.39655172413793105,0.4154649947753396,24,0.5,0,0.4726129216695254,48,0.5701970443349753,9,0.5,0,3
5553957443,2016-05-06,sleep,1,0.5686813186813187,0.5686813186813187,0.58,0.5118416066691929,24,0.5,0,0.5118416066691929,24,0.6357142857142858,9,0.5,0,3
5553957443,2016-05-06,steps,1,0.4593939393939394,0.4593939393939394,0.4482758620689655,0.5274817136886102,24,0.5,0,0.4773013150371641,48,0.5886699507389163,9,0.5,0,3
5553957443,2016-05-07,exercise,0,0.40969696969696967,0.40969696969696967,0.4444444444444444,0.434949494949495,25,0.5,0,0.4917906336088154,50,0.373015873015873,9,0.5,0,6
5553957443,2016-05-07,sleep,0,0.5686813186813187,0.5686813186813187,0.5102040816326531,0.5281135531135531,25,0.5,0,0.5281135531135531,25,0.3965014577259475,9,0.5,0,6
5553957443,2016-05-07,steps,0,0.4593939393939394,0.4593939393939394,0.5185185185185185,0.5432323232323232,25,0.5,0,0.4963085399449036,50,0.3994708994708995,9,0.5,0,6
5553957443,2016-05-08,steps,0,0.4593939393939394,0.4593939393939394,0.37142857142857144,0.5257086999022483,26,0.5,0,0.4788942052099947,52,0.2755102040816327,9,0.5,0,0
5553957443,2016-05-08,exercise,0,0.40969696969696967,0.40969696969696967,0.3238095238095238,0.42091886608015644,26,0.5,0,0.4745348219032429,52,0.2585034013605442,9,0.5,0,0
5553957443,2016-05-08,sleep,1,0.5686813186813187,0.5686813186813187,0.6875,0.5110776320453739,26,0.5,0,0.5110776320453739,26,0.38839285714285715,9,0.5,0,0
5553957443,2016-05-09,steps,1,0.4593939393939394,0.4593939393939394,0.5142857142857142,0.509280303030303,27,0.5,0,0.4626605033384694,54,0.4693877551020408,9,0.5,0,1
5553957443,2016-05-09,exercise,1,0.40969696969696967,0.40969696969696967,0.42857142857142855,0.4077651515151515,27,0.5,0,0.4584488957370313,54,0.4387755102040816,9,0.5,0,1
5553957443,2016-05-09,sleep,1,0.5686813186813187,0.5686813186813187,0.575,0.526356456043956,27,0.5,0,0.526356456043956,27,0.49107142857142855,9,0.5,0,1
5553957443,2016-05-10,exercise,1,0.40969696969696967,0.40969696969696967,0.46153846153846156,0.4257116620752984,28,0.5,0,0.4762046696472926,56,0.5475113122171946,12,0.5,0,4
5553957443,2016-05-10,sleep,0,0.5686813186813187,0.5686813186813187,0.4406779661016949,0.5407092907092906,28,0.5,0,0.5407092907092906,28,0.5413758723828515,12,0.5,0,4
5553957443,2016-05-10,steps,1,0.4593939393939394,0.4593939393939394,0.47692307692307695,0.5241505968778696,28,0.5,0,0.4802781917536016,56,0.5520361990950227,12,0.5,0,4
5553957443,2016-05-11,sleep,1,0.5686813186813187,0.5686813186813187,0.6721311475409836,0.5248060762766644,29,0.5,0,0.5248060762766644,29,0.43297974927675986,12,0.5,0,2
5553957443,2016-05-11,exercise,0,0.40969696969696967,0.40969696969696967,0.46616541353383456,0.44260249554367204,29,0.5,0,0.4928330928330928,58,0.3724015922158337,12,0.5,0,2
5553957443,2016-05-11,steps,0,0.4593939393939394,0.4593939393939394,0.43609022556390975,0.5381461675579322,29,0.5,0,0.49677729677729676,58,0.36355594869526753,12,0.5,0,2
5553957443,2016-05-12,sleep,1,0.5686813186813187,0.5686813186813187,0.5263157894736842,0.5383830455259027,30,0.5,0,0.5383830455259027,30,0.6842105263157895,12,0.5,0,0
5553957443,2016-05-12,exercise,0,0.40969696969696967,0.40969696969696967,0.3359375,0.42995670995671,30,0.5,0,0.4776689976689976,60,0.6282169117647058,12,0.5,0,0
5553957443,2016-05-12,steps,0,0.4593939393939394,0.4593939393939394,0.453125,0.5227705627705628,30,0.5,0,0.4814918414918415,60,0.6626838235294118,12,0.5,0,0
5577150313,2016-04-12,exercise,1,0.392512077294686,0.392512077294686,0.4461538461538462,0.392512077294686,0,0.5,0,0.392512077294686,0,0.4461538461538462,0,0.5,0,0
5577150313,2016-04-12,sleep,0,0.5513513513513514,0.5513513513513514,0.4067796610169492,0.5513513513513514,0,0.5,0,0.5513513513513514,0,0.4067796610169492,0,0.5,0,0
5577150313,2016-04-12,steps,1,0.4553140096618358,0.4553140096618358,0.49230769230769234,0.4553140096618358,0,0.5,0,0.4553140096618358,0,0.49230769230769234,0,0.5,0,0
5577150313,2016-04-13,exercise,0,0.392512077294686,0.392512077294686,0.44360902255639095,0.49376006441223835,1,0.5,0,0.56608005521049,2,0.44360902255639095,0,0.5,0,1
5577150313,2016-04-13,sleep,1,0.5513513513513514,0.5513513513513514,0.6557377049180327,0.4594594594594595,1,0.5,0,0.4594594594594595,1,0.6557377049180327,0,0.5,0,1
5577150313,2016-04-13,steps,0,0.4553140096618358,0.4553140096618358,0.43609022556390975,0.5460950080515298,1,0.5,0,0.6109385783298826,2,0.43609022556390975,0,0.5,0,1
5577150313,2016-04-14,exercise,1,0.392512077294686,0.392512077294686,0.3333333333333333,0.42322291235334714,2,0.5,0,0.4402844873859367,4,0.3333333333333333,0,0.5,0,0
5577150313,2016-04-14,sleep,1,0.5513513513513514,0.5513513513513514,0.5084745762711864,0.5366795366795367,2,0.5,0,0.5366795366795367,2,0.5084745762711864,0,0.5,0,0
5577150313,2016-04-14,steps,1,0.4553140096618358,0.4553140096618358,0.4573643410852713,0.46808143547273984,2,0.5,0,0.4751744498121309,4,0.4573643410852713,0,0.5,0,0
5577150313,2016-04-15,steps,1,0.4553140096618358,0.4553140096618358,0.45689655172413796,0.5345712560386473,3,0.5,0,0.5705972771190162,6,0.45689655172413796,0,0.5,0,3
5577150313,2016-04-15,exercise,1,0.392512077294686,0.392512077294686,0.3879310344827586,0.49532004830917875,3,0.5,0,0.5420509442248572,6,0.3879310344827586,0,0.5,0,3
5577150313,2016-04-15,sleep,1,0.5513513513513514,0.5513513513513514,0.5686274509803921,0.5945945945945946,3,0.5,0,0.5945945945945946,3,0.5686274509803921,0,0.5,0,3
5577150313,2016-04-16,exercise,1,0.392512077294686,0.392512077294686,0.41284403669724773,0.5513955984970478,4,0.5,0,0.6125046451133408,8,0.41284403669724773,0,0.5,0,6
5577150313,2016-04-16,sleep,1,0.5513513513513514,0.5513513513513514,0.5,0.6396396396396397,4,0.5,0,0.6396396396396397,4,0.5,0,0.5,0,6
5577150313,2016-04-16,steps,1,0.4553140096618358,0.4553140096618358,0.48623853211009177,0.586285560923242,4,0.5,0,0.6366592344853215,8,0.48623853211009177,0,0.5,0,6
5577150313,2016-04-17,steps,1,0.4553140096618358,0.4553140096618358,0.33962264150943394,0.6276570048309178,5,0.5,0,0.6851046698872786,10,0.33962264150943394,0,0.5,0,9
5577150313,2016-04-17,exercise,1,0.392512077294686,0.392512077294686,0.29245283018867924,0.596256038647343,5,0.5,0,0.664170692431562,10,0.29245283018867924,0,0.5,0,9
5577150313,2016-04-17,sleep,1,0.5513513513513514,0.5513513513513514,0.673469387755102,0.6756756756756757,5,0.5,0,0.6756756756756757,5,0.673469387755102,0,0.5,0,9
5577150313,2016-04-18,steps,1,0.4553140096618358,0.4553140096618358,0.5142857142857142,0.6615063680281071,6,0.5,0,0.7221511793123047,12,0.5142857142857142,0,0.5,0,12
5577150313,2016-04-18,sleep,1,0.5513513513513514,0.5513513513513514,0.5609756097560976,0.7051597051597052,6,0.5,0,0.7051597051597052,6,0.5609756097560976,0,0.5,0,12
5577150313,2016-04-18,exercise,1,0.392512077294686,0.392512077294686,0.41904761904761906,0.6329600351339482,6,0.5,0,0.7036800227337312,12,0.41904761904761906,0,0.5,0,12
5577150313,2016-04-19,exercise,1,0.392512077294686,0.392512077294686,0.4461538461538462,0.6635466988727858,7,0.5,0,0.7348715992880753,14,0.5288461538461539,3,0.5,0,15
5577150313,2016-04-19,sleep,1,0.5513513513513514,0.5513513513513514,0.4067796610169492,0.7297297297297298,7,0.5,0,0.7297297297297298,7,0.5042372881355932,3,0.5,0,15
5577150313,2016-04-19,steps,1,0.4553140096618358,0.4553140096618358,0.49230769230769234,0.6897141706924316,7,0.5,0,0.7513984235952199,14,0.5576923076923077,3,0.5,0,15
5577150313,2016-04-20,exercise,1,0.392512077294686,0.392512077294686,0.44360902255639095,0.6894277220364178,8,0.5,0,0.7601219231654015,16,0.40225563909774437,3,0.5,0,18
5577150313,2016-04-20,sleep,1,0.5513513513513514,0.5513513513513514,0.6557377049180327,0.7505197505197506,8,0.5,0,0.7505197505197506,8,0.5348360655737705,3,0.5,0,18
5577150313,2016-04-20,steps,0,0.4553140096618358,0.4553140096618358,0.43609022556390975,0.7135823114083983,8,0.5,0,0.7750747642051989,16,0.3975563909774436,3,0.5,0,18
5577150313,2016-04-21,sleep,1,0.5513513513513514,0.5513513513513514,0.5084745762711864,0.7683397683397685,9,0.5,0,0.7683397683397685,9,0.6927966101694916,3,0.5,0,0
5577150313,2016-04-21,steps,1,0.4553140096618358,0.4553140096618358,0.4573643410852713,0.6626121463077984,9,0.5,0,0.7511552194917034,18,0.6608527131782946,3,0.5,0,0
5577150313,2016-04-21,exercise,1,0.392512077294686,0.392512077294686,0.3333333333333333,0.7116114561766737,9,0.5,0,0.7375026254988448,18,0.5833333333333333,3,0.5,0,0
5577150313,2016-04-22,exercise,1,0.392512077294686,0.392512077294686,0.3879310344827586,0.7308373590982288,10,0.5,0,0.7585024154589373,20,0.6174568965517242,3,0.5,0,3
5577150313,2016-04-22,sleep,0,0.5513513513513514,0.5513513513513514,0.5686274509803921,0.7837837837837839,10,0.5,0,0.7837837837837839,10,0.7303921568627451,3,0.5,0,3
5577150313,2016-04-22,steps,1,0.4553140096618358,0.4553140096618358,0.45689655172413796,0.6851046698872786,10,0.5,0,0.7710628019323671,20,0.6605603448275863,3,0.5,0,3
5577150313,2016-04-23,exercise,1,0.392512077294686,0.392512077294686,0.41284403669724773,0.7476600241545894,11,0.5,0,0.7763911254249419,22,0.6330275229357798,3,0.5,0,1
5577150313,2016-04-23,sleep,1,0.5513513513513514,0.5513513513513514,0.5,0.7347972972972974,11,0.5,0,0.7347972972972974,11,0.6875,3,0.5,0,1
5577150313,2016-04-23,steps,1,0.4553140096618358,0.4553140096618358,0.48623853211009177,0.7047856280193237,11,0.5,0,0.7880211129003399,22,0.6788990825688074,3,0.5,0,1
5577150313,2016-04-24,steps,1,0.4553140096618358,0.4553140096618358,0.33962264150943394,0.7221511793123047,12,0.5,0,0.80264034649342,24,0.5872641509433962,3,0.5,0,4
5577150313,2016-04-24,exercise,1,0.392512077294686,0.392512077294686,0.29245283018867924,0.7625035521454959,12,0.5,0,0.7918124271197735,24,0.5577830188679245,3,0.5,0,4
5577150313,2016-04-24,sleep,1,0.5513513513513514,0.5513513513513514,0.673469387755102,0.7503974562798092,12,0.5,0,0.7503974562798092,12,0.7959183673469388,3,0.5,0,4
5577150313,2016-04-25,steps,0,0.4553140096618358,0.4553140096618358,0.5142857142857142,0.7375872249060654,13,0.5,0,0.8153732273648122,26,0.6964285714285714,3,0.5,0,7
5577150313,2016-04-25,sleep,1,0.5513513513513514,0.5513513513513514,0.5609756097560976,0.7642642642642643,13,0.5,0,0.7642642642642643,13,0.725609756097561,3,0.5,0,7
5577150313,2016-04-25,exercise,1,0.392512077294686,0.392512077294686,0.41904761904761906,0.7756977992485239,13,0.5,0,0.8052438834346268,26,0.6369047619047619,3,0.5,0,7
5577150313,2016-04-26,exercise,1,0.392512077294686,0.392512077294686,0.4461538461538462,0.7875031782354437,14,0.5,0,0.7867442541355585,28,0.6573426573426574,6,0.5,0,1
5577150313,2016-04-26,sleep,0,0.5513513513513514,0.5513513513513514,0.4067796610169492,0.7766714082503556,14,0.5,0,0.7766714082503556,14,0.6394453004622496,6,0.5,0,1
5577150313,2016-04-26,steps,0,0.4553140096618358,0.4553140096618358,0.49230769230769234,0.6987668446478515,14,0.5,0,0.7962596984336114,28,0.6783216783216783,6,0.5,0,1
5577150313,2016-04-27,exercise,1,0.392512077294686,0.392512077294686,0.44360902255639095,0.7981280193236715,15,0.5,0,0.7703588681849551,30,0.4743677375256322,6,0.5,0,0
5577150313,2016-04-27,sleep,1,0.5513513513513514,0.5513513513513514,0.6557377049180327,0.7378378378378379,15,0.5,0,0.7378378378378379,15,0.5707898658718331,6,0.5,0,0
5577150313,2016-04-27,steps,0,0.4553140096618358,0.4553140096618358,0.43609022556390975,0.6638285024154589,15,0.5,0,0.7793305728088337,30,0.47095010252904984,6,0.5,0,0
5577150313,2016-04-28,sleep,0,0.5513513513513514,0.5513513513513514,0.5084745762711864,0.7503217503217504,16,0.5,0,0.7503217503217504,16,0.7765793528505394,6,0.5,0,0
5577150313,2016-04-28,steps,0,0.4553140096618358,0.4553140096618358,0.4573643410852713,0.6322176213480561,16,0.5,0,0.7642316229272751,32,0.7533474277660325,6,0.5,0,0
5577150313,2016-04-28,exercise,1,0.392512077294686,0.392512077294686,0.3333333333333333,0.8077409707844491,16,0.5,0,0.7557448753100927,32,0.6969696969696969,6,0.5,0,0
5577150313,2016-04-29,exercise,1,0.392512077294686,0.392512077294686,0.3879310344827586,0.8164800175669741,17,0.5,0,0.7426297534993187,34,0.6308777429467085,6,0.5,0,1
5577150313,2016-04-29,sleep,1,0.5513513513513514,0.5513513513513514,0.5686274509803921,0.7162162162162162,17,0.5,0,0.7162162162162162,17,0.7130124777183601,6,0.5,0,1
5577150313,2016-04-29,steps,1,0.4553140096618358,0.4553140096618358,0.45689655172413796,0.6034804567413263,17,0.5,0,0.750681283289979,34,0.6622257053291537,6,0.5,0,1
5577150313,2016-04-30,exercise,1,0.392512077294686,0.392512077294686,0.41284403669724773,0.8244591472379753,18,0.5,0,0.7551843996700837,36,0.7331109257714762,6,0.5,0,4
5577150313,2016-04-30,sleep,1,0.5513513513513514,0.5513513513513514,0.5,0.7285546415981199,18,0.5,0,0.7285546415981199,18,0.7727272727272727,6,0.5,0,4
5577150313,2016-04-30,steps,1,0.4553140096618358,0.4553140096618358,0.48623853211009177,0.6207204368830077,18,0.5,0,0.76284317190998,36,0.7664720600500416,6,0.5,0,4
5577150313,2016-05-01,steps,1,0.4553140096618358,0.4553140096618358,0.33962264150943394,0.6365237520128825,19,0.5,0,0.7738737220537019,38,0.6998284734133791,6,0.5,0,7
5577150313,2016-05-01,exercise,1,0.392512077294686,0.392512077294686,0.29245283018867924,0.8317733494363929,19,0.5,0,0.7665711717784518,38,0.6783876500857633,6,0.5,0,7
5577150313,2016-05-01,sleep,1,0.5513513513513514,0.5513513513513514,0.673469387755102,0.7398648648648649,19,0.5,0,0.7398648648648649,19,0.8515769944341373,6,0.5,0,7
5577150313,2016-05-02,steps,1,0.4553140096618358,0.4553140096618358,0.5142857142857142,0.6510628019323671,20,0.5,0,0.7839237788513151,40,0.6883116883116883,6,0.5,0,10
5577150313,2016-05-02,exercise,0,0.392512077294686,0.392512077294686,0.41904761904761906,0.8385024154589372,20,0.5,0,0.7769457863660761,40,0.6450216450216449,6,0.5,0,10
5577150313,2016-05-02,sleep,1,0.5513513513513514,0.5513513513513514,0.5609756097560976,0.7502702702702703,20,0.5,0,0.7502702702702703,20,0.7095343680709534,6,0.5,0,10
5577150313,2016-05-03,exercise,1,0.392512077294686,0.392512077294686,0.4461538461538462,0.8062523225566705,21,0.5,0,0.7651608592866687,42,0.5879120879120878,9,0.5,0,2
5577150313,2016-05-03,sleep,1,0.5513513513513514,0.5513513513513514,0.4067796610169492,0.75987525987526,21,0.5,0,0.75987525987526,21,0.5738498789346247,9,0.5,0,2
5577150313,2016-05-03,steps,0,0.4553140096618358,0.4553140096618358,0.49230769230769234,0.6644834633965069,21,0.5,0,0.771841915921472,42,0.6043956043956044,9,0.5,0,2
5577150313,2016-05-04,exercise,1,0.392512077294686,0.392512077294686,0.44360902255639095,0.8134281624619789,22,0.5,0,0.7543379670708863,44,0.5155746509129967,9,0.5,0,0
5577150313,2016-05-04,sleep,1,0.5513513513513514,0.5513513513513514,0.6557377049180327,0.7687687687687688,22,0.5,0,0.7687687687687688,22,0.5913348946135831,9,0.5,0,0
5577150313,2016-05-04,steps,1,0.4553140096618358,0.4553140096618358,0.43609022556390975,0.6398729647521918,22,0.5,0,0.7607463275165139,44,0.5128893662728249,9,0.5,0,0
5577150313,2016-05-05,exercise,1,0.392512077294686,0.392512077294686,0.3333333333333333,0.8200914423740511,23,0.5,0,0.7639717722837926,46,0.619047619047619,9,0.5,0,3
5577150313,2016-05-05,steps,1,0.4553140096618358,0.4553140096618358,0.4573643410852713,0.6527346445824707,23,0.5,0,0.7701288244766507,46,0.6633444075304541,9,0.5,0,3
5577150313,2016-05-06,exercise,1,0.392512077294686,0.392512077294686,0.3879310344827586,0.8262951857404631,24,0.5,0,0.7728784978579892,48,0.7099753694581281,9,0.5,0,5
5577150313,2016-05-06,steps,0,0.4553140096618358,0.4553140096618358,0.45689655172413796,0.6647093120106613,24,0.5,0,0.7788032084586638,48,0.7346059113300493,9,0.5,0,5
5577150313,2016-05-09,exercise,1,0.392512077294686,0.392512077294686,0.41904761904761906,0.832085346215781,25,0.5,0,0.762955643390426,50,0.6496598639455782,9,0.5,0,0
5577150313,2016-05-09,steps,0,0.4553140096618358,0.4553140096618358,0.5142857142857142,0.6425523349436393,25,0.5,0,0.7686649099692578,50,0.6836734693877551,9,0.5,0,0
5577150313,2016-05-10,exercise,1,0.392512077294686,0.392512077294686,0.4461538461538462,0.8375019479507558,26,0.5,0,0.7537291295872531,52,0.6018099547511312,12,0.5,0,0
5577150313,2016-05-10,sleep,1,0.5513513513513514,0.5513513513513514,0.4067796610169492,0.7770270270270271,23,0.5,0,0.7770270270270271,23,0.5902293120638086,12,0.5,0,0
5577150313,2016-05-10,steps,1,0.4553140096618358,0.4553140096618358,0.49230769230769234,0.621824840268038,26,0.5,0,0.7592380710229681,52,0.6153846153846154,12,0.5,0,0
5577150313,2016-05-11,sleep,0,0.5513513513513514,0.5513513513513514,0.6557377049180327,0.7847157502329917,24,0.5,0,0.7847157502329917,24,0.6634522661523626,12,0.5,0,3
5577150313,2016-05-11,exercise,1,0.392512077294686,0.392512077294686,0.44360902255639095,0.8425800120772947,27,0.5,0,0.7620772946859903,54,0.6010614772224679,12,0.5,0,3
5577150313,2016-05-11,steps,0,0.4553140096618358,0.4553140096618358,0.43609022556390975,0.6336428140096618,27,0.5,0,0.7673994923442234,54,0.5988500663423264,12,0.5,0,3
6117666160,2016-04-15,exercise,0,0.42136854741896757,0.42136854741896757,0.4224137931034483,0.42136854741896757,0,0.5,0,0.42136854741896757,0,0.4224137931034483,0,0.5,0,0
6117666160,2016-04-15,steps,1,0.4597839135654262,0.4597839135654262,0.45689655172413796,0.4597839135654262,0,0.5,0,0.4597839135654262,0,0.45689655172413796,0,0.5,0,0
6117666160,2016-04-16,exercise,0,0.42136854741896757,0.42136854741896757,0.4444444444444444,0.35114045618247297,1,0.5,0,0.443834676727834,2,0.4444444444444444,0,0.5,0,1
6117666160,2016-04-16,sleep,0,0.5623342175066313,0.5623342175066313,0.52,0.5623342175066313,0,0.5,0,0.5623342175066313,0,0.52,0,0.5,0,1
6117666160,2016-04-16,steps,1,0.4597839135654262,0.4597839135654262,0.5,0.5498199279711885,1,0.5,0,0.4712742239753044,2,0.5,0,0.5,0,1
6117666160,2016-04-17,exercise,0,0.42136854741896757,0.42136854741896757,0.3238095238095238,0.30097753387069115,2,0.5,0,0.4563158596772042,4,0.3238095238095238,0,0.5,0,1
6117666160,2016-04-17,sleep,0,0.5623342175066313,0.5623342175066313,0.7083333333333334,0.46861184792219274,1,0.5,0,0.46861184792219274,1,0.7083333333333334,0,0.5,0,1
6117666160,2016-04-17,steps,1,0.4597839135654262,0.4597839135654262,0.3523809523809524,0.6141313668324473,2,0.5,0,0.47765772975857007,4,0.3523809523809524,0,0.5,0,1
6117666160,2016-04-18,exercise,0,0.42136854741896757,0.42136854741896757,0.44339622641509435,0.26335534213685474,3,0.5,0,0.4642584306449853,6,0.44339622641509435,0,0.5,0,1
6117666160,2016-04-18,sleep,1,0.5623342175066313,0.5623342175066313,0.5714285714285714,0.4016672982190223,2,0.5,0,0.4016672982190223,2,0.5714285714285714,0,0.5,0,1
6117666160,2016-04-18,steps,1,0.4597839135654262,0.4597839135654262,0.5188679245283019,0.6623649459783914,3,0.5,0,0.48171996071155737,6,0.5188679245283019,0,0.5,0,1
6117666160,2016-04-19,exercise,0,0.42136854741896757,0.42136854741896757,0.47368421052631576,0.234093637454982,4,0.5,0,0.46975713362267985,8,0.47368421052631576,0,0.5,0,2
6117666160,2016-04-19,sleep,1,0.5623342175066313,0.5623342175066313,0.4126984126984127,0.47645888594164454,3,0.5,0,0.47645888594164454,3,0.4126984126984127,0,0.5,0,2
6117666160,2016-04-19,steps,1,0.4597839135654262,0.4597839135654262,0.48872180451127817,0.6998799519807923,4,0.5,0,0.4845322744482408,8,0.48872180451127817,0,0.5,0,2
6117666160,2016-04-20,steps,1,0.4597839135654262,0.4597839135654262,0.42962962962962964,0.7298919567827131,5,0.5,0,0.48659463785514206,10,0.42962962962962964,0,0.5,0,2
6117666160,2016-04-20,sleep,0,0.5623342175066313,0.5623342175066313,0.671875,0.5346301208370173,4,0.5,0,0.5346301208370173,4,0.671875,0,0.5,0,2
6117666160,2016-04-20,exercise,0,0.42136854741896757,0.42136854741896757,0.4666666666666667,0.21068427370948378,5,0.5,0,0.4737895158063225,10,0.4666666666666667,0,0.5,0,2
6117666160,2016-04-21,exercise,0,0.42136854741896757,0.42136854741896757,0.36153846153846153,0.19153115791771255,6,0.5,0,0.47687310218204926,12,0.36153846153846153,0,0.5,0,0
6117666160,2016-04-21,sleep,1,0.5623342175066313,0.5623342175066313,0.5254237288135594,0.48116710875331564,5,0.5,0,0.48116710875331564,5,0.5254237288135594,0,0.5,0,0
6117666160,2016-04-21,steps,1,0.4597839135654262,0.4597839135654262,0.46923076923076923,0.75444723343883,6,0.5,0,0.48817173928394886,12,0.46923076923076923,0,0.5,0,0
6117666160,2016-04-22,exercise,0,0.42136854741896757,0.42136854741896757,0.4224137931034483,0.17557022809123649,7,0.5,0,0.47930751247867565,14,0.4445812807881774,2,0.5,0,2
6117666160,2016-04-22,sleep,1,0.5623342175066313,0.5623342175066313,0.5490196078431373,0.5283337352302869,6,0.5,0,0.5283337352302869,6,0.5350140056022409,2,0.5,0,2
6117666160,2016-04-22,steps,1,0.4597839135654262,0.4597839135654262,0.45689655172413796,0.7749099639855942,7,0.5,0,0.4894168193593227,14,0.4692118226600986,2,0.5,0,2
6117666160,2016-04-23,exercise,0,0.42136854741896757,0.42136854741896757,0.4444444444444444,0.16206482593037214,8,0.5,0,0.48127822557594463,16,0.4027777777777778,3,0.5,0,1
6117666160,2016-04-23,sleep,1,0.5623342175066313,0.5623342175066313,0.52,0.5676392572944297,7,0.5,0,0.5676392572944297,7,0.45,3,0.5,0,1
6117666160,2016-04-23,steps,1,0.4597839135654262,0.4597839135654262,0.5,0.7922245821405485,8,0.5,0,0.49042474132510144,16,0.4375,3,0.5,0,1
6117666160,2016-04-24,exercise,0,0.42136854741896757,0.42136854741896757,0.3238095238095238,0.15048876693534557,9,0.5,0,0.4829062059606451,18,0.3273809523809524,3,0.5,0,2
6117666160,2016-04-24,sleep,0,0.5623342175066313,0.5623342175066313,0.7083333333333334,0.600897775964089,8,0.5,0,0.600897775964089,8,0.5677083333333334,3,0.5,0,2
6117666160,2016-04-24,steps,0,0.4597839135654262,0.4597839135654262,0.3523809523809524,0.8070656834162236,9,0.5,0,0.4912573725142231,18,0.34523809523809523,3,0.5,0,2
6117666160,2016-04-26,exercise,0,0.42136854741896757,0.42136854741896757,0.47368421052631576,0.1404561824729892,10,0.5,0,0.44427370948379347,20,0.5460526315789473,3,0.5,0,0
6117666160,2016-04-26,steps,1,0.4597839135654262,0.4597839135654262,0.48872180451127817,0.7532613045218087,10,0.5,0,0.45195678271308526,20,0.5554511278195489,3,0.5,0,0
6117666160,2016-04-27,steps,0,0.4597839135654262,0.4597839135654262,0.42962962962962964,0.7686824729891957,11,0.5,0,0.45551553954915297,22,0.39351851851851855,3,0.5,0,1
6117666160,2016-04-27,exercise,0,0.42136854741896757,0.42136854741896757,0.4666666666666667,0.13167767106842737,11,0.5,0,0.44840158285536436,22,0.4166666666666667,3,0.5,0,1
6117666160,2016-04-27,sleep,1,0.5623342175066313,0.5623342175066313,0.671875,0.5579765062523683,9,0.5,0,0.5579765062523683,9,0.544921875,3,0.5,0,1
6117666160,2016-04-28,exercise,0,0.42136854741896757,0.42136854741896757,0.36153846153846153,0.12393192571146106,12,0.5,0,0.41747733576189094,24,0.47596153846153844,3,0.5,0,1
6117666160,2016-04-28,sleep,0,0.5623342175066313,0.5623342175066313,0.5254237288135594,0.5874447391688771,10,0.5,0,0.5874447391688771,10,0.5783898305084746,3,0.5,0,1
6117666160,2016-04-28,steps,0,0.4597839135654262,0.4597839135654262,0.46923076923076923,0.7234658569310077,12,0.5,0,0.42410067475265967,24,0.5432692307692308,3,0.5,0,1
6117666160,2016-04-29,exercise,0,0.42136854741896757,0.42136854741896757,0.4224137931034483,0.117046818727491,13,0.5,0,0.39054331409983345,26,0.5112068965517242,5,0.5,0,0
6117666160,2016-04-29,sleep,1,0.5623342175066313,0.5623342175066313,0.5490196078431373,0.5507294429708223,11,0.5,0,0.5507294429708223,11,0.5745098039215686,5,0.5,0,0
6117666160,2016-04-29,steps,1,0.4597839135654262,0.4597839135654262,0.45689655172413796,0.6832733093237295,13,0.5,0,0.3967393408976494,26,0.528448275862069,5,0.5,0,0
6117666160,2016-04-30,exercise,0,0.42136854741896757,0.42136854741896757,0.4444444444444444,0.11088645984709673,14,0.5,0,0.39717705263923747,28,0.47474747474747475,6,0.5,0,1
6117666160,2016-04-30,steps,0,0.4597839135654262,0.4597839135654262,0.5,0.6999431351487964,14,0.5,0,0.4029975626614282,28,0.5,6,0.5,0,1
6117666160,2016-05-01,exercise,0,0.42136854741896757,0.42136854741896757,0.3238095238095238,0.10534213685474189,15,0.5,0,0.3744812210598525,30,0.2380952380952381,6,0.5,0,0
6117666160,2016-05-01,sleep,1,0.5623342175066313,0.5623342175066313,0.7083333333333334,0.577157122796068,12,0.5,0,0.577157122796068,12,0.4128787878787879,6,0.5,0,0
6117666160,2016-05-01,steps,1,0.4597839135654262,0.4597839135654262,0.3523809523809524,0.6649459783913565,15,0.5,0,0.3799691305093466,30,0.2510822510822511,6,0.5,0,0
6117666160,2016-05-02,steps,0,0.4597839135654262,0.4597839135654262,0.5188679245283019,0.680900931801292,16,0.5,0,0.3864572856169495,32,0.5742924528301887,3,0.5,0,1
6117666160,2016-05-02,exercise,0,0.42136854741896757,0.42136854741896757,0.44339622641509435,0.10032584462356371,16,0.5,0,0.38126601992148207,32,0.527122641509434,3,0.5,0,1
6117666160,2016-05-04,steps,0,0.4597839135654262,0.4597839135654262,0.42962962962962964,0.6499508894466878,17,0.5,0,0.36663896327761875,34,0.37710437710437716,6,0.5,0,0
6117666160,2016-05-04,exercise,0,0.42136854741896757,0.42136854741896757,0.4666666666666667,0.09576557895885628,17,0.5,0,0.36171391633576505,34,0.393939393939394,6,0.5,0,0
6117666160,2016-05-05,exercise,0,0.42136854741896757,0.42136854741896757,0.36153846153846153,0.09160185813455816,18,0.5,0,0.3440693350510936,36,0.34615384615384615,6,0.5,0,0
6117666160,2016-05-05,sleep,0,0.5623342175066313,0.5623342175066313,0.5254237288135594,0.600648393751842,13,0.5,0,0.600648393751842,13,0.4206471494607088,6,0.5,0,0
6117666160,2016-05-05,steps,0,0.4597839135654262,0.4597839135654262,0.46923076923076923,0.6216921551229188,18,0.5,0,0.3487541358006617,36,0.39510489510489516,6,0.5,0,0
6117666160,2016-05-06,exercise,0,0.42136854741896757,0.42136854741896757,0.4224137931034483,0.08778511404561824,19,0.5,0,0.3280661101649962,38,0.5470822281167109,8,0.5,0,0
6117666160,2016-05-06,sleep,1,0.5623342175066313,0.5623342175066313,0.5490196078431373,0.5690353203964819,14,0.5,0,0.5690353203964819,14,0.5957767722473605,8,0.5,0,0
6117666160,2016-05-06,steps,0,0.4597839135654262,0.4597839135654262,0.45689655172413796,0.5957883153261304,19,0.5,0,0.3325330132052821,38,0.560344827586207,8,0.5,0,0
6117666160,2016-05-07,exercise,0,0.42136854741896757,0.42136854741896757,0.4444444444444444,0.08427370948379352,20,0.5,0,0.313485394157663,40,0.4017094017094017,8,0.5,0,0
6117666160,2016-05-07,sleep,1,0.5623342175066313,0.5623342175066313,0.52,0.5905835543766578,15,0.5,0,0.5905835543766578,15,0.43076923076923074,8,0.5,0,0
6117666160,2016-05-07,steps,0,0.4597839135654262,0.4597839135654262,0.5,0.5719567827130853,20,0.5,0,0.31775376817393625,40,0.4230769230769231,8,0.5,0,0
6117666160,2016-05-08,sleep,1,0.5623342175066313,0.5623342175066313,0.7083333333333334,0.6100795755968169,16,0.5,0,0.6100795755968169,16,0.46726190476190477,9,0.5,0,0
6117666160,2016-05-08,exercise,0,0.42136854741896757,0.42136854741896757,0.3238095238095238,0.08103241296518607,21,0.5,0,0.300145590150954,42,0.3299319727891156,9,0.5,0,0
6117666160,2016-05-08,steps,0,0.4597839135654262,0.4597839135654262,0.3523809523809524,0.5499584449164281,21,0.5,0,0.30423233123036447,42,0.3401360544217687,9,0.5,0,0
6117666160,2016-05-09,sleep,1,0.5623342175066313,0.5623342175066313,0.5714285714285714,0.627803231251507,17,0.5,0,0.627803231251507,17,0.48571428571428565,5,0.5,0,0
6117666160,2016-05-09,exercise,0,0.42136854741896757,0.42136854741896757,0.44339622641509435,0.07803121248499399,22,0.5,0,0.2878947497366293,44,0.4216981132075472,5,0.5,0,0
6117666160,2016-05-09,steps,0,0.4597839135654262,0.4597839135654262,0.5188679245283019,0.5295896136232271,22,0.5,0,0.29181468505769653,44,0.45943396226415095,5,0.5,0,0
6290855005,2016-04-12,exercise,0,0.41947115384615385,0.41947115384615385,0.4772727272727273,0.41947115384615385,0,0.5,0,0.41947115384615385,0,0.4772727272727273,0,0.5,0,0
6290855005,2016-04-12,steps,0,0.46634615384615385,0.46634615384615385,0.5,0.46634615384615385,0,0.5,0,0.46634615384615385,0,0.5,0,0.5,0,0
6290855005,2016-04-13,exercise,0,0.41947115384615385,0.41947115384615385,0.4701492537313433,0.3495592948717949,1,0.5,0,0.29962225274725274,2,0.4701492537313433,0,0.5,0,0
6290855005,2016-04-13,steps,0,0.46634615384615385,0.46634615384615385,0.43283582089552236,0.3886217948717949,1,0.5,0,0.3331043956043956,2,0.43283582089552236,0,0.5,0,0
6290855005,2016-04-14,exercise,0,0.41947115384615385,0.41947115384615385,0.36153846153846153,0.29962225274725274,2,0.5,0,0.23303952991452992,4,0.36153846153846153,0,0.5,0,0
6290855005,2016-04-14,steps,0,0.46634615384615385,0.46634615384615385,0.47692307692307695,0.3331043956043956,2,0.5,0,0.25908119658119655,4,0.47692307692307695,0,0.5,0,0
6290855005,2016-04-15,exercise,0,0.41947115384615385,0.41947115384615385,0.4188034188034188,0.26216947115384615,3,0.5,0,0.19066870629370627,6,0.4188034188034188,0,0.5,0,0
6290855005,2016-04-15,steps,0,0.46634615384615385,0.46634615384615385,0.4700854700854701,0.29146634615384615,3,0.5,0,0.21197552447552448,6,0.4700854700854701,0,0.5,0,0
6290855005,2016-04-16,exercise,0,0.41947115384615385,0.41947115384615385,0.44036697247706424,0.23303952991452992,4,0.5,0,0.16133505917159763,8,0.44036697247706424,0,0.5,0,0
6290855005,2016-04-16,steps,1,0.46634615384615385,0.46634615384615385,0.5045871559633027,0.25908119658119655,4,0.5,0,0.17936390532544377,8,0.5045871559633027,0,0.5,0,0
6290855005,2016-04-17,steps,0,0.46634615384615385,0.46634615384615385,0.3619047619047619,0.3331730769230769,5,0.5,0,0.2221153846153846,10,0.3619047619047619,0,0.5,0,1
6290855005,2016-04-17,exercise,1,0.41947115384615385,0.41947115384615385,0.3047619047619048,0.20973557692307693,5,0.5,0,0.2064903846153846,10,0.3047619047619048,0,0.5,0,1
6290855005,2016-04-18,exercise,0,0.41947115384615385,0.41947115384615385,0.44761904761904764,0.2815777972027972,6,0.5,0,0.24102092760180996,12,0.44761904761904764,0,0.5,0,1
6290855005,2016-04-18,steps,0,0.46634615384615385,0.46634615384615385,0.5142857142857142,0.30288461538461536,6,0.5,0,0.2548076923076923,12,0.5142857142857142,0,0.5,0,1
6290855005,2016-04-19,exercise,0,0.41947115384615385,0.41947115384615385,0.4772727272727273,0.2581129807692308,7,0.5,0,0.2156503036437247,14,0.34090909090909094,2,0.5,0,0
6290855005,2016-04-19,steps,1,0.46634615384615385,0.46634615384615385,0.5,0.2776442307692308,7,0.5,0,0.22798582995951416,14,0.35714285714285715,2,0.5,0,0
6290855005,2016-04-20,exercise,0,0.41947115384615385,0.41947115384615385,0.4701492537313433,0.23825813609467456,8,0.5,0,0.2427312271062271,16,0.3358208955223881,2,0.5,0,1
6290855005,2016-04-20,steps,0,0.46634615384615385,0.46634615384615385,0.43283582089552236,0.33321005917159763,8,0.5,0,0.2538919413919414,16,0.30916844349680167,2,0.5,0,1
6290855005,2016-04-22,exercise,0,0.41947115384615385,0.41947115384615385,0.4188034188034188,0.2212396978021978,9,0.5,0,0.22162416387959866,18,0.29914529914529914,2,0.5,0,0
6290855005,2016-04-22,steps,1,0.46634615384615385,0.46634615384615385,0.4700854700854701,0.30940934065934067,9,0.5,0,0.231814381270903,18,0.3357753357753358,2,0.5,0,0
6290855005,2016-04-24,exercise,0,0.41947115384615385,0.41947115384615385,0.3047619047619048,0.2064903846153846,10,0.5,0,0.24389423076923078,20,0.36054421768707484,2,0.5,0,1
6290855005,2016-04-24,steps,0,0.46634615384615385,0.46634615384615385,0.3619047619047619,0.35544871794871796,10,0.5,0,0.25326923076923075,20,0.401360544217687,2,0.5,0,1
6290855005,2016-04-25,steps,1,0.46634615384615385,0.46634615384615385,0.5142857142857142,0.3332331730769231,11,0.5,0,0.234508547008547,22,0.36734693877551017,2,0.5,0,0
6290855005,2016-04-25,exercise,0,0.41947115384615385,0.41947115384615385,0.44761904761904764,0.19358473557692307,11,0.5,0,0.22582799145299146,22,0.3197278911564626,2,0.5,0,0
6290855005,2016-04-27,exercise,0,0.41947115384615385,0.41947115384615385,0.4701492537313433,0.18219739819004524,12,0.5,0,0.24473640583554376,24,0.26119402985074625,4,0.5,0,0
6290855005,2016-04-27,steps,1,0.46634615384615385,0.46634615384615385,0.43283582089552236,0.37245475113122173,12,0.5,0,0.2528183023872679,24,0.24046434494195687,4,0.5,0,0
6290855005,2016-04-28,exercise,0,0.41947115384615385,0.41947115384615385,0.36153846153846153,0.1720753205128205,13,0.5,0,0.2612050248138958,26,0.25824175824175827,2,0.5,0,1
6290855005,2016-04-28,steps,0,0.46634615384615385,0.46634615384615385,0.47692307692307695,0.40731837606837606,13,0.5,0,0.26876550868486354,26,0.34065934065934067,2,0.5,0,1
6290855005,2016-04-30,exercise,0,0.41947115384615385,0.41947115384615385,0.44036697247706424,0.16301872469635628,14,0.5,0,0.24537441724941728,28,0.45740498034076016,2,0.5,0,0
6290855005,2016-04-30,steps,0,0.46634615384615385,0.46634615384615385,0.5045871559633027,0.3858805668016194,14,0.5,0,0.25247668997669,28,0.5032765399737876,2,0.5,0,0
6290855005,2016-05-01,exercise,1,0.41947115384615385,0.41947115384615385,0.3047619047619048,0.15486778846153845,15,0.5,0,0.231353021978022,30,0.2804232804232804,4,0.5,0,0
6290855005,2016-05-01,steps,1,0.46634615384615385,0.46634615384615385,0.3619047619047619,0.36658653846153844,15,0.5,0,0.23804945054945056,30,0.31216931216931215,4,0.5,0,0
6290855005,2016-05-02,exercise,0,0.41947115384615385,0.41947115384615385,0.44761904761904764,0.1951121794871795,16,0.5,0,0.2729015072765073,32,0.35978835978835977,4,0.5,0,2
6290855005,2016-05-02,steps,0,0.46634615384615385,0.46634615384615385,0.5142857142857142,0.3967490842490843,16,0.5,0,0.27923596673596673,32,0.3968253968253968,4,0.5,0,2
6290855005,2016-05-03,steps,0,0.46634615384615385,0.46634615384615385,0.5,0.378715034965035,17,0.5,0,0.26491617357001973,34,0.3888888888888889,4,0.5,0,0
6290855005,2016-05-03,exercise,0,0.41947115384615385,0.41947115384615385,0.4772727272727273,0.18624344405594406,17,0.5,0,0.25890655818540437,34,0.3762626262626263,4,0.5,0,0
6290855005,2016-05-04,exercise,0,0.41947115384615385,0.41947115384615385,0.4701492537313433,0.17814590301003344,18,0.5,0,0.2462769699812383,36,0.3046132971506106,6,0.5,0,0
6290855005,2016-05-04,steps,0,0.46634615384615385,0.46634615384615385,0.43283582089552236,0.3622491638795987,18,0.5,0,0.25199343339587243,36,0.28765264586160105,6,0.5,0,0
6290855005,2016-05-05,exercise,0,0.41947115384615385,0.41947115384615385,0.36153846153846153,0.17072315705128205,19,0.5,0,0.23482222719141327,38,0.20085470085470086,4,0.5,0,0
6290855005,2016-05-05,steps,0,0.46634615384615385,0.46634615384615385,0.47692307692307695,0.34715544871794873,19,0.5,0,0.2402728085867621,38,0.26495726495726496,4,0.5,0,0
6290855005,2016-05-06,exercise,0,0.41947115384615385,0.41947115384615385,0.4188034188034188,0.16389423076923076,20,0.5,0,0.22438568376068377,40,0.34377967711301044,4,0.5,0,0
6290855005,2016-05-06,steps,0,0.46634615384615385,0.46634615384615385,0.4700854700854701,0.3332692307692308,20,0.5,0,0.2295940170940171,40,0.37226970560303896,4,0.5,0,0
6290855005,2016-05-07,exercise,0,0.41947115384615385,0.41947115384615385,0.44036697247706424,0.15759060650887574,21,0.5,0,0.21483735679214405,42,0.35575942915392456,4,0.5,0,0
6290855005,2016-05-07,steps,0,0.46634615384615385,0.46634615384615385,0.5045871559633027,0.32045118343195267,21,0.5,0,0.2198240589198036,42,0.3914373088685015,4,0.5,0,0
6290855005,2016-05-08,exercise,0,0.41947115384615385,0.41947115384615385,0.3047619047619048,0.15175391737891739,22,0.5,0,0.20606848508634223,44,0.41125541125541126,6,0.5,0,0
6290855005,2016-05-08,steps,0,0.46634615384615385,0.46634615384615385,0.3619047619047619,0.30858262108262113,22,0.5,0,0.21085164835164838,44,0.4372294372294372,6,0.5,0,0
6290855005,2016-05-09,exercise,0,0.41947115384615385,0.41947115384615385,0.44761904761904764,0.1463341346153846,23,0.5,0,0.19798736802413275,46,0.2943722943722944,6,0.5,0,0
6290855005,2016-05-09,steps,1,0.46634615384615385,0.46634615384615385,0.5142857142857142,0.29756181318681324,23,0.5,0,0.20258295625942688,46,0.3246753246753247,6,0.5,0,0
6775888955,2016-04-13,exercise,0,0.41120381406436235,0.41120381406436235,0.45588235294117646,0.41120381406436235,0,0.5,0,0.41120381406436235,0,0.45588235294117646,0,0.5,0,0
6775888955,2016-04-13,sleep,0,0.5688775510204082,0.5688775510204082,0.676923076923077,0.5688775510204082,0,0.5,0,0.5688775510204082,0,0.676923076923077,0,0.5,0,0
6775888955,2016-04-13,steps,0,0.4696066746126341,0.4696066746126341,0.4264705882352941,0.4696066746126341,0,0.5,0,0.4696066746126341,0,0.4264705882352941,0,0.5,0,0
6775888955,2016-04-14,exercise,0,0.41120381406436235,0.41120381406436235,0.35877862595419846,0.34266984505363524,1,0.5,0,0.29371701004597306,2,0.35877862595419846,0,0.5,0,0
6775888955,2016-04-14,sleep,1,0.5688775510204082,0.5688775510204082,0.5081967213114754,0.4740646258503401,1,0.5,0,0.4740646258503401,1,0.5081967213114754,0,0.5,0,0
6775888955,2016-04-14,steps,0,0.4696066746126341,0.4696066746126341,0.4732824427480916,0.3913388955105284,1,0.5,0,0.3354333390090244,2,0.4732824427480916,0,0.5,0,0
6775888955,2016-04-15,sleep,0,0.5688775510204082,0.5688775510204082,0.5849056603773585,0.549198250728863,2,0.5,0,0.549198250728863,2,0.5849056603773585,0,0.5,0,0
6775888955,2016-04-15,steps,0,0.4696066746126341,0.4696066746126341,0.47863247863247865,0.3354333390090244,2,0.5,0,0.26089259700701894,4,0.47863247863247865,0,0.5,0,0
6775888955,2016-04-15,exercise,0,0.41120381406436235,0.41120381406436235,0.41025641025641024,0.29371701004597306,2,0.5,0,0.22844656336909017,4,0.41025641025641024,0,0.5,0,0
6775888955,2016-04-16,exercise,1,0.41120381406436235,0.41120381406436235,0.43119266055045874,0.25700238379022644,3,0.5,0,0.18691082457471014,6,0.43119266055045874,0,0.5,0,0
6775888955,2016-04-16,steps,0,0.4696066746126341,0.4696066746126341,0.5137614678899083,0.2935041716328963,3,0.5,0,0.21345757936937915,6,0.5137614678899083,0,0.5,0,0
6775888955,2016-04-17,exercise,1,0.41120381406436235,0.41120381406436235,0.3113207547169811,0.3395576744802013,4,0.5,0,0.23507839002475472,8,0.3113207547169811,0,0.5,0,0
6775888955,2016-04-17,steps,0,0.4696066746126341,0.4696066746126341,0.36792452830188677,0.26089259700701894,4,0.5,0,0.257541028697167,8,0.36792452830188677,0,0.5,0,0
6775888955,2016-04-18,exercise,1,0.41120381406436235,0.41120381406436235,0.42990654205607476,0.40560190703218113,5,0.5,0,0.2704012713547874,10,0.42990654205607476,0,0.5,0,0
6775888955,2016-04-18,steps,0,0.4696066746126341,0.4696066746126341,0.5233644859813084,0.23480333730631706,5,0.5,0,0.2898688915375447,10,0.5233644859813084,0,0.5,0,0
6775888955,2016-04-20,exercise,1,0.41120381406436235,0.41120381406436235,0.45588235294117646,0.45963809730198285,6,0.5,0,0.2974128864895183,12,0.2849264705882353,3,0.5,0,0
6775888955,2016-04-20,steps,1,0.4696066746126341,0.4696066746126341,0.4264705882352941,0.21345757936937915,6,0.5,0,0.31459019841548064,12,0.2665441176470588,3,0.5,0,0
6775888955,2016-04-22,steps,0,0.4696066746126341,0.4696066746126341,0.47863247863247865,0.27900278108859755,7,0.5,0,0.38673859858227216,14,0.29914529914529914,3,0.5,0,2
6775888955,2016-04-22,exercise,0,0.41120381406436235,0.41120381406436235,0.41025641025641024,0.504668255860151,7,0.5,0,0.37136942475377954,14,0.2564102564102564,3,0.5,0,2
6775888955,2016-04-24,exercise,0,0.41120381406436235,0.41120381406436235,0.3113207547169811,0.4658476207939855,8,0.5,0,0.33600090811056244,16,0.36522911051212936,2,0.5,0,0
6775888955,2016-04-24,steps,0,0.4696066746126341,0.4696066746126341,0.36792452830188677,0.257541028697167,8,0.5,0,0.3499063510982462,16,0.40566037735849053,2,0.5,0,0
6775888955,2016-04-25,exercise,0,0.41120381406436235,0.41120381406436235,0.42990654205607476,0.43257279073727223,9,0.5,0,0.3067834378400788,18,0.4499332443257677,2,0.5,0,0
6775888955,2016-04-25,steps,0,0.4696066746126341,0.4696066746126341,0.5233644859813084,0.23914524093308362,9,0.5,0,0.3194797118723118,18,0.5166889185580774,2,0.5,0,0
6775888955,2016-04-26,exercise,1,0.41120381406436235,0.41120381406436235,0.46616541353383456,0.4037346046881208,10,0.5,0,0.28224076281287247,20,0.46616541353383456,0,0.5,0,0
6775888955,2016-04-26,steps,0,0.4696066746126341,0.4696066746126341,0.5037593984962406,0.22320222487087804,10,0.5,0,0.2939213349225268,20,0.5037593984962406,0,0.5,0,0
6775888955,2016-04-28,steps,0,0.4696066746126341,0.4696066746126341,0.4732824427480916,0.20925208581644816,11,0.5,0,0.30918642122456186,22,0.4208015267175573,3,0.5,0,0
6775888955,2016-04-28,exercise,0,0.41120381406436235,0.41120381406436235,0.35877862595419846,0.4410011918951132,11,0.5,0,0.2983710766785856,22,0.34923664122137404,3,0.5,0,0
6775888955,2016-04-30,steps,0,0.4696066746126341,0.4696066746126341,0.5137614678899083,0.1969431395919512,12,0.5,0,0.287863219760799,24,0.5098296199213631,2,0.5,0,0
6775888955,2016-04-30,exercise,0,0.41120381406436235,0.41120381406436235,0.43119266055045874,0.41505994531304774,12,0.5,0,0.27779376104557973,24,0.45085190039318485,2,0.5,0,0
6775888955,2016-05-01,exercise,0,0.41120381406436235,0.41120381406436235,0.3113207547169811,0.3920010594623229,13,0.5,0,0.25987158291360685,26,0.28406708595387836,4,0.5,0,0
6775888955,2016-05-01,steps,0,0.4696066746126341,0.4696066746126341,0.36792452830188677,0.18600185405906502,13,0.5,0,0.26929139913107003,26,0.31551362683438156,4,0.5,0,0
6775888955,2016-05-03,exercise,0,0.41120381406436235,0.41120381406436235,0.46616541353383456,0.37136942475377954,14,0.5,0,0.24412179000975187,28,0.4758324382384532,2,0.5,0,0
6775888955,2016-05-03,steps,0,0.4696066746126341,0.4696066746126341,0.5037593984962406,0.17621228279279846,14,0.5,0,0.2529707082746415,28,0.5026852846401718,2,0.5,0,0
6775888955,2016-05-06,exercise,1,0.41120381406436235,0.41120381406436235,0.41025641025641024,0.3528009535160906,15,0.5,0,0.23017197343776605,30,0.20512820512820512,5,0.5,0,0
6775888955,2016-05-06,steps,0,0.4696066746126341,0.4696066746126341,0.47863247863247865,0.16740166865315853,15,0.5,0,0.2385152392303763,30,0.2393162393162393,5,0.5,0,0
6775888955,2016-05-07,exercise,0,0.41120381406436235,0.41120381406436235,0.43119266055045874,0.38361995572961005,16,0.5,0,0.24475727217085977,32,0.3506625891946993,4,0.5,0,0
6775888955,2016-05-07,steps,0,0.4696066746126341,0.4696066746126341,0.5137614678899083,0.15943016062205576,16,0.5,0,0.25264955062332894,32,0.3965341488277268,4,0.5,0,0
6962181067,2016-04-12,exercise,1,0.4036363636363636,0.4036363636363636,0.45384615384615384,0.4036363636363636,0,0.5,0,0.4036363636363636,0,0.45384615384615384,0,0.5,0,0
6962181067,2016-04-12,sleep,0,0.5604395604395604,0.5604395604395604,0.423728813559322,0.5604395604395604,0,0.5,0,0.5604395604395604,0,0.423728813559322,0,0.5,0,0
6962181067,2016-04-12,steps,0,0.45212121212121215,0.45212121212121215,0.4846153846153846,0.45212121212121215,0,0.5,0,0.45212121212121215,0,0.4846153846153846,0,0.5,0,0
6962181067,2016-04-13,exercise,1,0.4036363636363636,0.4036363636363636,0.44360902255639095,0.503030303030303,1,0.5,0,0.43116883116883115,2,0.44360902255639095,0,0.5,0,0
6962181067,2016-04-13,sleep,1,0.5604395604395604,0.5604395604395604,0.639344262295082,0.467032967032967,1,0.5,0,0.467032967032967,1,0.639344262295082,0,0.5,0,0
6962181067,2016-04-13,steps,1,0.45212121212121215,0.45212121212121215,0.41353383458646614,0.3767676767676768,1,0.5,0,0.4658008658008658,2,0.41353383458646614,0,0.5,0,0
6962181067,2016-04-14,exercise,0,0.4036363636363636,0.4036363636363636,0.3515625,0.574025974025974,2,0.5,0,0.5575757575757575,4,0.3515625,0,0.5,0,3
6962181067,2016-04-14,sleep,1,0.5604395604395604,0.5604395604395604,0.49122807017543857,0.543171114599686,2,0.5,0,0.543171114599686,2,0.49122807017543857,0,0.5,0,3
6962181067,2016-04-14,steps,0,0.45212121212121215,0.45212121212121215,0.4609375,0.4658008658008658,2,0.5,0,0.5845117845117845,4,0.4609375,0,0.5,0,3
6962181067,2016-04-15,steps,1,0.45212121212121215,0.45212121212121215,0.45689655172413796,0.4075757575757576,3,0.5,0,0.47823691460055096,6,0.45689655172413796,0,0.5,0,0
6962181067,2016-04-15,sleep,0,0.5604395604395604,0.5604395604395604,0.56,0.6002747252747253,3,0.5,0,0.6002747252747253,3,0.56,0,0.5,0,0
6962181067,2016-04-15,exercise,0,0.4036363636363636,0.4036363636363636,0.41379310344827586,0.5022727272727272,3,0.5,0,0.45619834710743795,6,0.41379310344827586,0,0.5,0,0
6962181067,2016-04-16,exercise,1,0.4036363636363636,0.4036363636363636,0.4166666666666667,0.4464646464646464,4,0.5,0,0.4629370629370629,8,0.4166666666666667,0,0.5,0,0
6962181067,2016-04-16,sleep,0,0.5604395604395604,0.5604395604395604,0.5306122448979592,0.5335775335775336,4,0.5,0,0.5335775335775336,4,0.5306122448979592,0,0.5,0,0
6962181067,2016-04-16,steps,1,0.45212121212121215,0.45212121212121215,0.49074074074074076,0.47340067340067343,4,0.5,0,0.4815850815850816,8,0.49074074074074076,0,0.5,0,0
6962181067,2016-04-17,exercise,0,0.4036363636363636,0.4036363636363636,0.3238095238095238,0.5018181818181817,5,0.5,0,0.5345454545454545,10,0.3238095238095238,0,0.5,0,1
6962181067,2016-04-17,sleep,0,0.5604395604395604,0.5604395604395604,0.7083333333333334,0.4802197802197802,5,0.5,0,0.4802197802197802,5,0.7083333333333334,0,0.5,0,1
6962181067,2016-04-17,steps,1,0.45212121212121215,0.45212121212121215,0.3523809523809524,0.5260606060606061,5,0.5,0,0.5507070707070708,10,0.3523809523809524,0,0.5,0,1
6962181067,2016-04-18,exercise,1,0.4036363636363636,0.4036363636363636,0.4095238095238095,0.45619834710743795,6,0.5,0,0.5304812834224598,12,0.4095238095238095,0,0.5,0,1
6962181067,2016-04-18,sleep,1,0.5604395604395604,0.5604395604395604,0.6,0.43656343656343655,6,0.5,0,0.43656343656343655,6,0.6,0,0.5,0,1
6962181067,2016-04-18,steps,0,0.45212121212121215,0.45212121212121215,0.5047619047619047,0.5691460055096419,6,0.5,0,0.5447415329768271,12,0.5047619047619047,0,0.5,0,1
6962181067,2016-04-19,steps,1,0.45212121212121215,0.45212121212121215,0.4846153846153846,0.5217171717171717,7,0.5,0,0.5400318979266349,14,0.42788461538461536,3,0.5,0,0
6962181067,2016-04-19,sleep,1,0.5604395604395604,0.5604395604395604,0.423728813559322,0.4835164835164835,7,0.5,0,0.4835164835164835,7,0.38983050847457623,3,0.5,0,0
6962181067,2016-04-19,exercise,1,0.4036363636363636,0.4036363636363636,0.45384615384615384,0.5015151515151515,7,0.5,0,0.5272727272727272,14,0.40865384615384615,3,0.5,0,0
6962181067,2016-04-20,exercise,1,0.4036363636363636,0.4036363636363636,0.44360902255639095,0.5398601398601398,8,0.5,0,0.5722943722943723,16,0.6522556390977443,3,0.5,0,3
6962181067,2016-04-20,sleep,1,0.5604395604395604,0.5604395604395604,0.639344262295082,0.5232459847844463,8,0.5,0,0.5232459847844463,8,0.7745901639344263,3,0.5,0,3
6962181067,2016-04-20,steps,1,0.45212121212121215,0.45212121212121215,0.41353383458646614,0.5585081585081585,8,0.5,0,0.5838383838383839,16,0.6334586466165413,3,0.5,0,3
6962181067,2016-04-21,exercise,1,0.4036363636363636,0.4036363636363636,0.3515625,0.5727272727272726,9,0.5,0,0.6094861660079051,18,0.3447265625,3,0.5,0,6
6962181067,2016-04-21,sleep,0,0.5604395604395604,0.5604395604395604,0.49122807017543857,0.5572998430141287,9,0.5,0,0.5572998430141287,9,0.4320175438596491,3,0.5,0,6
6962181067,2016-04-21,steps,1,0.45212121212121215,0.45212121212121215,0.4609375,0.5900432900432901,9,0.5,0,0.6200263504611331,18,0.4130859375,3,0.5,0,6
6962181067,2016-04-22,exercise,1,0.4036363636363636,0.4036363636363636,0.41379310344827586,0.6012121212121212,10,0.5,0,0.6407272727272728,20,0.38362068965517243,3,0.5,0,2
6962181067,2016-04-22,sleep,1,0.5604395604395604,0.5604395604395604,0.56,0.5201465201465202,10,0.5,0,0.5201465201465202,10,0.47500000000000003,3,0.5,0,2
6962181067,2016-04-22,steps,0,0.45212121212121215,0.45212121212121215,0.45689655172413796,0.6173737373737375,10,0.5,0,0.6504242424242425,20,0.41056034482758624,3,0.5,0,2
6962181067,2016-04-23,steps,1,0.45212121212121215,0.45212121212121215,0.49074074074074076,0.5787878787878789,11,0.5,0,0.6392817059483726,22,0.556712962962963,3,0.5,0,0
6962181067,2016-04-23,sleep,1,0.5604395604395604,0.5604395604395604,0.5306122448979592,0.5501373626373627,11,0.5,0,0.5501373626373627,11,0.5816326530612246,3,0.5,0,0
6962181067,2016-04-23,exercise,1,0.4036363636363636,0.4036363636363636,0.4166666666666667,0.6261363636363636,11,0.5,0,0.6303030303030304,22,0.5104166666666667,3,0.5,0,0
6962181067,2016-04-24,exercise,0,0.4036363636363636,0.4036363636363636,0.3238095238095238,0.6481283422459893,12,0.5,0,0.6557993730407524,24,0.3273809523809524,3,0.5,0,3
6962181067,2016-04-24,sleep,1,0.5604395604395604,0.5604395604395604,0.7083333333333334,0.5765998707175178,12,0.5,0,0.5765998707175178,12,0.5677083333333334,3,0.5,0,3
6962181067,2016-04-24,steps,1,0.45212121212121215,0.45212121212121215,0.3523809523809524,0.6035650623885919,12,0.5,0,0.6641588296760711,24,0.34523809523809523,3,0.5,0,3
6962181067,2016-04-25,exercise,1,0.4036363636363636,0.4036363636363636,0.4095238095238095,0.6121212121212121,13,0.5,0,0.6457478005865103,26,0.5059523809523809,3,0.5,0,1
6962181067,2016-04-25,sleep,0,0.5604395604395604,0.5604395604395604,0.6,0.6001221001221002,13,0.5,0,0.6001221001221002,13,0.625,3,0.5,0,1
6962181067,2016-04-25,steps,1,0.45212121212121215,0.45212121212121215,0.5047619047619047,0.6255892255892257,13,0.5,0,0.6535679374389052,26,0.5654761904761905,3,0.5,0,1
6962181067,2016-04-26,exercise,0,0.4036363636363636,0.4036363636363636,0.45384615384615384,0.6325358851674641,14,0.5,0,0.6672176308539945,28,0.5699300699300699,6,0.5,0,2
6962181067,2016-04-26,sleep,0,0.5604395604395604,0.5604395604395604,0.423728813559322,0.5685367264314634,14,0.5,0,0.5685367264314634,14,0.5562403697996918,6,0.5,0,2
6962181067,2016-04-26,steps,1,0.45212121212121215,0.45212121212121215,0.4846153846153846,0.6452950558213717,14,0.5,0,0.6745638200183655,28,0.583916083916084,6,0.5,0,2
6962181067,2016-04-27,steps,1,0.45212121212121215,0.45212121212121215,0.41353383458646614,0.6630303030303031,15,0.5,0,0.6645887445887446,30,0.7334244702665754,6,0.5,0,1
6962181067,2016-04-27,sleep,1,0.5604395604395604,0.5604395604395604,0.639344262295082,0.5401098901098902,15,0.5,0,0.5401098901098902,15,0.836065573770492,6,0.5,0,1
6962181067,2016-04-27,exercise,1,0.4036363636363636,0.4036363636363636,0.44360902255639095,0.6009090909090908,15,0.5,0,0.6576623376623377,30,0.7470950102529049,6,0.5,0,1
6962181067,2016-04-28,exercise,1,0.4036363636363636,0.4036363636363636,0.3515625,0.6199134199134199,16,0.5,0,0.6761670761670762,32,0.4325284090909091,6,0.5,0,4
6962181067,2016-04-28,sleep,1,0.5604395604395604,0.5604395604395604,0.49122807017543857,0.5620094191522763,16,0.5,0,0.5620094191522763,16,0.49601275917065385,6,0.5,0,4
6962181067,2016-04-28,steps,1,0.45212121212121215,0.45212121212121215,0.4609375,0.6790764790764792,16,0.5,0,0.6827190827190828,32,0.4822443181818182,6,0.5,0,4
6962181067,2016-04-29,exercise,0,0.4036363636363636,0.4036363636363636,0.41379310344827586,0.6371900826446281,17,0.5,0,0.6927738927738928,34,0.46081504702194354,6,0.5,0,7
6962181067,2016-04-29,sleep,1,0.5604395604395604,0.5604395604395604,0.56,0.5819180819180819,17,0.5,0,0.5819180819180819,17,0.5272727272727273,6,0.5,0,7
6962181067,2016-04-29,steps,1,0.45212121212121215,0.45212121212121215,0.45689655172413796,0.6936639118457301,17,0.5,0,0.698989898989899,34,0.4804075235109719,6,0.5,0,7
6962181067,2016-04-30,exercise,1,0.4036363636363636,0.4036363636363636,0.4166666666666667,0.6094861660079051,18,0.5,0,0.683370288248337,36,0.643939393939394,6,0.5,0,1
6962181067,2016-04-30,sleep,1,0.5604395604395604,0.5604395604395604,0.5306122448979592,0.6000955566172957,18,0.5,0,0.6000955566172957,18,0.6957328385899815,6,0.5,0,1
6962181067,2016-04-30,steps,1,0.45212121212121215,0.45212121212121215,0.49074074074074076,0.7069828722002636,18,0.5,0,0.6892830746489284,36,0.6776094276094277,6,0.5,0,1
6962181067,2016-05-01,steps,0,0.45212121212121215,0.45212121212121215,0.3523809523809524,0.7191919191919193,19,0.5,0,0.7037350246652573,38,0.4329004329004329,6,0.5,0,5
6962181067,2016-05-01,sleep,0,0.5604395604395604,0.5604395604395604,0.7083333333333334,0.6167582417582418,19,0.5,0,0.6167582417582418,19,0.5946969696969697,6,0.5,0,5
6962181067,2016-05-01,exercise,0,0.4036363636363636,0.4036363636363636,0.3238095238095238,0.6257575757575757,19,0.5,0,0.6980972515856237,38,0.41991341991341985,6,0.5,0,5
6962181067,2016-05-02,exercise,1,0.4036363636363636,0.4036363636363636,0.4095238095238095,0.6007272727272727,20,0.5,0,0.6670707070707071,40,0.5497835497835498,6,0.5,0,0
6962181067,2016-05-02,sleep,0,0.5604395604395604,0.5604395604395604,0.6,0.5920879120879121,20,0.5,0,0.5920879120879121,20,0.6363636363636364,6,0.5,0,0
6962181067,2016-05-02,steps,1,0.45212121212121215,0.45212121212121215,0.5047619047619047,0.6904242424242425,20,0.5,0,0.6724579124579125,40,0.5930735930735931,6,0.5,0,0
6962181067,2016-05-03,exercise,1,0.4036363636363636,0.4036363636363636,0.45384615384615384,0.6160839160839161,21,0.5,0,0.681237911025145,42,0.5192307692307693,9,0.5,0,2
6962181067,2016-05-03,sleep,0,0.5604395604395604,0.5604395604395604,0.423728813559322,0.5693153000845309,21,0.5,0,0.5693153000845309,21,0.5084745762711864,9,0.5,0,2
6962181067,2016-05-03,steps,1,0.45212121212121215,0.45212121212121215,0.4846153846153846,0.7023310023310023,21,0.5,0,0.6863958736299162,42,0.5302197802197802,9,0.5,0,2
6962181067,2016-05-04,exercise,0,0.4036363636363636,0.4036363636363636,0.44360902255639095,0.6303030303030304,22,0.5,0,0.6942486085343228,44,0.8012889366272825,9,0.5,0,2
6962181067,2016-05-04,sleep,1,0.5604395604395604,0.5604395604395604,0.639344262295082,0.5482295482295483,22,0.5,0,0.5482295482295483,22,0.8711943793911008,9,0.5,0,2
6962181067,2016-05-04,steps,1,0.45212121212121215,0.45212121212121215,0.41353383458646614,0.7133557800224467,22,0.5,0,0.6991960420531849,44,0.790547798066595,9,0.5,0,2
6962181067,2016-05-05,steps,1,0.45212121212121215,0.45212121212121215,0.4609375,0.7235930735930737,23,0.5,0,0.6913844325609031,46,0.5931919642857143,9,0.5,0,1
6962181067,2016-05-05,exercise,0,0.4036363636363636,0.4036363636363636,0.3515625,0.6077922077922079,23,0.5,0,0.6866310160427807,46,0.5541294642857143,9,0.5,0,1
6962181067,2016-05-05,sleep,1,0.5604395604395604,0.5604395604395604,0.49122807017543857,0.5643642072213501,23,0.5,0,0.5643642072213501,23,0.6040100250626566,9,0.5,0,1
6962181067,2016-05-06,exercise,0,0.4036363636363636,0.4036363636363636,0.41379310344827586,0.5868338557993731,24,0.5,0,0.6795883361921098,48,0.5049261083743842,9,0.5,0,2
6962181067,2016-05-06,sleep,1,0.5604395604395604,0.5604395604395604,0.56,0.579386131110269,24,0.5,0,0.579386131110269,24,0.5571428571428572,9,0.5,0,2
6962181067,2016-05-06,steps,1,0.45212121212121215,0.45212121212121215,0.45689655172413796,0.7331243469174504,24,0.5,0,0.6841623785020011,48,0.5203201970443351,9,0.5,0,2
6962181067,2016-05-07,exercise,0,0.4036363636363636,0.4036363636363636,0.4166666666666667,0.5672727272727273,25,0.5,0,0.6730578512396693,50,0.7202380952380952,9,0.5,0,1
6962181067,2016-05-07,sleep,0,0.5604395604395604,0.5604395604395604,0.5306122448979592,0.5934065934065934,25,0.5,0,0.5934065934065934,25,0.760932944606414,9,0.5,0,1
6962181067,2016-05-07,steps,0,0.45212121212121215,0.45212121212121215,0.49074074074074076,0.742020202020202,25,0.5,0,0.677465564738292,50,0.7466931216931217,9,0.5,0,1
6962181067,2016-05-08,steps,0,0.45212121212121215,0.45212121212121215,0.3523809523809524,0.7180840664711633,26,0.5,0,0.6536948431685273,52,0.3401360544217687,9,0.5,0,0
6962181067,2016-05-08,exercise,0,0.4036363636363636,0.4036363636363636,0.3238095238095238,0.5489736070381233,26,0.5,0,0.6494417862838915,52,0.3299319727891156,9,0.5,0,0
6962181067,2016-05-08,sleep,1,0.5604395604395604,0.5604395604395604,0.7083333333333334,0.5742644452321872,26,0.5,0,0.5742644452321872,26,0.46726190476190477,9,0.5,0,0
6962181067,2016-05-09,steps,1,0.45212121212121215,0.45212121212121215,0.5047619047619047,0.6956439393939394,27,0.5,0,0.6315356959424756,54,0.608843537414966,9,0.5,0,1
6962181067,2016-05-09,exercise,1,0.4036363636363636,0.4036363636363636,0.4095238095238095,0.5318181818181819,27,0.5,0,0.6274268104776579,54,0.5748299319727891,9,0.5,0,1
6962181067,2016-05-09,sleep,1,0.5604395604395604,0.5604395604395604,0.6,0.5875686813186813,27,0.5,0,0.5875686813186813,27,0.6428571428571429,9,0.5,0,1
6962181067,2016-05-10,exercise,1,0.4036363636363636,0.4036363636363636,0.45384615384615384,0.5460055096418733,28,0.5,0,0.6396423248882265,56,0.5452488687782806,12,0.5,0,4
6962181067,2016-05-10,sleep,1,0.5604395604395604,0.5604395604395604,0.423728813559322,0.6000666000666001,28,0.5,0,0.6000666000666001,28,0.5363908275174476,12,0.5,0,4
6962181067,2016-05-10,steps,1,0.45212121212121215,0.45212121212121215,0.4846153846153846,0.7048668503213958,28,0.5,0,0.6436164927968206,56,0.5542986425339367,12,0.5,0,4
6962181067,2016-05-11,sleep,1,0.5604395604395604,0.5604395604395604,0.639344262295082,0.6118293471234648,29,0.5,0,0.6118293471234648,29,0.8351012536162007,12,0.5,0,7
6962181067,2016-05-11,exercise,1,0.4036363636363636,0.4036363636363636,0.44360902255639095,0.5593582887700536,29,0.5,0,0.651082251082251,58,0.777532065457762,12,0.5,0,7
6962181067,2016-05-11,steps,0,0.45212121212121215,0.45212121212121215,0.41353383458646614,0.7135472370766489,29,0.5,0,0.6549302549302549,58,0.7686864219371959,12,0.5,0,7
6962181067,2016-05-12,sleep,1,0.5604395604395604,0.5604395604395604,0.49122807017543857,0.6229199372056515,30,0.5,0,0.6229199372056515,30,0.6150670794633643,12,0.5,0,0
6962181067,2016-05-12,exercise,0,0.4036363636363636,0.4036363636363636,0.3515625,0.571948051948052,30,0.5,0,0.6464335664335664,60,0.5739889705882353,12,0.5,0,0
6962181067,2016-05-12,steps,0,0.45212121212121215,0.45212121212121215,0.4609375,0.6931601731601732,30,0.5,0,0.6501631701631702,60,0.6061580882352942,12,0.5,0,0
7007744171,2016-04-12,exercise,1,0.40384615384615385,0.40384615384615385,0.4580152671755725,0.40384615384615385,0,0.5,0,0.40384615384615385,0,0.4580152671755725,0,0.5,0,0
7007744171,2016-04-12,steps,1,0.4519230769230769,0.4519230769230769,0.48091603053435117,0.4519230769230769,0,0.5,0,0.4519230769230769,0,0.48091603053435117,0,0.5,0,0
7007744171,2016-04-13,exercise,1,0.40384615384615385,0.40384615384615385,0.4444444444444444,0.5032051282051282,1,0.5,0,0.5741758241758241,2,0.4444444444444444,0,0.5,0,2
7007744171,2016-04-13,steps,1,0.4519230769230769,0.4519230769230769,0.4148148148148148,0.5432692307692307,1,0.5,0,0.6085164835164836,2,0.4148148148148148,0,0.5,0,2
7007744171,2016-04-14,exercise,0,0.40384615384615385,0.40384615384615385,0.34108527131782945,0.5741758241758241,2,0.5,0,0.6688034188034188,4,0.34108527131782945,0,0.5,0,4
7007744171,2016-04-14,steps,1,0.4519230769230769,0.4519230769230769,0.4496124031007752,0.6085164835164836,2,0.5,0,0.6955128205128206,4,0.4496124031007752,0,0.5,0,4
7007744171,2016-04-15,exercise,0,0.40384615384615385,0.40384615384615385,0.4051724137931034,0.5024038461538461,3,0.5,0,0.6381118881118881,6,0.4051724137931034,0,0.5,0,1
7007744171,2016-04-15,steps,0,0.4519230769230769,0.4519230769230769,0.45689655172413796,0.6574519230769231,3,0.5,0,0.659965034965035,6,0.45689655172413796,0,0.5,0,1
7007744171,2016-04-16,exercise,0,0.40384615384615385,0.40384615384615385,0.43119266055045874,0.44658119658119655,4,0.5,0,0.5399408284023669,8,0.43119266055045874,0,0.5,0,0
7007744171,2016-04-16,steps,0,0.4519230769230769,0.4519230769230769,0.5137614678899083,0.5844017094017094,4,0.5,0,0.5584319526627219,8,0.5137614678899083,0,0.5,0,0
7007744171,2016-04-17,steps,1,0.4519230769230769,0.4519230769230769,0.3490566037735849,0.5259615384615385,5,0.5,0,0.483974358974359,10,0.3490566037735849,0,0.5,0,0
7007744171,2016-04-17,exercise,0,0.40384615384615385,0.40384615384615385,0.32075471698113206,0.40192307692307694,5,0.5,0,0.46794871794871795,10,0.32075471698113206,0,0.5,0,0
7007744171,2016-04-18,exercise,1,0.40384615384615385,0.40384615384615385,0.41509433962264153,0.36538461538461536,6,0.5,0,0.4717194570135747,12,0.41509433962264153,0,0.5,0,0
7007744171,2016-04-18,steps,1,0.4519230769230769,0.4519230769230769,0.5,0.5690559440559441,6,0.5,0,0.4858597285067874,12,0.5,0,0.5,0,0
7007744171,2016-04-19,exercise,1,0.40384615384615385,0.40384615384615385,0.4580152671755725,0.4182692307692308,7,0.5,0,0.5273279352226721,14,0.6128680479825518,2,0.5,0,2
7007744171,2016-04-19,steps,1,0.4519230769230769,0.4519230769230769,0.48091603053435117,0.6049679487179488,7,0.5,0,0.5399797570850202,14,0.6292257360959651,2,0.5,0,2
7007744171,2016-04-20,exercise,1,0.40384615384615385,0.40384615384615385,0.4444444444444444,0.4630177514792899,8,0.5,0,0.5723443223443224,16,0.6031746031746031,2,0.5,0,4
7007744171,2016-04-20,steps,1,0.4519230769230769,0.4519230769230769,0.4148148148148148,0.6353550295857988,8,0.5,0,0.5837912087912088,16,0.5820105820105821,2,0.5,0,4
7007744171,2016-04-21,exercise,1,0.40384615384615385,0.40384615384615385,0.34108527131782945,0.5013736263736264,9,0.5,0,0.6095317725752508,18,0.3864894795127353,2,0.5,0,6
7007744171,2016-04-21,steps,1,0.4519230769230769,0.4519230769230769,0.4496124031007752,0.6614010989010989,9,0.5,0,0.6199832775919732,18,0.4640088593576966,2,0.5,0,6
7007744171,2016-04-22,exercise,1,0.40384615384615385,0.40384615384615385,0.4051724137931034,0.5346153846153847,10,0.5,0,0.6407692307692308,20,0.28940886699507384,2,0.5,0,8
7007744171,2016-04-22,steps,1,0.4519230769230769,0.4519230769230769,0.45689655172413796,0.683974358974359,10,0.5,0,0.6503846153846153,20,0.3263546798029557,2,0.5,0,8
7007744171,2016-04-23,steps,0,0.4519230769230769,0.4519230769230769,0.5137614678899083,0.7037259615384616,11,0.5,0,0.6762820512820512,22,0.3669724770642202,2,0.5,0,11
7007744171,2016-04-23,exercise,1,0.40384615384615385,0.40384615384615385,0.43119266055045874,0.5637019230769231,11,0.5,0,0.6673789173789174,22,0.30799475753604194,2,0.5,0,11
7007744171,2016-04-24,exercise,0,0.40384615384615385,0.40384615384615385,0.32075471698113206,0.5893665158371041,12,0.5,0,0.6558355437665783,24,0.3719676549865229,2,0.5,0,1
7007744171,2016-04-24,steps,1,0.4519230769230769,0.4519230769230769,0.3490566037735849,0.6623303167420814,12,0.5,0,0.6641246684350132,24,0.3921832884097035,2,0.5,0,1
7007744171,2016-04-25,exercise,1,0.40384615384615385,0.40384615384615385,0.41509433962264153,0.5566239316239316,13,0.5,0,0.6457816377171216,26,0.5822102425876011,2,0.5,0,1
7007744171,2016-04-25,steps,1,0.4519230769230769,0.4519230769230769,0.5,0.6810897435897436,13,0.5,0,0.6535359801488834,26,0.6428571428571429,2,0.5,0,1
7007744171,2016-04-26,exercise,0,0.40384615384615385,0.40384615384615385,0.4580152671755725,0.5799595141700405,14,0.5,0,0.6672494172494172,28,0.6988973706530959,4,0.5,0,3
7007744171,2016-04-26,steps,1,0.4519230769230769,0.4519230769230769,0.48091603053435117,0.6978744939271255,14,0.5,0,0.6745337995337994,28,0.7116200169635284,4,0.5,0,3
7007744171,2016-04-27,exercise,1,0.40384615384615385,0.40384615384615385,0.4444444444444444,0.5509615384615385,15,0.5,0,0.6576923076923077,30,0.691358024691358,4,0.5,0,1
7007744171,2016-04-27,steps,1,0.4519230769230769,0.4519230769230769,0.4148148148148148,0.7129807692307693,15,0.5,0,0.6645604395604395,30,0.6748971193415638,4,0.5,0,1
7007744171,2016-04-28,exercise,1,0.40384615384615385,0.40384615384615385,0.34108527131782945,0.5723443223443224,16,0.5,0,0.6761954261954262,32,0.5228251507321274,4,0.5,0,3
7007744171,2016-04-28,steps,1,0.4519230769230769,0.4519230769230769,0.4496124031007752,0.7266483516483516,16,0.5,0,0.6826923076923077,32,0.5831180017226529,4,0.5,0,3
7007744171,2016-04-29,steps,1,0.4519230769230769,0.4519230769230769,0.45689655172413796,0.7390734265734266,17,0.5,0,0.69896449704142,34,0.47605363984674337,4,0.5,0,5
7007744171,2016-04-29,exercise,1,0.40384615384615385,0.40384615384615385,0.4051724137931034,0.5917832167832168,17,0.5,0,0.6928007889546351,34,0.4473180076628352,4,0.5,0,5
7007744171,2016-04-30,exercise,0,0.40384615384615385,0.40384615384615385,0.43119266055045874,0.6095317725752508,18,0.5,0,0.7077861163227017,36,0.3506625891946993,4,0.5,0,7
7007744171,2016-04-30,steps,0,0.4519230769230769,0.4519230769230769,0.5137614678899083,0.7504180602006688,18,0.5,0,0.7136491557223265,36,0.3965341488277268,4,0.5,0,7
7007744171,2016-05-01,exercise,0,0.40384615384615385,0.40384615384615385,0.32075471698113206,0.5841346153846154,19,0.5,0,0.6748658318425761,38,0.40041928721174,4,0.5,0,0
7007744171,2016-05-01,steps,0,0.4519230769230769,0.4519230769230769,0.3490566037735849,0.719150641025641,19,0.5,0,0.6804561717352414,38,0.41614255765199165,4,0.5,0,0
7007744171,2016-05-02,exercise,1,0.40384615384615385,0.40384615384615385,0.41509433962264153,0.5607692307692308,20,0.5,0,0.6448717948717949,40,0.6750524109014675,4,0.5,0,0
7007744171,2016-05-02,steps,1,0.4519230769230769,0.4519230769230769,0.5,0.6903846153846154,20,0.5,0,0.6502136752136752,40,0.7222222222222222,4,0.5,0,0
7007744171,2016-05-03,exercise,1,0.40384615384615385,0.40384615384615385,0.4580152671755725,0.5776627218934911,21,0.5,0,0.6599836333878887,42,0.6627342123525329,6,0.5,0,2
7007744171,2016-05-03,steps,1,0.4519230769230769,0.4519230769230769,0.48091603053435117,0.702292899408284,21,0.5,0,0.6650981996726677,42,0.6731436502428868,6,0.5,0,2
7007744171,2016-05-05,exercise,1,0.40384615384615385,0.40384615384615385,0.34108527131782945,0.5933048433048433,22,0.5,0,0.6738618524332809,44,0.609584214235377,6,0.5,0,4
7007744171,2016-05-05,steps,1,0.4519230769230769,0.4519230769230769,0.4496124031007752,0.7133190883190883,22,0.5,0,0.6787676609105181,44,0.6589147286821706,6,0.5,0,4
7007744171,2016-05-06,exercise,0,0.40384615384615385,0.40384615384615385,0.4051724137931034,0.6078296703296704,23,0.5,0,0.6866515837104071,46,0.5478056426332288,6,0.5,0,6
7007744171,2016-05-06,steps,1,0.4519230769230769,0.4519230769230769,0.45689655172413796,0.7235576923076923,23,0.5,0,0.6913650075414782,46,0.5713166144200628,6,0.5,0,6
7086361926,2016-04-12,exercise,1,0.3983050847457627,0.3983050847457627,0.4461538461538462,0.3983050847457627,0,0.5,0,0.3983050847457627,0,0.4461538461538462,0,0.5,0,0
7086361926,2016-04-12,sleep,1,0.5606469002695418,0.5606469002695418,0.38333333333333336,0.5606469002695418,0,0.5,0,0.5606469002695418,0,0.38333333333333336,0,0.5,0,0
7086361926,2016-04-12,steps,0,0.4539951573849879,0.4539951573849879,0.49230769230769234,0.4539951573849879,0,0.5,0,0.4539951573849879,0,0.49230769230769234,0,0.5,0,0
7086361926,2016-04-13,exercise,1,0.3983050847457627,0.3983050847457627,0.44360902255639095,0.4985875706214689,1,0.5,0,0.42736077481840196,2,0.44360902255639095,0,0.5,0,0
7086361926,2016-04-13,sleep,1,0.5606469002695418,0.5606469002695418,0.6557377049180327,0.6338724168912848,1,0.5,0,0.6338724168912848,1,0.6557377049180327,0,0.5,0,0
7086361926,2016-04-13,steps,0,0.4539951573849879,0.4539951573849879,0.42105263157894735,0.37832929782082325,1,0.5,0,0.46713939813213423,2,0.42105263157894735,0,0.5,0,0
7086361926,2016-04-14,exercise,1,0.3983050847457627,0.3983050847457627,0.3515625,0.5702179176755447,2,0.5,0,0.4435028248587571,4,0.3515625,0,0.5,0,0
7086361926,2016-04-14,sleep,0,0.5606469002695418,0.5606469002695418,0.5344827586206896,0.686176357335387,2,0.5,0,0.686176357335387,2,0.5344827586206896,0,0.5,0,0
7086361926,2016-04-14,steps,1,0.4539951573849879,0.4539951573849879,0.453125,0.3242822552749914,2,0.5,0,0.4744417541027711,4,0.453125,0,0.5,0,0
7086361926,2016-04-15,steps,1,0.4539951573849879,0.4539951573849879,0.45689655172413796,0.40874697336561744,3,0.5,0,0.5699977988113581,6,0.45689655172413796,0,0.5,0,1
7086361926,2016-04-15,exercise,1,0.3983050847457627,0.3983050847457627,0.3879310344827586,0.6239406779661016,3,0.5,0,0.5446841294298921,6,0.3879310344827586,0,0.5,0,1
7086361926,2016-04-15,sleep,0,0.5606469002695418,0.5606469002695418,0.5882352941176471,0.6004043126684636,3,0.5,0,0.6004043126684636,3,0.5882352941176471,0,0.5,0,1
7086361926,2016-04-16,exercise,0,0.3983050847457627,0.3983050847457627,0.42592592592592593,0.6657250470809792,4,0.5,0,0.6147327249022164,8,0.42592592592592593,0,0.5,0,0
7086361926,2016-04-16,steps,0,0.4539951573849879,0.4539951573849879,0.5,0.4744417541027711,4,0.5,0,0.6361519836096108,8,0.5,0,0.5,0,0
7086361926,2016-04-18,exercise,1,0.3983050847457627,0.3983050847457627,0.4095238095238095,0.5991525423728813,5,0.5,0,0.5327683615819209,10,0.4095238095238095,0,0.5,0,0
7086361926,2016-04-18,steps,1,0.4539951573849879,0.4539951573849879,0.49523809523809526,0.426997578692494,5,0.5,0,0.5513317191283293,10,0.49523809523809526,0,0.5,0,0
7086361926,2016-04-19,steps,1,0.4539951573849879,0.4539951573849879,0.49230769230769234,0.47908870790226726,6,0.5,0,0.6041162227602905,12,0.5576923076923077,3,0.5,0,2
7086361926,2016-04-19,exercise,1,0.3983050847457627,0.3983050847457627,0.4461538461538462,0.635593220338983,6,0.5,0,0.5877367896311066,12,0.5288461538461539,3,0.5,0,2
7086361926,2016-04-19,sleep,1,0.5606469002695418,0.5606469002695418,0.38333333333333336,0.5336927223719676,4,0.5,0,0.5336927223719676,4,0.48958333333333337,3,0.5,0,2
7086361926,2016-04-20,steps,1,0.4539951573849879,0.4539951573849879,0.42105263157894735,0.522497982243745,7,0.5,0,0.645788199311839,14,0.513157894736842,3,0.5,0,5
7086361926,2016-04-20,exercise,1,0.3983050847457627,0.3983050847457627,0.44360902255639095,0.6659604519774011,7,0.5,0,0.6311329170383586,14,0.5272556390977443,3,0.5,0,5
7086361926,2016-04-20,sleep,1,0.5606469002695418,0.5606469002695418,0.6557377049180327,0.5803234501347709,5,0.5,0,0.5803234501347709,5,0.6598360655737705,3,0.5,0,5
7086361926,2016-04-21,exercise,0,0.3983050847457627,0.3983050847457627,0.3515625,0.6916558018252933,8,0.5,0,0.6662631154156577,16,0.4697265625,3,0.5,0,8
7086361926,2016-04-21,sleep,1,0.5606469002695418,0.5606469002695418,0.5344827586206896,0.6184758637588826,6,0.5,0,0.6184758637588826,6,0.584051724137931,3,0.5,0,8
7086361926,2016-04-21,steps,1,0.4539951573849879,0.4539951573849879,0.453125,0.5592289066865338,8,0.5,0,0.6795226565202352,16,0.533203125,3,0.5,0,8
7086361926,2016-04-22,exercise,1,0.3983050847457627,0.3983050847457627,0.3879310344827586,0.6422518159806295,9,0.5,0,0.6518054532056006,18,0.49245689655172414,3,0.5,0,2
7086361926,2016-04-22,sleep,1,0.5606469002695418,0.5606469002695418,0.5882352941176471,0.6502695417789758,7,0.5,0,0.6502695417789758,7,0.6176470588235294,3,0.5,0,2
7086361926,2016-04-22,steps,1,0.4539951573849879,0.4539951573849879,0.45689655172413796,0.5907125562089243,9,0.5,0,0.6639119907358669,18,0.5355603448275863,3,0.5,0,2
7086361926,2016-04-23,exercise,0,0.3983050847457627,0.3983050847457627,0.42592592592592593,0.6661016949152542,10,0.5,0,0.6796610169491525,20,0.30423280423280424,2,0.5,0,5
7086361926,2016-04-23,steps,0,0.4539951573849879,0.4539951573849879,0.5,0.617998385794996,10,0.5,0,0.6907990314769975,20,0.35714285714285715,2,0.5,0,5
7086361926,2016-04-24,exercise,0,0.3983050847457627,0.3983050847457627,0.3113207547169811,0.6244703389830508,11,0.5,0,0.6293157564344005,22,0.3113207547169811,0,0.5,0,0
7086361926,2016-04-24,sleep,1,0.5606469002695418,0.5606469002695418,0.6938775510204082,0.6771718847190547,8,0.5,0,0.6771718847190547,8,0.6938775510204082,0,0.5,0,0
7086361926,2016-04-24,steps,0,0.4539951573849879,0.4539951573849879,0.3584905660377358,0.5793734866828087,11,0.5,0,0.6396287328490717,22,0.3584905660377358,0,0.5,0,0
7086361926,2016-04-25,exercise,1,0.3983050847457627,0.3983050847457627,0.4095238095238095,0.5877367896311066,12,0.5,0,0.5859146697837522,24,0.5782312925170068,2,0.5,0,0
7086361926,2016-04-25,sleep,1,0.5606469002695418,0.5606469002695418,0.5853658536585366,0.7002310358105507,9,0.5,0,0.7002310358105507,9,0.7038327526132404,2,0.5,0,0
7086361926,2016-04-25,steps,1,0.4539951573849879,0.4539951573849879,0.49523809523809526,0.5452926933485259,12,0.5,0,0.5955164064456875,24,0.6394557823129252,2,0.5,0,0
7086361926,2016-04-26,sleep,1,0.5606469002695418,0.5606469002695418,0.38333333333333336,0.7202156334231806,10,0.5,0,0.7202156334231806,10,0.6287878787878788,6,0.5,0,3
7086361926,2016-04-26,steps,1,0.4539951573849879,0.4539951573849879,0.49230769230769234,0.5705542103847189,13,0.5,0,0.621612122158869,26,0.6783216783216783,6,0.5,0,3
7086361926,2016-04-26,exercise,1,0.3983050847457627,0.3983050847457627,0.4461538461538462,0.6106403013182674,13,0.5,0,0.6126298523783488,26,0.6573426573426574,6,0.5,0,3
7086361926,2016-04-27,sleep,1,0.5606469002695418,0.5606469002695418,0.6557377049180327,0.7377021563342319,11,0.5,0,0.7377021563342319,11,0.7526080476900149,6,0.5,0,6
7086361926,2016-04-27,steps,1,0.4539951573849879,0.4539951573849879,0.42105263157894735,0.5931566203644705,14,0.5,0,0.6445447208159072,28,0.6459330143540669,6,0.5,0,6
7086361926,2016-04-27,exercise,1,0.3983050847457627,0.3983050847457627,0.44360902255639095,0.6311329170383586,14,0.5,0,0.6361068310220852,28,0.6561859193438141,6,0.5,0,6
7086361926,2016-04-28,exercise,1,0.3983050847457627,0.3983050847457627,0.3515625,0.6495762711864407,15,0.5,0,0.6569007263922518,30,0.5234375,6,0.5,0,9
7086361926,2016-04-28,sleep,0,0.5606469002695418,0.5606469002695418,0.5344827586206896,0.7531314412557476,12,0.5,0,0.7531314412557476,12,0.6065830721003135,6,0.5,0,9
7086361926,2016-04-28,steps,1,0.4539951573849879,0.4539951573849879,0.453125,0.613498789346247,15,0.5,0,0.6648564510549982,30,0.5696022727272727,6,0.5,0,9
7086361926,2016-04-29,exercise,1,0.3983050847457627,0.3983050847457627,0.3879310344827586,0.6662631154156577,16,0.5,0,0.6754466330737517,32,0.6308777429467085,6,0.5,0,2
7086361926,2016-04-29,steps,0,0.4539951573849879,0.4539951573849879,0.45689655172413796,0.6319036089011876,16,0.5,0,0.6829723185655389,32,0.6622257053291537,6,0.5,0,2
7086361926,2016-04-30,exercise,1,0.3983050847457627,0.3983050847457627,0.42592592592592593,0.6814329738058551,17,0.5,0,0.6664493698392003,34,0.2366255144032922,4,0.5,0,0
7086361926,2016-04-30,sleep,1,0.5606469002695418,0.5606469002695418,0.5098039215686274,0.7112908056304283,13,0.5,0,0.7112908056304283,13,0.28322440087145967,4,0.5,0,0
7086361926,2016-04-30,steps,1,0.4539951573849879,0.4539951573849879,0.5,0.6031807175874973,17,0.5,0,0.673589122741665,34,0.2777777777777778,4,0.5,0,0
7086361926,2016-05-01,steps,1,0.4539951573849879,0.4539951573849879,0.3584905660377358,0.6204337298663017,18,0.5,0,0.6895116045591448,36,0.3490566037735849,3,0.5,0,3
7086361926,2016-05-01,sleep,0,0.5606469002695418,0.5606469002695418,0.6938775510204082,0.7264860263867216,14,0.5,0,0.7264860263867216,14,0.5586734693877551,3,0.5,0,3
7086361926,2016-05-01,exercise,0,0.3983050847457627,0.3983050847457627,0.3113207547169811,0.6952837140751658,18,0.5,0,0.6827201322860686,36,0.3195754716981132,3,0.5,0,3
7086361926,2016-05-02,exercise,1,0.3983050847457627,0.3983050847457627,0.4095238095238095,0.6663135593220338,19,0.5,0,0.6742215214820654,38,0.7047619047619047,5,0.5,0,0
7086361926,2016-05-02,sleep,1,0.5606469002695418,0.5606469002695418,0.5853658536585366,0.6901617250673855,15,0.5,0,0.6901617250673855,15,0.7926829268292683,5,0.5,0,0
7086361926,2016-05-02,steps,1,0.4539951573849879,0.4539951573849879,0.49523809523809526,0.6362489911218725,19,0.5,0,0.6806971113238358,38,0.7476190476190476,5,0.5,0,0
7086361926,2016-05-03,exercise,1,0.3983050847457627,0.3983050847457627,0.4461538461538462,0.6796610169491525,20,0.5,0,0.6887005649717514,40,0.7307692307692307,9,0.5,0,3
7086361926,2016-05-03,sleep,1,0.5606469002695418,0.5606469002695418,0.38333333333333336,0.7049159286356053,16,0.5,0,0.7049159286356053,16,0.7083333333333333,9,0.5,0,3
7086361926,2016-05-03,steps,0,0.4539951573849879,0.4539951573849879,0.49230769230769234,0.6507990314769976,20,0.5,0,0.6948883508205542,40,0.7472527472527473,9,0.5,0,3
7086361926,2016-05-04,exercise,0,0.3983050847457627,0.3983050847457627,0.44360902255639095,0.6919817470664928,21,0.5,0,0.6806707536963578,42,0.729860365198711,9,0.5,0,0
7086361926,2016-05-04,steps,1,0.4539951573849879,0.4539951573849879,0.42105263157894735,0.625768299497113,21,0.5,0,0.6865952295090413,42,0.7218045112781954,9,0.5,0,0
7086361926,2016-05-04,sleep,0,0.5606469002695418,0.5606469002695418,0.6557377049180327,0.7183288409703504,17,0.5,0,0.7183288409703504,17,0.8056206088992974,9,0.5,0,0
7086361926,2016-05-05,steps,1,0.4539951573849879,0.4539951573849879,0.453125,0.6396287328490717,22,0.5,0,0.6789790976923457,44,0.5904017857142857,9,0.5,0,0
7086361926,2016-05-05,exercise,0,0.3983050847457627,0.3983050847457627,0.3515625,0.6663527934714375,22,0.5,0,0.6732964372189555,44,0.5541294642857143,9,0.5,0,0
7086361926,2016-05-06,exercise,1,0.3983050847457627,0.3983050847457627,0.3879310344827586,0.6425544794188862,23,0.5,0,0.6665004985044866,46,0.6107427055702919,8,0.5,0,0
7086361926,2016-05-06,sleep,0,0.5606469002695418,0.5606469002695418,0.5882352941176471,0.6870971522325091,18,0.5,0,0.6870971522325091,18,0.6877828054298643,8,0.5,0,0
7086361926,2016-05-06,steps,1,0.4539951573849879,0.4539951573849879,0.45689655172413796,0.6524991352473192,23,0.5,0,0.6719603095475478,46,0.6372679045092838,8,0.5,0,0
7086361926,2016-05-07,exercise,1,0.3983050847457627,0.3983050847457627,0.42592592592592593,0.6548801870251315,24,0.5,0,0.6790853853533739,48,0.42746913580246915,7,0.5,0,2
7086361926,2016-05-07,sleep,1,0.5606469002695418,0.5606469002695418,0.5098039215686274,0.6584681042228212,19,0.5,0,0.6584681042228212,19,0.46241830065359474,7,0.5,0,2
7086361926,2016-05-07,steps,1,0.4539951573849879,0.4539951573849879,0.5,0.6644819236870668,24,0.5,0,0.6843391657910366,48,0.4583333333333333,7,0.5,0,2
7086361926,2016-05-08,sleep,1,0.5606469002695418,0.5606469002695418,0.6938775510204082,0.6721293800539084,20,0.5,0,0.6721293800539084,20,0.4972170686456401,6,0.5,0,4
7086361926,2016-05-08,steps,0,0.4539951573849879,0.4539951573849879,0.3584905660377358,0.6756658595641646,25,0.5,0,0.6958177415804534,50,0.3447684391080617,6,0.5,0,4
7086361926,2016-05-08,exercise,1,0.3983050847457627,0.3983050847457627,0.3113207547169811,0.6663841807909604,25,0.5,0,0.6907550077041603,50,0.32332761578044594,6,0.5,0,4
7086361926,2016-05-09,exercise,1,0.3983050847457627,0.3983050847457627,0.4095238095238095,0.6771459814106069,26,0.5,0,0.6840618495391021,52,0.7728937728937729,8,0.5,0,2
7086361926,2016-05-09,sleep,0,0.5606469002695418,0.5606469002695418,0.5853658536585366,0.6847397885133735,21,0.5,0,0.6847397885133735,21,0.8405253283302063,8,0.5,0,2
7086361926,2016-05-09,steps,1,0.4539951573849879,0.4539951573849879,0.49523809523809526,0.653870186674998,26,0.5,0,0.6889469436302621,52,0.8058608058608059,8,0.5,0,2
7086361926,2016-05-10,exercise,1,0.3983050847457627,0.3983050847457627,0.4461538461538462,0.6872351694915254,27,0.5,0,0.6947716173513359,54,0.7194570135746606,12,0.5,0,2
7086361926,2016-05-10,steps,1,0.4539951573849879,0.4539951573849879,0.49230769230769234,0.6646867433414043,27,0.5,0,0.6994911150326261,54,0.7330316742081449,12,0.5,0,2
7086361926,2016-05-11,sleep,1,0.5606469002695418,0.5606469002695418,0.6557377049180327,0.6593790556054707,22,0.5,0,0.6593790556054707,22,0.7222757955641272,12,0.5,0,4
7086361926,2016-05-11,exercise,1,0.3983050847457627,0.3983050847457627,0.44360902255639095,0.6967128916281459,28,0.5,0,0.7047791053070298,56,0.6598850066342327,12,0.5,0,4
7086361926,2016-05-11,steps,0,0.4539951573849879,0.4539951573849879,0.42105263157894735,0.6748477511189375,28,0.5,0,0.7093438653594252,56,0.653250773993808,12,0.5,0,4
7086361926,2016-05-12,sleep,0,0.5606469002695418,0.5606469002695418,0.5344827586206896,0.6715440893338468,23,0.5,0,0.6715440893338468,23,0.6045258620689655,11,0.5,0,0
7086361926,2016-05-12,exercise,0,0.3983050847457627,0.3983050847457627,0.3515625,0.7056331006979063,29,0.5,0,0.6982781813290289,58,0.54736328125,11,0.5,0,0
7086361926,2016-05-12,steps,0,0.4539951573849879,0.4539951573849879,0.453125,0.6549992878507335,29,0.5,0,0.702698028363888,58,0.5791015625,11,0.5,0,0
8053475328,2016-04-12,exercise,1,0.39151515151515154,0.39151515151515154,0.4461538461538462,0.39151515151515154,0,0.5,0,0.39151515151515154,0,0.4461538461538462,0,0.5,0,0
8053475328,2016-04-12,steps,1,0.44727272727272727,0.44727272727272727,0.47692307692307695,0.44727272727272727,0,0.5,0,0.44727272727272727,0,0.47692307692307695,0,0.5,0,0
8053475328,2016-04-13,exercise,1,0.39151515151515154,0.39151515151515154,0.43609022556390975,0.492929292929293,1,0.5,0,0.5653679653679654,2,0.43609022556390975,0,0.5,0,2
8053475328,2016-04-13,steps,1,0.44727272727272727,0.44727272727272727,0.40601503759398494,0.5393939393939394,1,0.5,0,0.6051948051948052,2,0.40601503759398494,0,0.5,0,2
8053475328,2016-04-14,exercise,1,0.39151515151515154,0.39151515151515154,0.328125,0.5653679653679654,2,0.5,0,0.661952861952862,4,0.328125,0,0.5,0,4
8053475328,2016-04-14,steps,1,0.44727272727272727,0.44727272727272727,0.453125,0.6051948051948052,2,0.5,0,0.692929292929293,4,0.453125,0,0.5,0,4
8053475328,2016-04-15,exercise,1,0.39151515151515154,0.39151515151515154,0.3879310344827586,0.6196969696969697,3,0.5,0,0.7234159779614325,6,0.3879310344827586,0,0.5,0,6
8053475328,2016-04-15,steps,1,0.44727272727272727,0.44727272727272727,0.4482758620689655,0.6545454545454545,3,0.5,0,0.7487603305785124,6,0.4482758620689655,0,0.5,0,6
8053475328,2016-04-16,exercise,1,0.39151515151515154,0.39151515151515154,0.4166666666666667,0.661952861952862,4,0.5,0,0.7659673659673659,8,0.4166666666666667,0,0.5,0,8
8053475328,2016-04-16,steps,1,0.44727272727272727,0.44727272727272727,0.49074074074074076,0.692929292929293,4,0.5,0,0.7874125874125875,8,0.49074074074074076,0,0.5,0,8
8053475328,2016-04-17,exercise,1,0.39151515151515154,0.39151515151515154,0.29523809523809524,0.6957575757575758,5,0.5,0,0.7971717171717171,10,0.29523809523809524,0,0.5,0,10
8053475328,2016-04-17,steps,1,0.44727272727272727,0.44727272727272727,0.34285714285714286,0.7236363636363636,5,0.5,0,0.8157575757575758,10,0.34285714285714286,0,0.5,0,10
8053475328,2016-04-18,exercise,1,0.39151515151515154,0.39151515151515154,0.41904761904761906,0.7234159779614325,6,0.5,0,0.8210338680926916,12,0.41904761904761906,0,0.5,0,12
8053475328,2016-04-18,steps,1,0.44727272727272727,0.44727272727272727,0.5142857142857142,0.7487603305785124,6,0.5,0,0.8374331550802139,12,0.5142857142857142,0,0.5,0,12
8053475328,2016-04-19,steps,1,0.44727272727272727,0.44727272727272727,0.47692307692307695,0.7696969696969697,7,0.5,0,0.8545454545454545,14,0.6263736263736265,2,0.5,0,14
8053475328,2016-04-19,exercise,1,0.39151515151515154,0.39151515151515154,0.4461538461538462,0.7464646464646464,7,0.5,0,0.8398724082934609,14,0.6043956043956044,2,0.5,0,14
8053475328,2016-04-20,exercise,1,0.39151515151515154,0.39151515151515154,0.43609022556390975,0.7659673659673659,8,0.5,0,0.8551226551226551,16,0.5972073039742212,2,0.5,0,16
8053475328,2016-04-20,sleep,1,0.5674300254452926,0.5674300254452926,0.6615384615384615,0.5674300254452926,0,0.5,0,0.5674300254452926,0,0.7582417582417582,2,0.5,0,16
8053475328,2016-04-20,steps,1,0.44727272727272727,0.44727272727272727,0.40601503759398494,0.7874125874125875,8,0.5,0,0.8683982683982683,16,0.5757250268528463,2,0.5,0,16
8053475328,2016-04-21,exercise,1,0.39151515151515154,0.39151515151515154,0.328125,0.7826839826839826,9,0.5,0,0.8677206851119894,18,0.5200892857142857,2,0.5,0,19
8053475328,2016-04-21,steps,1,0.44727272727272727,0.44727272727272727,0.453125,0.8025974025974026,9,0.5,0,0.8798418972332015,18,0.609375,2,0.5,0,19
8053475328,2016-04-22,exercise,1,0.39151515151515154,0.39151515151515154,0.3879310344827586,0.7971717171717171,10,0.5,0,0.8783030303030303,20,0.562807881773399,2,0.5,0,21
8053475328,2016-04-22,steps,1,0.44727272727272727,0.44727272727272727,0.4482758620689655,0.8157575757575758,10,0.5,0,0.8894545454545454,20,0.605911330049261,2,0.5,0,21
8053475328,2016-04-23,exercise,1,0.39151515151515154,0.39151515151515154,0.4166666666666667,0.8098484848484848,11,0.5,0,0.887317620650954,22,0.5833333333333334,2,0.5,0,23
8053475328,2016-04-23,sleep,0,0.5674300254452926,0.5674300254452926,0.5384615384615384,0.6395250212044106,1,0.5,0,0.6395250212044106,1,0.6703296703296703,2,0.5,0,23
8053475328,2016-04-23,steps,1,0.44727272727272727,0.44727272727272727,0.49074074074074076,0.8272727272727273,11,0.5,0,0.8976430976430976,22,0.6362433862433863,2,0.5,0,23
8053475328,2016-04-24,exercise,1,0.39151515151515154,0.39151515151515154,0.29523809523809524,0.8210338680926916,12,0.5,0,0.8950888192267502,24,0.4965986394557823,2,0.5,0,1
8053475328,2016-04-24,steps,1,0.44727272727272727,0.44727272727272727,0.34285714285714286,0.8374331550802139,12,0.5,0,0.9047021943573668,24,0.5306122448979592,2,0.5,0,1
8053475328,2016-04-25,exercise,1,0.39151515151515154,0.39151515151515154,0.41904761904761906,0.8309764309764309,13,0.5,0,0.9018572825024438,26,0.5850340136054422,2,0.5,0,3
8053475328,2016-04-25,steps,1,0.44727272727272727,0.44727272727272727,0.5142857142857142,0.8464646464646465,13,0.5,0,0.9108504398826979,26,0.6530612244897959,2,0.5,0,3
8053475328,2016-04-26,steps,1,0.44727272727272727,0.44727272727272727,0.47692307692307695,0.8545454545454545,14,0.5,0,0.9162534435261708,28,0.7094017094017094,4,0.5,0,5
8053475328,2016-04-26,exercise,1,0.39151515151515154,0.39151515151515154,0.4461538461538462,0.8398724082934609,14,0.5,0,0.9078053259871441,28,0.6923076923076923,4,0.5,0,5
8053475328,2016-04-27,exercise,1,0.39151515151515154,0.39151515151515154,0.43609022556390975,0.8478787878787879,15,0.5,0,0.913073593073593,30,0.7180451127819548,5,0.5,0,7
8053475328,2016-04-27,steps,1,0.44727272727272727,0.44727272727272727,0.40601503759398494,0.8618181818181817,15,0.5,0,0.921038961038961,30,0.7030075187969924,5,0.5,0,7
8053475328,2016-04-28,exercise,1,0.39151515151515154,0.39151515151515154,0.328125,0.8551226551226551,16,0.5,0,0.9177723177723178,32,0.6267361111111112,4,0.5,0,9
8053475328,2016-04-28,steps,1,0.44727272727272727,0.44727272727272727,0.453125,0.8683982683982683,16,0.5,0,0.9253071253071252,32,0.6961805555555556,4,0.5,0,9
8053475328,2016-04-29,exercise,1,0.39151515151515154,0.39151515151515154,0.3879310344827586,0.8617079889807162,17,0.5,0,0.9219891219891221,34,0.6599616858237548,4,0.5,0,11
8053475328,2016-04-29,steps,1,0.44727272727272727,0.44727272727272727,0.4482758620689655,0.8743801652892561,17,0.5,0,0.9291375291375291,34,0.6934865900383141,4,0.5,0,11
8053475328,2016-04-30,exercise,0,0.39151515151515154,0.39151515151515154,0.4166666666666667,0.8677206851119894,18,0.5,0,0.9257945306725796,36,0.6083333333333334,5,0.5,0,13
8053475328,2016-04-30,steps,0,0.44727272727272727,0.44727272727272727,0.49074074074074076,0.8798418972332015,18,0.5,0,0.9325942350332593,36,0.6453703703703704,5,0.5,0,13
8053475328,2016-05-01,exercise,0,0.39151515151515154,0.39151515151515154,0.29523809523809524,0.8315656565656565,19,0.5,0,0.8827343199436224,38,0.6084656084656085,4,0.5,0,0
8053475328,2016-05-01,steps,0,0.44727272727272727,0.44727272727272727,0.34285714285714286,0.8431818181818181,19,0.5,0,0.8892177589852008,38,0.6349206349206349,4,0.5,0,0
8053475328,2016-05-02,exercise,0,0.39151515151515154,0.39151515151515154,0.41904761904761906,0.7983030303030303,20,0.5,0,0.8435016835016835,40,0.6772486772486772,4,0.5,0,0
8053475328,2016-05-02,steps,0,0.44727272727272727,0.44727272727272727,0.5142857142857142,0.8094545454545454,20,0.5,0,0.8496969696969696,40,0.7301587301587301,4,0.5,0,0
8053475328,2016-05-03,exercise,1,0.39151515151515154,0.39151515151515154,0.4461538461538462,0.7675990675990676,21,0.5,0,0.8076079948420375,42,0.7482517482517482,6,0.5,0,0
8053475328,2016-05-03,steps,1,0.44727272727272727,0.44727272727272727,0.47692307692307695,0.7783216783216782,21,0.5,0,0.8135396518375242,42,0.7622377622377623,6,0.5,0,0
8053475328,2016-05-04,steps,1,0.44727272727272727,0.44727272727272727,0.40601503759398494,0.7865319865319864,22,0.5,0,0.8211502782931354,44,0.7525062656641603,7,0.5,0,2
8053475328,2016-05-04,exercise,1,0.39151515151515154,0.39151515151515154,0.43609022556390975,0.7762065095398428,22,0.5,0,0.8154607297464441,44,0.7650375939849624,7,0.5,0,2
8053475328,2016-05-05,exercise,1,0.39151515151515154,0.39151515151515154,0.328125,0.7841991341991342,23,0.5,0,0.8226975638740345,46,0.6946022727272727,6,0.5,0,4
8053475328,2016-05-05,steps,1,0.44727272727272727,0.44727272727272727,0.453125,0.7941558441558441,23,0.5,0,0.8281639928698752,46,0.7514204545454546,6,0.5,0,4
8053475328,2016-05-06,exercise,1,0.39151515151515154,0.39151515151515154,0.3879310344827586,0.7916405433646813,24,0.5,0,0.8293882218410521,48,0.7217868338557994,6,0.5,0,6
8053475328,2016-05-06,steps,1,0.44727272727272727,0.44727272727272727,0.4482758620689655,0.8012539184952977,24,0.5,0,0.834648370497427,48,0.7492163009404389,6,0.5,0,6
8053475328,2016-05-07,exercise,1,0.39151515151515154,0.39151515151515154,0.4166666666666667,0.7985858585858586,25,0.5,0,0.8355922865013775,50,0.5069444444444445,7,0.5,0,8
8053475328,2016-05-07,steps,1,0.44727272727272727,0.44727272727272727,0.49074074074074076,0.8078787878787879,25,0.5,0,0.8406611570247934,50,0.5378086419753086,7,0.5,0,8
8053475328,2016-05-08,exercise,1,0.39151515151515154,0.39151515151515154,0.29523809523809524,0.8050830889540567,26,0.5,0,0.8413609782030835,52,0.49783549783549785,6,0.5,0,10
8053475328,2016-05-08,steps,1,0.44727272727272727,0.44727272727272727,0.34285714285714286,0.8140762463343107,26,0.5,0,0.8462519936204146,52,0.5194805194805195,6,0.5,0,10
8053475328,2016-05-09,exercise,1,0.39151515151515154,0.39151515151515154,0.41904761904761906,0.8111742424242424,27,0.5,0,0.846738572162301,54,0.5541125541125541,6,0.5,0,12
8053475328,2016-05-09,steps,0,0.44727272727272727,0.44727272727272727,0.5142857142857142,0.8198863636363636,27,0.5,0,0.8514637904468413,54,0.5974025974025974,6,0.5,0,12
8053475328,2016-05-10,exercise,1,0.39151515151515154,0.39151515151515154,0.4461538461538462,0.8168962350780532,28,0.5,0,0.8353700943864879,56,0.78698224852071,8,0.5,0,0
8053475328,2016-05-10,steps,1,0.44727272727272727,0.44727272727272727,0.47692307692307695,0.7950413223140496,28,0.5,0,0.839940387481371,56,0.7988165680473374,8,0.5,0,0
8053475328,2016-05-11,exercise,1,0.39151515151515154,0.39151515151515154,0.43609022556390975,0.8222816399286987,29,0.5,0,0.8405964405964407,58,0.7986036519871106,9,0.5,0,2
8053475328,2016-05-11,steps,1,0.44727272727272727,0.44727272727272727,0.40601503759398494,0.8010695187165775,29,0.5,0,0.845021645021645,58,0.7878625134264231,9,0.5,0,2
8053475328,2016-05-12,exercise,1,0.39151515151515154,0.39151515151515154,0.328125,0.8273593073593073,30,0.5,0,0.8455011655011655,60,0.7415865384615384,8,0.5,0,4
8053475328,2016-05-12,steps,0,0.44727272727272727,0.44727272727272727,0.453125,0.8067532467532467,30,0.5,0,0.8497902097902098,60,0.7896634615384616,8,0.5,0,4
8253242879,2016-04-12,exercise,0,0.40930787589498807,0.40930787589498807,0.4772727272727273,0.40930787589498807,0,0.5,0,0.40930787589498807,0,0.4772727272727273,0,0.5,0,0
8253242879,2016-04-12,steps,0,0.46539379474940334,0.46539379474940334,0.5075757575757576,0.46539379474940334,0,0.5,0,0.46539379474940334,0,0.5075757575757576,0,0.5,0,0
8253242879,2016-04-13,exercise,0,0.40930787589498807,0.40930787589498807,0.45925925925925926,0.3410898965791567,1,0.5,0,0.29236276849642007,2,0.45925925925925926,0,0.5,0,0
8253242879,2016-04-13,steps,0,0.46539379474940334,0.46539379474940334,0.42962962962962964,0.38782816229116945,1,0.5,0,0.3324241391067167,2,0.42962962962962964,0,0.5,0,0
8253242879,2016-04-14,exercise,1,0.40930787589498807,0.40930787589498807,0.34615384615384615,0.29236276849642007,2,0.5,0,0.2273932643861045,4,0.34615384615384615,0,0.5,0,0
8253242879,2016-04-14,steps,0,0.46539379474940334,0.46539379474940334,0.46923076923076923,0.3324241391067167,2,0.5,0,0.25855210819411295,4,0.46923076923076923,0,0.5,0,0
8253242879,2016-04-15,exercise,0,0.40930787589498807,0.40930787589498807,0.41025641025641024,0.38081742243436756,3,0.5,0,0.27695812540681275,6,0.41025641025641024,0,0.5,0,0
8253242879,2016-04-15,steps,0,0.46539379474940334,0.46539379474940334,0.47863247863247865,0.2908711217183771,3,0.5,0,0.30245172488609245,6,0.47863247863247865,0,0.5,0,0
8253242879,2016-04-16,exercise,1,0.40930787589498807,0.40930787589498807,0.41818181818181815,0.3385043754972156,4,0.5,0,0.23434918303653388,8,0.41818181818181815,0,0.5,0,0
8253242879,2016-04-16,steps,1,0.46539379474940334,0.46539379474940334,0.5,0.25855210819411295,4,0.5,0,0.25592069028823206,8,0.5,0,0.5,0,0
8253242879,2016-04-17,exercise,1,0.40930787589498807,0.40930787589498807,0.308411214953271,0.40465393794749405,5,0.5,0,0.3364359586316627,10,0.308411214953271,0,0.5,0,2
8253242879,2016-04-17,steps,1,0.46539379474940334,0.46539379474940334,0.34579439252336447,0.33269689737470165,5,0.5,0,0.35513126491646774,10,0.34579439252336447,0,0.5,0,2
8253242879,2016-04-18,exercise,0,0.40930787589498807,0.40930787589498807,0.42990654205607476,0.4587763072249946,6,0.5,0,0.41450231643970237,12,0.42990654205607476,0,0.5,0,4
8253242879,2016-04-18,steps,0,0.46539379474940334,0.46539379474940334,0.5233644859813084,0.3933608157951833,6,0.5,0,0.43099817492629505,12,0.5233644859813084,0,0.5,0,4
8253242879,2016-04-19,exercise,0,0.40930787589498807,0.40930787589498807,0.4772727272727273,0.4205449482895784,7,0.5,0,0.3708704936565758,14,0.34090909090909094,2,0.5,0,0
8253242879,2016-04-19,steps,0,0.46539379474940334,0.46539379474940334,0.5075757575757576,0.36058074781225136,7,0.5,0,0.38562994598668504,14,0.3625541125541126,2,0.5,0,0
8253242879,2016-04-20,steps,0,0.46539379474940334,0.46539379474940334,0.42962962962962964,0.3328437672113089,8,0.5,0,0.34890328446414365,16,0.3068783068783069,2,0.5,0,0
8253242879,2016-04-20,exercise,0,0.40930787589498807,0.40930787589498807,0.45925925925925926,0.3881953368826877,8,0.5,0,0.33554949426071146,16,0.328042328042328,2,0.5,0,0
8253242879,2016-04-21,exercise,1,0.40930787589498807,0.40930787589498807,0.34615384615384615,0.36046709853392433,9,0.5,0,0.3063712773684757,18,0.3901098901098901,2,0.5,0,0
8253242879,2016-04-21,steps,1,0.46539379474940334,0.46539379474940334,0.46923076923076923,0.30906921241050117,9,0.5,0,0.3185638684237833,18,0.47802197802197804,2,0.5,0,0
8253242879,2016-04-22,exercise,0,0.40930787589498807,0.40930787589498807,0.41025641025641024,0.40310262529832935,10,0.5,0,0.3618615751789976,20,0.293040293040293,2,0.5,0,2
8253242879,2016-04-22,steps,0,0.46539379474940334,0.46539379474940334,0.47863247863247865,0.35513126491646774,10,0.5,0,0.37307875894988063,20,0.3418803418803419,2,0.5,0,2
8253242879,2016-04-23,exercise,1,0.40930787589498807,0.40930787589498807,0.41818181818181815,0.3779087112171838,11,0.5,0,0.3350570140546274,22,0.5844155844155844,2,0.5,0,0
8253242879,2016-04-23,steps,0,0.46539379474940334,0.46539379474940334,0.5,0.3329355608591885,11,0.5,0,0.34544329532396356,22,0.6428571428571429,2,0.5,0,0
8253242879,2016-04-24,steps,1,0.46539379474940334,0.46539379474940334,0.34579439252336447,0.31335111610276567,12,0.5,0,0.35610237840506953,24,0.5327102803738317,2,0.5,0,0
8253242879,2016-04-24,exercise,0,0.40930787589498807,0.40930787589498807,0.308411214953271,0.41450231643970237,12,0.5,0,0.34643239239568757,24,0.5060080106809078,2,0.5,0,0
8253242879,2016-04-25,steps,0,0.46539379474940334,0.46539379474940334,0.5233644859813084,0.35149827631927866,13,0.5,0,0.36538609592732313,26,0.37383177570093457,2,0.5,0,0
8253242879,2016-04-25,exercise,1,0.40930787589498807,0.40930787589498807,0.42990654205607476,0.39147440997083005,13,0.5,0,0.35633997998306255,26,0.30707610146862485,2,0.5,0,0
8253242879,2016-04-26,exercise,0,0.40930787589498807,0.40930787589498807,0.4772727272727273,0.4235020726039442,14,0.5,0,0.36504664786287694,28,0.2651515151515152,4,0.5,0,1
8253242879,2016-04-26,steps,0,0.46539379474940334,0.46539379474940334,0.5075757575757576,0.3329983670393166,14,0.5,0,0.3735445143559702,28,0.281986531986532,4,0.5,0,1
8253242879,2016-04-27,exercise,1,0.40930787589498807,0.40930787589498807,0.45925925925925926,0.402326968973747,15,0.5,0,0.3441868394135697,30,0.2551440329218107,4,0.5,0,0
8253242879,2016-04-27,steps,1,0.46539379474940334,0.46539379474940334,0.42962962962962964,0.3163484486873508,15,0.5,0,0.35219911353562905,30,0.23868312757201648,4,0.5,0,0
8253242879,2016-04-28,exercise,0,0.40930787589498807,0.40930787589498807,0.34615384615384615,0.43078758949880663,16,0.5,0,0.37963619944526866,32,0.5256410256410257,4,0.5,0,2
8253242879,2016-04-28,steps,0,0.46539379474940334,0.46539379474940334,0.46923076923076923,0.34890328446414365,16,0.5,0,0.3872153776688383,32,0.5940170940170941,4,0.5,0,2
8253242879,2016-04-29,exercise,1,0.40930787589498807,0.40930787589498807,0.41025641025641024,0.4112063354306791,17,0.5,0,0.3601676763967933,34,0.2279202279202279,4,0.5,0,0
8253242879,2016-04-29,steps,0,0.46539379474940334,0.46539379474940334,0.47863247863247865,0.333044044261228,17,0.5,0,0.36735817881402605,34,0.2659069325735992,4,0.5,0,0
8378563200,2016-04-12,exercise,1,0.4,0.4,0.4461538461538462,0.4,0,0.5,0,0.4,0,0.4461538461538462,0,0.5,0,0
8378563200,2016-04-12,sleep,0,0.5686813186813187,0.5686813186813187,0.423728813559322,0.5686813186813187,0,0.5,0,0.5686813186813187,0,0.423728813559322,0,0.5,0,0
8378563200,2016-04-12,steps,1,0.4618181818181818,0.4618181818181818,0.49230769230769234,0.4618181818181818,0,0.5,0,0.4618181818181818,0,0.49230769230769234,0,0.5,0,0
8378563200,2016-04-13,exercise,1,0.4,0.4,0.44360902255639095,0.5,1,0.5,0,0.5714285714285714,2,0.44360902255639095,0,0.5,0,1
8378563200,2016-04-13,sleep,1,0.5686813186813187,0.5686813186813187,0.6885245901639344,0.4739010989010988,1,0.5,0,0.4739010989010988,1,0.6885245901639344,0,0.5,0,1
8378563200,2016-04-13,steps,1,0.4618181818181818,0.4618181818181818,0.43609022556390975,0.5515151515151515,1,0.5,0,0.6155844155844156,2,0.43609022556390975,0,0.5,0,1
8378563200,2016-04-14,exercise,1,0.4,0.4,0.34375,0.5714285714285714,2,0.5,0,0.6666666666666666,4,0.34375,0,0.5,0,4
8378563200,2016-04-14,sleep,0,0.5686813186813187,0.5686813186813187,0.49122807017543857,0.5490580847723704,2,0.5,0,0.5490580847723704,2,0.49122807017543857,0,0.5,0,4
8378563200,2016-04-14,steps,1,0.4618181818181818,0.4618181818181818,0.4609375,0.6155844155844156,2,0.5,0,0.701010101010101,4,0.4609375,0,0.5,0,4
8378563200,2016-04-15,steps,1,0.4618181818181818,0.4618181818181818,0.46551724137931033,0.6636363636363636,3,0.5,0,0.7553719008264462,6,0.46551724137931033,0,0.5,0,1
8378563200,2016-04-15,sleep,1,0.5686813186813187,0.5686813186813187,0.56,0.48042582417582413,3,0.5,0,0.48042582417582413,3,0.56,0,0.5,0,1
8378563200,2016-04-15,exercise,1,0.4,0.4,0.39655172413793105,0.625,3,0.5,0,0.7272727272727273,6,0.39655172413793105,0,0.5,0,1
8378563200,2016-04-16,exercise,1,0.4,0.4,0.4351851851851852,0.6666666666666666,4,0.5,0,0.7692307692307693,8,0.4351851851851852,0,0.5,0,4
8378563200,2016-04-16,sleep,1,0.5686813186813187,0.5686813186813187,0.5102040816326531,0.5381562881562881,4,0.5,0,0.5381562881562881,4,0.5102040816326531,0,0.5,0,4
8378563200,2016-04-16,steps,1,0.4618181818181818,0.4618181818181818,0.5,0.701010101010101,4,0.5,0,0.793006993006993,8,0.5,0,0.5,0,4
8378563200,2016-04-17,exercise,0,0.4,0.4,0.3142857142857143,0.7,5,0.5,0,0.8,10,0.3142857142857143,0,0.5,0,7
8378563200,2016-04-17,sleep,1,0.5686813186813187,0.5686813186813187,0.6875,0.5843406593406593,5,0.5,0,0.5843406593406593,5,0.6875,0,0.5,0,7
8378563200,2016-04-17,steps,0,0.4618181818181818,0.4618181818181818,0.3619047619047619,0.7309090909090908,5,0.5,0,0.8206060606060606,10,0.3619047619047619,0,0.5,0,7
8378563200,2016-04-18,exercise,1,0.4,0.4,0.4095238095238095,0.6363636363636364,6,0.5,0,0.7058823529411765,12,0.4095238095238095,0,0.5,0,0
8378563200,2016-04-18,sleep,0,0.5686813186813187,0.5686813186813187,0.65,0.6221278721278721,6,0.5,0,0.6221278721278721,6,0.65,0,0.5,0,0
8378563200,2016-04-18,steps,1,0.4618181818181818,0.4618181818181818,0.5142857142857142,0.6644628099173553,6,0.5,0,0.7240641711229946,12,0.5142857142857142,0,0.5,0,0
8378563200,2016-04-19,steps,1,0.4618181818181818,0.4618181818181818,0.49230769230769234,0.6924242424242424,7,0.5,0,0.75311004784689,14,0.5576923076923077,3,0.5,0,1
8378563200,2016-04-19,sleep,0,0.5686813186813187,0.5686813186813187,0.423728813559322,0.5702838827838828,7,0.5,0,0.5702838827838828,7,0.5148305084745762,3,0.5,0,1
8378563200,2016-04-19,exercise,1,0.4,0.4,0.4461538461538462,0.6666666666666666,7,0.5,0,0.7368421052631579,14,0.5288461538461539,3,0.5,0,1
8378563200,2016-04-20,exercise,1,0.4,0.4,0.44360902255639095,0.6923076923076923,8,0.5,0,0.7619047619047619,16,0.6522556390977443,3,0.5,0,2
8378563200,2016-04-20,sleep,0,0.5686813186813187,0.5686813186813187,0.6885245901639344,0.5264158918005072,8,0.5,0,0.5264158918005072,8,0.805327868852459,3,0.5,0,2
8378563200,2016-04-20,steps,0,0.4618181818181818,0.4618181818181818,0.43609022556390975,0.7160839160839161,8,0.5,0,0.7766233766233765,16,0.6475563909774436,3,0.5,0,2
8378563200,2016-04-21,exercise,1,0.4,0.4,0.34375,0.7142857142857143,9,0.5,0,0.7391304347826086,18,0.46484375,3,0.5,0,0
8378563200,2016-04-21,sleep,1,0.5686813186813187,0.5686813186813187,0.49122807017543857,0.4888147566718995,9,0.5,0,0.4888147566718995,9,0.5570175438596491,3,0.5,0,0
8378563200,2016-04-21,steps,1,0.4618181818181818,0.4618181818181818,0.4609375,0.6649350649350649,9,0.5,0,0.7525691699604743,18,0.5380859375,3,0.5,0,0
8378563200,2016-04-22,exercise,1,0.4,0.4,0.39655172413793105,0.7333333333333333,10,0.5,0,0.76,20,0.6228448275862069,3,0.5,0,3
8378563200,2016-04-22,sleep,1,0.5686813186813187,0.5686813186813187,0.56,0.5228937728937729,10,0.5,0,0.5228937728937729,10,0.7250000000000001,3,0.5,0,3
8378563200,2016-04-22,steps,1,0.4618181818181818,0.4618181818181818,0.46551724137931033,0.6872727272727273,10,0.5,0,0.7723636363636364,20,0.665948275862069,3,0.5,0,3
8378563200,2016-04-23,steps,1,0.4618181818181818,0.4618181818181818,0.5,0.7068181818181818,11,0.5,0,0.7892255892255892,22,0.6875,3,0.5,0,6
8378563200,2016-04-23,sleep,1,0.5686813186813187,0.5686813186813187,0.5102040816326531,0.5527129120879121,11,0.5,0,0.5527129120879121,11,0.6938775510204082,3,0.5,0,6
8378563200,2016-04-23,exercise,0,0.4,0.4,0.4351851851851852,0.75,11,0.5,0,0.7777777777777778,22,0.6469907407407407,3,0.5,0,6
8378563200,2016-04-24,exercise,0,0.4,0.4,0.3142857142857143,0.7058823529411765,12,0.5,0,0.7586206896551724,24,0.3214285714285714,3,0.5,0,0
8378563200,2016-04-24,sleep,0,0.5686813186813187,0.5686813186813187,0.6875,0.5790239172592113,12,0.5,0,0.5790239172592113,12,0.5546875,3,0.5,0,0
8378563200,2016-04-24,steps,0,0.4618181818181818,0.4618181818181818,0.3619047619047619,0.7240641711229946,12,0.5,0,0.7692789968652037,24,0.35119047619047616,3,0.5,0,0
8378563200,2016-04-25,exercise,1,0.4,0.4,0.4095238095238095,0.6666666666666666,13,0.5,0,0.7096774193548387,26,0.5059523809523809,3,0.5,0,0
8378563200,2016-04-25,sleep,0,0.5686813186813187,0.5686813186813187,0.65,0.5468559218559218,13,0.5,0,0.5468559218559218,13,0.65625,3,0.5,0,0
8378563200,2016-04-25,steps,1,0.4618181818181818,0.4618181818181818,0.5142857142857142,0.6838383838383838,13,0.5,0,0.7196480938416422,26,0.5714285714285714,3,0.5,0,0
8378563200,2016-04-26,exercise,1,0.4,0.4,0.4461538461538462,0.6842105263157895,14,0.5,0,0.7272727272727273,28,0.5664335664335665,6,0.5,0,2
8378563200,2016-04-26,sleep,1,0.5686813186813187,0.5686813186813187,0.423728813559322,0.518074031231926,14,0.5,0,0.518074031231926,14,0.5562403697996918,6,0.5,0,2
8378563200,2016-04-26,steps,1,0.4618181818181818,0.4618181818181818,0.49230769230769234,0.7004784688995215,14,0.5,0,0.7366391184573002,28,0.5874125874125874,6,0.5,0,2
8378563200,2016-04-27,steps,0,0.4618181818181818,0.4618181818181818,0.43609022556390975,0.7154545454545455,15,0.5,0,0.7516883116883116,30,0.5618591934381407,6,0.5,0,4
8378563200,2016-04-27,sleep,1,0.5686813186813187,0.5686813186813187,0.6885245901639344,0.5421703296703296,15,0.5,0,0.5421703296703296,15,0.676602086438152,6,0.5,0,4
8378563200,2016-04-27,exercise,0,0.4,0.4,0.44360902255639095,0.7,15,0.5,0,0.7428571428571429,30,0.5652768284347232,6,0.5,0,4
8378563200,2016-04-28,exercise,0,0.4,0.4,0.34375,0.6666666666666666,16,0.5,0,0.7027027027027027,32,0.6107954545454546,6,0.5,0,0
8378563200,2016-04-28,sleep,1,0.5686813186813187,0.5686813186813187,0.49122807017543857,0.5639717425431711,16,0.5,0,0.5639717425431711,16,0.6778309409888357,6,0.5,0,0
8378563200,2016-04-28,steps,0,0.4618181818181818,0.4618181818181818,0.4609375,0.6813852813852813,16,0.5,0,0.711056511056511,32,0.6640625,6,0.5,0,0
8378563200,2016-04-29,exercise,0,0.4,0.4,0.39655172413793105,0.6363636363636364,17,0.5,0,0.6666666666666666,34,0.725705329153605,6,0.5,0,0
8378563200,2016-04-29,sleep,1,0.5686813186813187,0.5686813186813187,0.56,0.5837912087912088,17,0.5,0,0.5837912087912088,17,0.8,6,0.5,0,0
8378563200,2016-04-29,steps,0,0.4618181818181818,0.4618181818181818,0.46551724137931033,0.6504132231404959,17,0.5,0,0.6745920745920746,34,0.7570532915360502,6,0.5,0,0
8378563200,2016-04-30,exercise,0,0.4,0.4,0.4351851851851852,0.6086956521739131,18,0.5,0,0.6341463414634146,36,0.6523569023569024,6,0.5,0,0
8378563200,2016-04-30,sleep,1,0.5686813186813187,0.5686813186813187,0.5102040816326531,0.601887243191591,18,0.5,0,0.601887243191591,18,0.686456400742115,6,0.5,0,0
8378563200,2016-04-30,steps,0,0.4618181818181818,0.4618181818181818,0.5,0.6221343873517786,18,0.5,0,0.6416851441241685,36,0.6818181818181818,6,0.5,0,0
8378563200,2016-05-01,steps,1,0.4618181818181818,0.4618181818181818,0.3619047619047619,0.5962121212121212,19,0.5,0,0.6118393234672305,38,0.25541125541125537,6,0.5,0,0
8378563200,2016-05-01,sleep,1,0.5686813186813187,0.5686813186813187,0.6875,0.6184752747252747,19,0.5,0,0.6184752747252747,19,0.4034090909090909,6,0.5,0,0
8378563200,2016-05-01,exercise,1,0.4,0.4,0.3142857142857143,0.5833333333333334,19,0.5,0,0.6046511627906976,38,0.23376623376623373,6,0.5,0,0
8378563200,2016-05-02,exercise,1,0.4,0.4,0.4095238095238095,0.6,20,0.5,0,0.6222222222222222,40,0.5497835497835498,6,0.5,0,3
8378563200,2016-05-02,sleep,0,0.5686813186813187,0.5686813186813187,0.65,0.6337362637362637,20,0.5,0,0.6337362637362637,20,0.6590909090909091,6,0.5,0,3
8378563200,2016-05-02,steps,0,0.4618181818181818,0.4618181818181818,0.5142857142857142,0.6123636363636363,20,0.5,0,0.629090909090909,40,0.5974025974025974,6,0.5,0,3
8378563200,2016-05-03,exercise,1,0.4,0.4,0.4461538461538462,0.6153846153846154,21,0.5,0,0.6170212765957447,42,0.6593406593406593,9,0.5,0,0
8378563200,2016-05-03,sleep,1,0.5686813186813187,0.5686813186813187,0.423728813559322,0.6093617920540997,21,0.5,0,0.6093617920540997,21,0.6513317191283292,9,0.5,0,0
8378563200,2016-05-03,steps,0,0.4618181818181818,0.4618181818181818,0.49230769230769234,0.5888111888111888,21,0.5,0,0.6235976789168278,42,0.6758241758241759,9,0.5,0,0
8378563200,2016-05-04,exercise,1,0.4,0.4,0.44360902255639095,0.6296296296296297,22,0.5,0,0.6122448979591837,44,0.5155746509129967,9,0.5,0,0
8378563200,2016-05-04,sleep,0,0.5686813186813187,0.5686813186813187,0.6885245901639344,0.6238298738298738,22,0.5,0,0.6238298738298738,22,0.6030444964871194,9,0.5,0,0
8378563200,2016-05-04,steps,0,0.4618181818181818,0.4618181818181818,0.43609022556390975,0.567003367003367,22,0.5,0,0.6185528756957328,44,0.5128893662728249,9,0.5,0,0
8378563200,2016-05-05,steps,1,0.4618181818181818,0.4618181818181818,0.4609375,0.5467532467532468,23,0.5,0,0.613903743315508,46,0.5931919642857143,9,0.5,0,0
8378563200,2016-05-05,exercise,1,0.4,0.4,0.34375,0.6428571428571429,23,0.5,0,0.6078431372549019,46,0.5513392857142857,9,0.5,0,0
8378563200,2016-05-05,sleep,1,0.5686813186813187,0.5686813186813187,0.49122807017543857,0.6015502354788068,23,0.5,0,0.6015502354788068,23,0.6040100250626566,9,0.5,0,0
8378563200,2016-05-06,exercise,1,0.4,0.4,0.39655172413793105,0.6551724137931034,24,0.5,0,0.6226415094339622,48,0.6416256157635468,9,0.5,0,3
8378563200,2016-05-06,sleep,0,0.5686813186813187,0.5686813186813187,0.56,0.6152898825312618,24,0.5,0,0.6152898825312618,24,0.7000000000000001,9,0.5,0,3
8378563200,2016-05-06,steps,0,0.4618181818181818,0.4618181818181818,0.46551724137931033,0.5623824451410658,24,0.5,0,0.6284734133790738,48,0.666256157635468,9,0.5,0,3
8378563200,2016-05-07,exercise,0,0.4,0.4,0.4351851851851852,0.6666666666666666,25,0.5,0,0.6181818181818182,50,0.583994708994709,9,0.5,0,0
8378563200,2016-05-07,sleep,0,0.5686813186813187,0.5686813186813187,0.5102040816326531,0.5947802197802197,25,0.5,0,0.5947802197802197,25,0.6107871720116618,9,0.5,0,0
8378563200,2016-05-07,steps,0,0.4618181818181818,0.4618181818181818,0.5,0.5436363636363636,25,0.5,0,0.6238016528925621,50,0.6071428571428571,9,0.5,0,0
8378563200,2016-05-08,steps,0,0.4618181818181818,0.4618181818181818,0.3619047619047619,0.5260997067448681,26,0.5,0,0.6019138755980862,52,0.4149659863945578,9,0.5,0,0
8378563200,2016-05-08,exercise,0,0.4,0.4,0.3142857142857143,0.6451612903225806,26,0.5,0,0.5964912280701754,52,0.3979591836734694,9,0.5,0,0
8378563200,2016-05-08,sleep,1,0.5686813186813187,0.5686813186813187,0.6875,0.5755937610776319,26,0.5,0,0.5755937610776319,26,0.53125,9,0.5,0,0
8378563200,2016-05-09,steps,0,0.4618181818181818,0.4618181818181818,0.5142857142857142,0.5096590909090909,27,0.5,0,0.5815100154083206,54,0.5408163265306122,9,0.5,0,1
8378563200,2016-05-09,exercise,1,0.4,0.4,0.4095238095238095,0.625,27,0.5,0,0.576271186440678,54,0.5034013605442177,9,0.5,0,1
8378563200,2016-05-09,sleep,0,0.5686813186813187,0.5686813186813187,0.65,0.588856456043956,27,0.5,0,0.588856456043956,27,0.5892857142857143,9,0.5,0,1
8378563200,2016-05-10,exercise,1,0.4,0.4,0.4461538461538462,0.6363636363636364,28,0.5,0,0.5737704918032787,56,0.6606334841628959,12,0.5,0,0
8378563200,2016-05-10,sleep,0,0.5686813186813187,0.5686813186813187,0.423728813559322,0.5710123210123209,28,0.5,0,0.5710123210123209,28,0.654037886340977,12,0.5,0,0
8378563200,2016-05-10,steps,0,0.4618181818181818,0.4618181818181818,0.49230769230769234,0.49421487603305786,28,0.5,0,0.5788375558867362,56,0.6742081447963801,12,0.5,0,0
8378563200,2016-05-11,sleep,0,0.5686813186813187,0.5686813186813187,0.6885245901639344,0.5542178409825468,29,0.5,0,0.5542178409825468,29,0.5554484088717454,12,0.5,0,0
8378563200,2016-05-11,exercise,1,0.4,0.4,0.44360902255639095,0.6470588235294118,29,0.5,0,0.5714285714285714,58,0.4834144183989385,12,0.5,0,0
8378563200,2016-05-11,steps,0,0.4618181818181818,0.4618181818181818,0.43609022556390975,0.47967914438502673,29,0.5,0,0.5763347763347764,58,0.48120300751879697,12,0.5,0,0
8378563200,2016-05-12,sleep,1,0.5686813186813187,0.5686813186813187,0.49122807017543857,0.5383830455259027,30,0.5,0,0.5383830455259027,30,0.673890608875129,12,0.5,0,0
8378563200,2016-05-12,exercise,0,0.4,0.4,0.34375,0.6571428571428571,30,0.5,0,0.5692307692307692,60,0.6305147058823529,12,0.5,0,0
8378563200,2016-05-12,steps,0,0.4618181818181818,0.4618181818181818,0.4609375,0.465974025974026,30,0.5,0,0.573986013986014,60,0.6649816176470589,12,0.5,0,0
8583815059,2016-04-12,exercise,0,0.4043321299638989,0.4043321299638989,0.4580152671755725,0.4043321299638989,0,0.5,0,0.4043321299638989,0,0.4580152671755725,0,0.5,0,0
8583815059,2016-04-12,steps,1,0.4657039711191336,0.4657039711191336,0.48091603053435117,0.4657039711191336,0,0.5,0,0.4657039711191336,0,0.48091603053435117,0,0.5,0,0
8583815059,2016-04-13,exercise,1,0.4043321299638989,0.4043321299638989,0.44776119402985076,0.3369434416365824,1,0.5,0,0.43166580711707064,2,0.44776119402985076,0,0.5,0,1
8583815059,2016-04-13,steps,0,0.4657039711191336,0.4657039711191336,0.44029850746268656,0.5547533092659447,1,0.5,0,0.47550283651366687,2,0.44029850746268656,0,0.5,0,1
8583815059,2016-04-14,exercise,0,0.4043321299638989,0.4043321299638989,0.35658914728682173,0.43166580711707064,2,0.5,0,0.4468511833132772,4,0.35658914728682173,0,0.5,0,0
8583815059,2016-04-14,steps,0,0.4657039711191336,0.4657039711191336,0.46511627906976744,0.47550283651366687,2,0.5,0,0.4809466506217409,4,0.46511627906976744,0,0.5,0,0
8583815059,2016-04-15,exercise,0,0.4043321299638989,0.4043321299638989,0.39655172413793105,0.3777075812274368,3,0.5,0,0.3656055136199541,6,0.39655172413793105,0,0.5,0,0
8583815059,2016-04-15,steps,0,0.4657039711191336,0.4657039711191336,0.46551724137931033,0.4160649819494585,3,0.5,0,0.39350180505415167,6,0.46551724137931033,0,0.5,0,0
8583815059,2016-04-18,exercise,0,0.4043321299638989,0.4043321299638989,0.4339622641509434,0.33574007220216606,4,0.5,0,0.30935851152457655,8,0.4339622641509434,0,0.5,0,0
8583815059,2016-04-18,steps,0,0.4657039711191336,0.4657039711191336,0.5283018867924528,0.3698355395106298,4,0.5,0,0.3329630658150514,8,0.5283018867924528,0,0.5,0,0
8583815059,2016-04-19,exercise,1,0.4043321299638989,0.4043321299638989,0.4580152671755725,0.3021660649819494,5,0.5,0,0.2681107099879663,10,0.47001090512540894,2,0.5,0,0
8583815059,2016-04-19,steps,1,0.4657039711191336,0.4657039711191336,0.48091603053435117,0.3328519855595668,5,0.5,0,0.28856799037304454,10,0.48636859323882226,2,0.5,0,0
8583815059,2016-04-20,steps,0,0.4657039711191336,0.4657039711191336,0.44029850746268656,0.39350180505415167,6,0.5,0,0.3722658738585687,12,0.4573560767590618,2,0.5,0,2
8583815059,2016-04-20,exercise,0,0.4043321299638989,0.4043321299638989,0.44776119402985076,0.3656055136199541,6,0.5,0,0.3542153323423232,12,0.46268656716417916,2,0.5,0,2
8583815059,2016-04-21,exercise,1,0.4043321299638989,0.4043321299638989,0.35658914728682173,0.3351383874849579,7,0.5,0,0.31692950788523655,14,0.2547065337763012,2,0.5,0,0
8583815059,2016-04-21,steps,1,0.4657039711191336,0.4657039711191336,0.46511627906976744,0.36070998796630566,7,0.5,0,0.333079992399772,14,0.33222591362126247,2,0.5,0,0
8583815059,2016-04-22,exercise,1,0.4043321299638989,0.4043321299638989,0.39655172413793105,0.3862815884476535,8,0.5,0,0.381983840467595,16,0.2832512315270936,2,0.5,0,2
8583815059,2016-04-22,steps,1,0.4657039711191336,0.4657039711191336,0.46551724137931033,0.4098861427381283,8,0.5,0,0.39659618359979376,16,0.33251231527093594,2,0.5,0,2
8583815059,2016-04-23,exercise,1,0.4043321299638989,0.4043321299638989,0.42201834862385323,0.43011861784424965,9,0.5,0,0.43572437607910847,18,0.42201834862385323,0,0.5,0,4
8583815059,2016-04-23,steps,0,0.4657039711191336,0.4657039711191336,0.5137614678899083,0.45203713254254774,9,0.5,0,0.4490660806780726,18,0.5137614678899083,0,0.5,0,4
8583815059,2016-04-24,exercise,1,0.4043321299638989,0.4043321299638989,0.3018867924528302,0.46811070998796633,10,0.5,0,0.4408664259927798,20,0.3018867924528302,0,0.5,0,0
8583815059,2016-04-24,steps,0,0.4657039711191336,0.4657039711191336,0.36792452830188677,0.4219013237063779,10,0.5,0,0.45314079422382675,20,0.36792452830188677,0,0.5,0,0
8583815059,2016-04-25,exercise,0,0.4043321299638989,0.4043321299638989,0.4339622641509434,0.5013537906137184,11,0.5,0,0.4452466907340554,22,0.30997304582210244,2,0.5,0,0
8583815059,2016-04-25,steps,0,0.4657039711191336,0.4657039711191336,0.5283018867924528,0.39553249097472926,11,0.5,0,0.4566118465035433,22,0.3773584905660377,2,0.5,0,0
8583815059,2016-04-26,steps,1,0.4657039711191336,0.4657039711191336,0.48091603053435117,0.3722658738585687,12,0.5,0,0.42512137433088515,24,0.6005089058524172,4,0.5,0,0
8583815059,2016-04-26,exercise,1,0.4043321299638989,0.4043321299638989,0.4580152671755725,0.47186239116585266,12,0.5,0,0.41454002240756876,24,0.5877862595419847,4,0.5,0,0
8583815059,2016-04-27,exercise,1,0.4043321299638989,0.4043321299638989,0.44776119402985076,0.5012033694344163,13,0.5,0,0.452311633865145,26,0.3598673300165838,4,0.5,0,2
8583815059,2016-04-27,steps,0,0.4657039711191336,0.4657039711191336,0.44029850746268656,0.40713999197753714,13,0.5,0,0.46221031792244094,26,0.35572139303482586,4,0.5,0,2
8583815059,2016-04-28,exercise,0,0.4043321299638989,0.4043321299638989,0.35658914728682173,0.5274558236747102,14,0.5,0,0.455201837873318,28,0.42032730404823426,4,0.5,0,0
8583815059,2016-04-28,steps,0,0.4657039711191336,0.4657039711191336,0.46511627906976744,0.3857115713471404,14,0.5,0,0.46450060168471724,28,0.48062015503875977,4,0.5,0,0
8583815059,2016-04-29,exercise,1,0.4043321299638989,0.4043321299638989,0.39655172413793105,0.5010830324909747,15,0.5,0,0.429190304280557,30,0.4425287356321839,4,0.5,0,0
8583815059,2016-04-29,steps,1,0.4657039711191336,0.4657039711191336,0.46551724137931033,0.3664259927797834,15,0.5,0,0.4379577101598763,30,0.48084291187739464,4,0.5,0,0
8583815059,2016-04-30,exercise,1,0.4043321299638989,0.4043321299638989,0.42201834862385323,0.5248409833247378,16,0.5,0,0.4600448824275539,32,0.4442988204456095,2,0.5,0,2
8583815059,2016-04-30,steps,0,0.4657039711191336,0.4657039711191336,0.5137614678899083,0.39659618359979376,16,0.5,0,0.4683383744755586,32,0.5098296199213631,2,0.5,0,2
8583815059,2016-05-01,exercise,0,0.4043321299638989,0.4043321299638989,0.3018867924528302,0.5464391204463407,17,0.5,0,0.4620938628158845,34,0.3584905660377358,2,0.5,0,0
8583815059,2016-05-01,steps,0,0.4657039711191336,0.4657039711191336,0.36792452830188677,0.37856908434525766,17,0.5,0,0.46996204757937615,34,0.40566037735849053,2,0.5,0,0
8583815059,2016-05-05,steps,1,0.4657039711191336,0.4657039711191336,0.46511627906976744,0.36210955893894214,18,0.5,0,0.44703706964867485,36,0.3932346723044398,6,0.5,0,0
8583815059,2016-05-05,exercise,0,0.4043321299638989,0.4043321299638989,0.35658914728682173,0.5226808978182389,18,0.5,0,0.4395526987760852,36,0.3439041578576462,6,0.5,0,0
8583815059,2016-05-06,exercise,1,0.4043321299638989,0.4043321299638989,0.39655172413793105,0.5009025270758123,19,0.5,0,0.44236420115859293,38,0.5438871473354232,6,0.5,0,0
8583815059,2016-05-06,steps,0,0.4657039711191336,0.4657039711191336,0.46551724137931033,0.3886883273164862,19,0.5,0,0.4495004617580388,38,0.5752351097178683,6,0.5,0,0
8583815059,2016-05-07,exercise,0,0.4043321299638989,0.4043321299638989,0.42201834862385323,0.5208664259927798,20,0.5,0,0.444925792218211,40,0.45667686034658517,4,0.5,0,0
8583815059,2016-05-07,steps,0,0.4657039711191336,0.4657039711191336,0.5137614678899083,0.37314079422382673,20,0.5,0,0.45174488567990373,40,0.507645259938838,4,0.5,0,0
8583815059,2016-05-08,exercise,1,0.4043321299638989,0.4043321299638989,0.3018867924528302,0.5008331019161344,21,0.5,0,0.4259927797833935,42,0.27882599580712786,4,0.5,0,0
8583815059,2016-05-08,steps,0,0.4657039711191336,0.4657039711191336,0.36792452830188677,0.35878922521521805,21,0.5,0,0.432521699055227,42,0.31551362683438156,4,0.5,0,0
8583815059,2016-05-09,exercise,1,0.4043321299638989,0.4043321299638989,0.4339622641509434,0.5193207648081294,22,0.5,0,0.42901348264937744,44,0.24109014675052412,4,0.5,0,0
8583815059,2016-05-09,steps,0,0.4657039711191336,0.4657039711191336,0.5283018867924528,0.3455007353924322,22,0.5,0,0.4352759154203198,44,0.29350104821802936,4,0.5,0,0
8583815059,2016-05-10,exercise,1,0.4043321299638989,0.4043321299638989,0.4580152671755725,0.5364878803506963,23,0.5,0,0.4317972676435195,46,0.6627342123525329,6,0.5,0,0
8583815059,2016-05-10,steps,1,0.4657039711191336,0.4657039711191336,0.48091603053435117,0.333161423414131,23,0.5,0,0.43781411481560134,46,0.6731436502428868,6,0.5,0,0
8583815059,2016-05-11,exercise,1,0.4043321299638989,0.4043321299638989,0.44776119402985076,0.5524710568903274,24,0.5,0,0.4532388801852735,48,0.38534599728629587,6,0.5,0,2
8583815059,2016-05-11,steps,0,0.4657039711191336,0.4657039711191336,0.44029850746268656,0.3561558570895058,24,0.5,0,0.459028676520673,48,0.3819538670284939,6,0.5,0,2
8792009665,2016-04-12,exercise,0,0.41816009557945044,0.41816009557945044,0.4772727272727273,0.41816009557945044,0,0.5,0,0.41816009557945044,0,0.4772727272727273,0,0.5,0,0
8792009665,2016-04-12,sleep,1,0.5631578947368421,0.5631578947368421,0.4032258064516129,0.5631578947368421,0,0.5,0,0.5631578947368421,0,0.4032258064516129,0,0.5,0,0
8792009665,2016-04-12,steps,0,0.47072879330943845,0.47072879330943845,0.5075757575757576,0.47072879330943845,0,0.5,0,0.47072879330943845,0,0.5075757575757576,0,0.5,0,0
8792009665,2016-04-13,exercise,0,0.41816009557945044,0.41816009557945044,0.4701492537313433,0.3484667463162087,1,0.5,0,0.2986857825567503,2,0.4701492537313433,0,0.5,0,0
8792009665,2016-04-13,sleep,1,0.5631578947368421,0.5631578947368421,0.6451612903225806,0.6359649122807017,1,0.5,0,0.6359649122807017,1,0.6451612903225806,0,0.5,0,0
8792009665,2016-04-13,steps,0,0.47072879330943845,0.47072879330943845,0.44029850746268656,0.3922739944245321,1,0.5,0,0.3362348523638846,2,0.44029850746268656,0,0.5,0,0
8792009665,2016-04-14,exercise,0,0.41816009557945044,0.41816009557945044,0.36153846153846153,0.2986857825567503,2,0.5,0,0.2323111642108058,4,0.36153846153846153,0,0.5,0,0
8792009665,2016-04-14,sleep,1,0.5631578947368421,0.5631578947368421,0.5166666666666667,0.6879699248120301,2,0.5,0,0.6879699248120301,2,0.5166666666666667,0,0.5,0,0
8792009665,2016-04-14,steps,0,0.47072879330943845,0.47072879330943845,0.47692307692307695,0.3362348523638846,2,0.5,0,0.26151599628302136,4,0.47692307692307695,0,0.5,0,0
8792009665,2016-04-15,exercise,0,0.41816009557945044,0.41816009557945044,0.4188034188034188,0.2613500597371565,3,0.5,0,0.19007277071793202,6,0.4188034188034188,0,0.5,0,0
8792009665,2016-04-15,sleep,1,0.5631578947368421,0.5631578947368421,0.5882352941176471,0.7269736842105263,3,0.5,0,0.7269736842105263,3,0.5882352941176471,0,0.5,0,0
8792009665,2016-04-15,steps,0,0.47072879330943845,0.47072879330943845,0.4700854700854701,0.29420549581839905,3,0.5,0,0.21396763332247204,6,0.4700854700854701,0,0.5,0,0
8792009665,2016-04-16,steps,0,0.47072879330943845,0.47072879330943845,0.5137614678899083,0.26151599628302136,4,0.5,0,0.18104953588824557,8,0.5137614678899083,0,0.5,0,0
8792009665,2016-04-16,exercise,0,0.41816009557945044,0.41816009557945044,0.43119266055045874,0.2323111642108058,4,0.5,0,0.16083080599209632,8,0.43119266055045874,0,0.5,0,0
8792009665,2016-04-20,exercise,0,0.41816009557945044,0.41816009557945044,0.4701492537313433,0.20908004778972522,5,0.5,0,0.13938669852648347,10,0.41884328358208955,3,0.5,0,0
8792009665,2016-04-20,sleep,1,0.5631578947368421,0.5631578947368421,0.6451612903225806,0.7573099415204678,4,0.5,0,0.7573099415204678,4,0.5282258064516129,3,0.5,0,0
8792009665,2016-04-20,steps,0,0.47072879330943845,0.47072879330943845,0.44029850746268656,0.23536439665471925,5,0.5,0,0.15690959776981284,10,0.4001865671641791,3,0.5,0,0
8792009665,2016-04-21,exercise,0,0.41816009557945044,0.41816009557945044,0.36153846153846153,0.19007277071793202,6,0.5,0,0.12298826340572072,12,0.35096153846153844,3,0.5,0,0
8792009665,2016-04-21,steps,0,0.47072879330943845,0.47072879330943845,0.47692307692307695,0.21396763332247204,6,0.5,0,0.13844964509101132,12,0.4230769230769231,3,0.5,0,0
8792009665,2016-04-22,exercise,0,0.41816009557945044,0.41816009557945044,0.4188034188034188,0.17423337315810436,7,0.5,0,0.11004213041564485,14,0.38675213675213677,3,0.5,0,0
8792009665,2016-04-22,sleep,0,0.5631578947368421,0.5631578947368421,0.5882352941176471,0.781578947368421,5,0.5,0,0.781578947368421,5,0.49264705882352944,3,0.5,0,0
8792009665,2016-04-22,steps,0,0.47072879330943845,0.47072879330943845,0.4700854700854701,0.19613699721226605,7,0.5,0,0.12387599823932592,14,0.4188034188034188,3,0.5,0,0
8792009665,2016-04-23,exercise,0,0.41816009557945044,0.41816009557945044,0.43119266055045874,0.16083080599209632,8,0.5,0,0.09956192751891677,16,0.30799475753604194,2,0.5,0,0
8792009665,2016-04-23,sleep,0,0.5631578947368421,0.5631578947368421,0.5490196078431373,0.7105263157894737,6,0.5,0,0.7105263157894737,6,0.39215686274509803,2,0.5,0,0
8792009665,2016-04-23,steps,0,0.47072879330943845,0.47072879330943845,0.5137614678899083,0.18104953588824557,8,0.5,0,0.11207828412129488,16,0.3669724770642202,2,0.5,0,0
8792009665,2016-04-24,steps,0,0.47072879330943845,0.47072879330943845,0.3644859813084112,0.1681174261819423,9,0.5,0,0.10233234637161706,18,0.3644859813084112,0,0.5,0,0
8792009665,2016-04-24,exercise,0,0.41816009557945044,0.41816009557945044,0.3177570093457944,0.14934289127837516,9,0.5,0,0.09090436860422836,18,0.3177570093457944,0,0.5,0,0
8792009665,2016-04-26,exercise,0,0.41816009557945044,0.41816009557945044,0.4772727272727273,0.13938669852648347,10,0.5,0,0.08363201911589009,20,0.4232954545454546,3,0.5,0,0
8792009665,2016-04-26,steps,0,0.47072879330943845,0.47072879330943845,0.5075757575757576,0.15690959776981284,10,0.5,0,0.0941457586618877,20,0.4422348484848485,3,0.5,0,0
8792009665,2016-04-27,exercise,0,0.41816009557945044,0.41816009557945044,0.4701492537313433,0.13067502986857826,11,0.5,0,0.07743705473693527,22,0.39552238805970147,6,0.5,0,0
8792009665,2016-04-27,sleep,1,0.5631578947368421,0.5631578947368421,0.6451612903225806,0.6513157894736842,7,0.5,0,0.6513157894736842,7,0.47507331378299117,6,0.5,0,0
8792009665,2016-04-27,steps,0,0.47072879330943845,0.47072879330943845,0.44029850746268656,0.14710274790919953,11,0.5,0,0.08717199876100713,22,0.3819538670284939,6,0.5,0,0
8792009665,2016-04-28,exercise,0,0.41816009557945044,0.41816009557945044,0.36153846153846153,0.12298826340572072,12,0.5,0,0.07209656820335353,24,0.28076923076923077,5,0.5,0,0
8792009665,2016-04-28,sleep,0,0.5631578947368421,0.5631578947368421,0.5166666666666667,0.6781376518218624,8,0.5,0,0.6781376518218624,8,0.35833333333333334,5,0.5,0,0
8792009665,2016-04-28,steps,0,0.47072879330943845,0.47072879330943845,0.47692307692307695,0.13844964509101132,12,0.5,0,0.0811601367774894,24,0.3384615384615385,5,0.5,0,0
8792009665,2016-04-29,steps,1,0.47072879330943845,0.47072879330943845,0.4700854700854701,0.13075799814151068,13,0.5,0,0.07592399892087717,26,0.3045843045843046,6,0.5,0,0
8792009665,2016-04-29,exercise,0,0.41816009557945044,0.41816009557945044,0.4188034188034188,0.1161555821054029,13,0.5,0,0.06744517670636298,26,0.2812742812742813,6,0.5,0,0
8792009665,2016-04-29,sleep,0,0.5631578947368421,0.5631578947368421,0.5882352941176471,0.6296992481203008,9,0.5,0,0.6296992481203008,9,0.358288770053476,6,0.5,0,0
8792009665,2016-04-30,steps,0,0.47072879330943845,0.47072879330943845,0.5137614678899083,0.17650757718669433,14,0.5,0,0.10162557474385432,28,0.25688073394495414,5,0.5,0,0
8792009665,2016-04-30,sleep,0,0.5631578947368421,0.5631578947368421,0.5490196078431373,0.5877192982456141,10,0.5,0,0.5877192982456141,10,0.27450980392156865,5,0.5,0,0
8792009665,2016-04-30,exercise,1,0.41816009557945044,0.41816009557945044,0.43119266055045874,0.11004213041564485,14,0.5,0,0.09366062054234098,28,0.21559633027522937,5,0.5,0,0
8792009665,2016-05-01,exercise,0,0.41816009557945044,0.41816009557945044,0.3177570093457944,0.1545400238948626,15,0.5,0,0.11688001365420721,30,0.22696929238985314,2,0.5,0,1
8792009665,2016-05-01,sleep,1,0.5631578947368421,0.5631578947368421,0.6862745098039216,0.5509868421052632,11,0.5,0,0.5509868421052632,11,0.4901960784313726,2,0.5,0,1
8792009665,2016-05-01,steps,0,0.47072879330943845,0.47072879330943845,0.3644859813084112,0.16768219832735962,15,0.5,0,0.12438982761563407,30,0.26034712950600797,2,0.5,0,1
8792009665,2016-05-02,exercise,0,0.41816009557945044,0.41816009557945044,0.4351851851851852,0.14718097513796438,16,0.5,0,0.11056217507830411,32,0.4351851851851852,0,0.5,0,0
8792009665,2016-05-02,sleep,1,0.5631578947368421,0.5631578947368421,0.5813953488372093,0.5773993808049536,12,0.5,0,0.5773993808049536,12,0.5813953488372093,0,0.5,0,0
8792009665,2016-05-02,steps,0,0.47072879330943845,0.47072879330943845,0.5185185185185185,0.1596973317403425,16,0.5,0,0.11766605314992412,32,0.5185185185185185,0,0.5,0,0
8792009665,2016-05-03,sleep,1,0.5631578947368421,0.5631578947368421,0.4032258064516129,0.6008771929824561,13,0.5,0,0.6008771929824561,13,0.3016129032258065,5,0.5,0,0
8792009665,2016-05-03,exercise,0,0.41816009557945044,0.41816009557945044,0.4772727272727273,0.14049093081351147,17,0.5,0,0.10489231994608339,34,0.3386363636363637,5,0.5,0,0
8792009665,2016-05-03,steps,0,0.47072879330943845,0.47072879330943845,0.5075757575757576,0.15243836211578146,17,0.5,0,0.11163189657813313,34,0.3537878787878788,5,0.5,0,0
8792009665,2016-05-04,sleep,1,0.5631578947368421,0.5631578947368421,0.6451612903225806,0.6218836565096953,14,0.5,0,0.6218836565096953,14,0.44470046082949305,9,0.5,0,0
8792009665,2016-05-04,exercise,0,0.41816009557945044,0.41816009557945044,0.4701492537313433,0.13438262947379356,18,0.5,0,0.0997756214121281,36,0.3821961620469083,9,0.5,0,0
8792009665,2016-05-04,steps,0,0.47072879330943845,0.47072879330943845,0.44029850746268656,0.14581060724118228,18,0.5,0,0.10618643820846811,36,0.3715351812366738,9,0.5,0,0
8877689391,2016-04-12,exercise,1,0.3939393939393939,0.3939393939393939,0.45384615384615384,0.3939393939393939,0,0.5,0,0.3939393939393939,0,0.45384615384615384,0,0.5,0,0
8877689391,2016-04-12,steps,1,0.4484848484848485,0.4484848484848485,0.5,0.4484848484848485,0,0.5,0,0.4484848484848485,0,0.5,0,0.5,0,0
8877689391,2016-04-13,exercise,1,0.3939393939393939,0.3939393939393939,0.43609022556390975,0.494949494949495,1,0.5,0,0.5670995670995671,2,0.43609022556390975,0,0.5,0,2
8877689391,2016-04-13,steps,1,0.4484848484848485,0.4484848484848485,0.40601503759398494,0.5404040404040403,1,0.5,0,0.6060606060606061,2,0.40601503759398494,0,0.5,0,2
8877689391,2016-04-14,exercise,1,0.3939393939393939,0.3939393939393939,0.3359375,0.5670995670995671,2,0.5,0,0.6632996632996633,4,0.3359375,0,0.5,0,4
8877689391,2016-04-14,steps,1,0.4484848484848485,0.4484848484848485,0.453125,0.6060606060606061,2,0.5,0,0.6936026936026936,4,0.453125,0,0.5,0,4
8877689391,2016-04-15,exercise,1,0.3939393939393939,0.3939393939393939,0.39655172413793105,0.6212121212121212,3,0.5,0,0.7245179063360881,6,0.39655172413793105,0,0.5,0,6
8877689391,2016-04-15,steps,1,0.4484848484848485,0.4484848484848485,0.4482758620689655,0.6553030303030303,3,0.5,0,0.7493112947658402,6,0.4482758620689655,0,0.5,0,6
8877689391,2016-04-16,exercise,1,0.3939393939393939,0.3939393939393939,0.4074074074074074,0.6632996632996633,4,0.5,0,0.7668997668997668,8,0.4074074074074074,0,0.5,0,8
8877689391,2016-04-16,steps,1,0.4484848484848485,0.4484848484848485,0.48148148148148145,0.6936026936026936,4,0.5,0,0.7878787878787878,8,0.48148148148148145,0,0.5,0,8
8877689391,2016-04-17,exercise,1,0.3939393939393939,0.3939393939393939,0.29523809523809524,0.696969696969697,5,0.5,0,0.7979797979797979,10,0.29523809523809524,0,0.5,0,10
8877689391,2016-04-17,steps,1,0.4484848484848485,0.4484848484848485,0.34285714285714286,0.7242424242424242,5,0.5,0,0.8161616161616162,10,0.34285714285714286,0,0.5,0,10
8877689391,2016-04-18,exercise,1,0.3939393939393939,0.3939393939393939,0.41904761904761906,0.7245179063360881,6,0.5,0,0.8217468805704099,12,0.41904761904761906,0,0.5,0,12
8877689391,2016-04-18,steps,1,0.4484848484848485,0.4484848484848485,0.5047619047619047,0.7493112947658402,6,0.5,0,0.8377896613190731,12,0.5047619047619047,0,0.5,0,12
8877689391,2016-04-19,steps,1,0.4484848484848485,0.4484848484848485,0.5,0.7702020202020202,7,0.5,0,0.8548644338118022,14,0.6428571428571429,2,0.5,0,14
8877689391,2016-04-19,exercise,1,0.3939393939393939,0.3939393939393939,0.45384615384615384,0.7474747474747474,7,0.5,0,0.8405103668261562,14,0.6098901098901098,2,0.5,0,14
8877689391,2016-04-20,exercise,1,0.3939393939393939,0.3939393939393939,0.43609022556390975,0.7668997668997668,8,0.5,0,0.8556998556998556,16,0.5972073039742212,2,0.5,0,16
8877689391,2016-04-20,steps,1,0.4484848484848485,0.4484848484848485,0.40601503759398494,0.7878787878787878,8,0.5,0,0.8686868686868687,16,0.5757250268528463,2,0.5,0,16
8877689391,2016-04-21,exercise,1,0.3939393939393939,0.3939393939393939,0.3359375,0.7835497835497834,9,0.5,0,0.8682476943346508,18,0.5256696428571429,2,0.5,0,18
8877689391,2016-04-21,steps,1,0.4484848484848485,0.4484848484848485,0.453125,0.803030303030303,9,0.5,0,0.8801054018445322,18,0.609375,2,0.5,0,18
8877689391,2016-04-22,exercise,1,0.3939393939393939,0.3939393939393939,0.39655172413793105,0.7979797979797979,10,0.5,0,0.8787878787878788,20,0.5689655172413793,2,0.5,0,20
8877689391,2016-04-22,steps,1,0.4484848484848485,0.4484848484848485,0.4482758620689655,0.8161616161616162,10,0.5,0,0.8896969696969697,20,0.605911330049261,2,0.5,0,20
8877689391,2016-04-23,exercise,1,0.3939393939393939,0.3939393939393939,0.4074074074074074,0.8106060606060606,11,0.5,0,0.8877665544332211,22,0.5767195767195766,2,0.5,0,22
8877689391,2016-04-23,steps,1,0.4484848484848485,0.4484848484848485,0.48148148148148145,0.8276515151515151,11,0.5,0,0.8978675645342312,22,0.6296296296296297,2,0.5,0,22
8877689391,2016-04-24,exercise,1,0.3939393939393939,0.3939393939393939,0.29523809523809524,0.8217468805704099,12,0.5,0,0.8955067920585161,24,0.4965986394557823,2,0.5,0,24
8877689391,2016-04-24,steps,1,0.4484848484848485,0.4484848484848485,0.34285714285714286,0.8377896613190731,12,0.5,0,0.9049111807732497,24,0.5306122448979592,2,0.5,0,24
8877689391,2016-04-25,exercise,1,0.3939393939393939,0.3939393939393939,0.41904761904761906,0.8316498316498316,13,0.5,0,0.9022482893450635,26,0.5850340136054422,2,0.5,0,26
8877689391,2016-04-25,steps,1,0.4484848484848485,0.4484848484848485,0.5047619047619047,0.8468013468013468,13,0.5,0,0.9110459433040078,26,0.6462585034013605,2,0.5,0,26
8877689391,2016-04-26,steps,0,0.4484848484848485,0.4484848484848485,0.5,0.8548644338118022,14,0.5,0,0.9164370982552801,28,0.7222222222222222,4,0.5,0,28
8877689391,2016-04-26,exercise,0,0.3939393939393939,0.3939393939393939,0.45384615384615384,0.8405103668261562,14,0.5,0,0.9081726354453626,28,0.6965811965811965,4,0.5,0,28
8877689391,2016-04-27,steps,1,0.4484848484848485,0.4484848484848485,0.40601503759398494,0.8121212121212121,15,0.5,0,0.8640692640692641,30,0.6700083542188805,4,0.5,0,0
8877689391,2016-04-27,exercise,1,0.3939393939393939,0.3939393939393939,0.43609022556390975,0.7984848484848485,15,0.5,0,0.8562770562770563,30,0.6867167919799498,4,0.5,0,0
8877689391,2016-04-28,exercise,1,0.3939393939393939,0.3939393939393939,0.3359375,0.8080808080808081,16,0.5,0,0.864045864045864,32,0.6310763888888888,4,0.5,0,2
8877689391,2016-04-28,steps,1,0.4484848484848485,0.4484848484848485,0.453125,0.8210678210678211,16,0.5,0,0.8714168714168714,32,0.6961805555555556,4,0.5,0,2
8877689391,2016-04-29,exercise,0,0.3939393939393939,0.3939393939393939,0.39655172413793105,0.8168044077134986,17,0.5,0,0.871017871017871,34,0.6647509578544061,4,0.5,0,4
8877689391,2016-04-29,steps,1,0.4484848484848485,0.4484848484848485,0.4482758620689655,0.8292011019283746,17,0.5,0,0.878010878010878,34,0.6934865900383141,4,0.5,0,4
8877689391,2016-04-30,exercise,1,0.3939393939393939,0.3939393939393939,0.4074074074074074,0.7812911725955204,18,0.5,0,0.8529194382852919,36,0.6707818930041152,4,0.5,0,1
8877689391,2016-04-30,steps,1,0.4484848484848485,0.4484848484848485,0.48148148148148145,0.836627140974967,18,0.5,0,0.8595713229859572,36,0.7119341563786008,4,0.5,0,1
8877689391,2016-05-01,exercise,1,0.3939393939393939,0.3939393939393939,0.29523809523809524,0.7904040404040403,19,0.5,0,0.8597603946441156,38,0.6084656084656085,4,0.5,0,3
8877689391,2016-05-01,steps,0,0.4484848484848485,0.4484848484848485,0.34285714285714286,0.8434343434343434,19,0.5,0,0.8661028893587033,38,0.6349206349206349,4,0.5,0,3
8877689391,2016-05-02,exercise,0,0.3939393939393939,0.3939393939393939,0.41904761904761906,0.7987878787878787,20,0.5,0,0.8437710437710437,40,0.6772486772486772,4,0.5,0,0
8877689391,2016-05-02,steps,0,0.4484848484848485,0.4484848484848485,0.5047619047619047,0.8096969696969697,20,0.5,0,0.8498316498316498,40,0.7248677248677249,4,0.5,0,0
8877689391,2016-05-03,exercise,1,0.3939393939393939,0.3939393939393939,0.45384615384615384,0.768065268065268,21,0.5,0,0.807865892972276,42,0.5699300699300699,6,0.5,0,0
8877689391,2016-05-03,steps,0,0.4484848484848485,0.4484848484848485,0.5,0.7785547785547785,21,0.5,0,0.8136686009026435,42,0.5909090909090909,6,0.5,0,0
8877689391,2016-05-04,exercise,1,0.3939393939393939,0.3939393939393939,0.43609022556390975,0.77665544332211,22,0.5,0,0.795299938157081,44,0.7436773752563226,6,0.5,0,0
8877689391,2016-05-04,steps,1,0.4484848484848485,0.4484848484848485,0.40601503759398494,0.7497194163860831,22,0.5,0,0.8008658008658008,44,0.7300068352699931,6,0.5,0,0
8877689391,2016-05-05,steps,1,0.4484848484848485,0.4484848484848485,0.453125,0.7586580086580087,23,0.5,0,0.8086749851455733,46,0.7514204545454546,6,0.5,0,2
8877689391,2016-05-05,exercise,1,0.3939393939393939,0.3939393939393939,0.3359375,0.7846320346320346,23,0.5,0,0.8033273915626856,46,0.6981534090909091,6,0.5,0,2
8877689391,2016-05-06,exercise,1,0.3939393939393939,0.3939393939393939,0.39655172413793105,0.7920585161964472,24,0.5,0,0.8107489994282447,48,0.634796238244514,6,0.5,0,4
8877689391,2016-05-06,steps,1,0.4484848484848485,0.4484848484848485,0.4482758620689655,0.7669801462904912,24,0.5,0,0.8158947970268725,48,0.658307210031348,6,0.5,0,4
8877689391,2016-05-07,exercise,1,0.3939393939393939,0.3939393939393939,0.4074074074074074,0.7989898989898989,25,0.5,0,0.8176308539944903,50,0.7306397306397305,6,0.5,0,6
8877689391,2016-05-07,steps,1,0.4484848484848485,0.4484848484848485,0.48148148148148145,0.7747474747474747,25,0.5,0,0.8225895316804408,50,0.7643097643097644,6,0.5,0,6
8877689391,2016-05-08,exercise,0,0.3939393939393939,0.3939393939393939,0.29523809523809524,0.8054740957966764,26,0.5,0,0.8240297713981924,52,0.5887445887445888,6,0.5,0,8
8877689391,2016-05-08,steps,1,0.4484848484848485,0.4484848484848485,0.34285714285714286,0.7820136852394917,26,0.5,0,0.8288144603934078,52,0.6103896103896104,6,0.5,0,8
8877689391,2016-05-09,exercise,1,0.3939393939393939,0.3939393939393939,0.41904761904761906,0.7803030303030303,27,0.5,0,0.8130457113507961,54,0.5541125541125541,6,0.5,0,1
8877689391,2016-05-09,steps,1,0.4484848484848485,0.4484848484848485,0.5047619047619047,0.7888257575757576,27,0.5,0,0.8176682074987159,54,0.5930735930735931,6,0.5,0,1
8877689391,2016-05-10,exercise,1,0.3939393939393939,0.3939393939393939,0.45384615384615384,0.7869605142332414,28,0.5,0,0.8191753601589667,56,0.5591715976331361,8,0.5,0,3
8877689391,2016-05-10,steps,0,0.4484848484848485,0.4484848484848485,0.5,0.7952249770431589,28,0.5,0,0.8236462990561351,56,0.5769230769230769,8,0.5,0,3
8877689391,2016-05-11,exercise,1,0.3939393939393939,0.3939393939393939,0.43609022556390975,0.7932263814616756,29,0.5,0,0.809042809042809,58,0.7831116252168884,8,0.5,0,0
8877689391,2016-05-11,steps,1,0.4484848484848485,0.4484848484848485,0.40601503759398494,0.7718360071301248,29,0.5,0,0.8133718133718134,58,0.7715442452284557,8,0.5,0,0
8877689391,2016-05-12,exercise,0,0.3939393939393939,0.3939393939393939,0.3359375,0.7991341991341991,30,0.5,0,0.8149184149184149,60,0.7445913461538461,8,0.5,0,2
8877689391,2016-05-12,steps,0,0.4484848484848485,0.4484848484848485,0.453125,0.7783549783549784,30,0.5,0,0.8191142191142191,60,0.7896634615384616,8,0.5,0,2
